TimeQuest Timing Analyzer report for sonic
Fri Aug 16 12:30:30 2024
Quartus II 64-Bit Version 13.1.0 Build 162 10/23/2013 SJ Web Edition


---------------------
; Table of Contents ;
---------------------
  1. Legal Notice
  2. TimeQuest Timing Analyzer Summary
  3. Parallel Compilation
  4. Clocks
  5. Slow 1200mV 85C Model Fmax Summary
  6. Timing Closure Recommendations
  7. Slow 1200mV 85C Model Setup Summary
  8. Slow 1200mV 85C Model Hold Summary
  9. Slow 1200mV 85C Model Recovery Summary
 10. Slow 1200mV 85C Model Removal Summary
 11. Slow 1200mV 85C Model Minimum Pulse Width Summary
 12. Slow 1200mV 85C Model Setup: 'inst4|altpll_component|auto_generated|pll1|clk[0]'
 13. Slow 1200mV 85C Model Hold: 'inst4|altpll_component|auto_generated|pll1|clk[0]'
 14. Slow 1200mV 85C Model Minimum Pulse Width: 'clk_in'
 15. Slow 1200mV 85C Model Minimum Pulse Width: 'inst4|altpll_component|auto_generated|pll1|clk[0]'
 16. Clock to Output Times
 17. Minimum Clock to Output Times
 18. Slow 1200mV 85C Model Metastability Report
 19. Slow 1200mV 0C Model Fmax Summary
 20. Slow 1200mV 0C Model Setup Summary
 21. Slow 1200mV 0C Model Hold Summary
 22. Slow 1200mV 0C Model Recovery Summary
 23. Slow 1200mV 0C Model Removal Summary
 24. Slow 1200mV 0C Model Minimum Pulse Width Summary
 25. Slow 1200mV 0C Model Setup: 'inst4|altpll_component|auto_generated|pll1|clk[0]'
 26. Slow 1200mV 0C Model Hold: 'inst4|altpll_component|auto_generated|pll1|clk[0]'
 27. Slow 1200mV 0C Model Minimum Pulse Width: 'clk_in'
 28. Slow 1200mV 0C Model Minimum Pulse Width: 'inst4|altpll_component|auto_generated|pll1|clk[0]'
 29. Clock to Output Times
 30. Minimum Clock to Output Times
 31. Slow 1200mV 0C Model Metastability Report
 32. Fast 1200mV 0C Model Setup Summary
 33. Fast 1200mV 0C Model Hold Summary
 34. Fast 1200mV 0C Model Recovery Summary
 35. Fast 1200mV 0C Model Removal Summary
 36. Fast 1200mV 0C Model Minimum Pulse Width Summary
 37. Fast 1200mV 0C Model Setup: 'inst4|altpll_component|auto_generated|pll1|clk[0]'
 38. Fast 1200mV 0C Model Hold: 'inst4|altpll_component|auto_generated|pll1|clk[0]'
 39. Fast 1200mV 0C Model Minimum Pulse Width: 'clk_in'
 40. Fast 1200mV 0C Model Minimum Pulse Width: 'inst4|altpll_component|auto_generated|pll1|clk[0]'
 41. Clock to Output Times
 42. Minimum Clock to Output Times
 43. Fast 1200mV 0C Model Metastability Report
 44. Multicorner Timing Analysis Summary
 45. Clock to Output Times
 46. Minimum Clock to Output Times
 47. Board Trace Model Assignments
 48. Input Transition Times
 49. Signal Integrity Metrics (Slow 1200mv 0c Model)
 50. Signal Integrity Metrics (Slow 1200mv 85c Model)
 51. Signal Integrity Metrics (Fast 1200mv 0c Model)
 52. Setup Transfers
 53. Hold Transfers
 54. Report TCCS
 55. Report RSKM
 56. Unconstrained Paths
 57. TimeQuest Timing Analyzer Messages



----------------
; Legal Notice ;
----------------
Copyright (C) 1991-2013 Altera Corporation
Your use of Altera Corporation's design tools, logic functions 
and other software and tools, and its AMPP partner logic 
functions, and any output files from any of the foregoing 
(including device programming or simulation files), and any 
associated documentation or information are expressly subject 
to the terms and conditions of the Altera Program License 
Subscription Agreement, Altera MegaCore Function License 
Agreement, or other applicable license agreement, including, 
without limitation, that your use is for the sole purpose of 
programming logic devices manufactured by Altera and sold by 
Altera or its authorized distributors.  Please refer to the 
applicable agreement for further details.



+-------------------------------------------------------------------------+
; TimeQuest Timing Analyzer Summary                                       ;
+--------------------+----------------------------------------------------+
; Quartus II Version ; Version 13.1.0 Build 162 10/23/2013 SJ Web Edition ;
; Revision Name      ; sonic                                              ;
; Device Family      ; Cyclone IV E                                       ;
; Device Name        ; EP4CE6E22C8                                        ;
; Timing Models      ; Final                                              ;
; Delay Model        ; Combined                                           ;
; Rise/Fall Delays   ; Enabled                                            ;
+--------------------+----------------------------------------------------+


+------------------------------------------+
; Parallel Compilation                     ;
+----------------------------+-------------+
; Processors                 ; Number      ;
+----------------------------+-------------+
; Number detected on machine ; 6           ;
; Maximum allowed            ; 6           ;
;                            ;             ;
; Average used               ; 1.00        ;
; Maximum used               ; 6           ;
;                            ;             ;
; Usage by Processor         ; % Time Used ;
;     Processor 1            ; 100.0%      ;
;     Processors 2-6         ; < 0.1%      ;
+----------------------------+-------------+


+------------------------------------------------------------------------------------------------------------------------------------------------------------------------------------------------------------------------------------------------------------------------------------------------------------------------+
; Clocks                                                                                                                                                                                                                                                                                                                 ;
+---------------------------------------------------+-----------+--------+-----------+-------+--------+------------+-----------+-------------+-------+--------+-----------+------------+----------+--------+-----------------------------------------------------+-------------------------------------------------------+
; Clock Name                                        ; Type      ; Period ; Frequency ; Rise  ; Fall   ; Duty Cycle ; Divide by ; Multiply by ; Phase ; Offset ; Edge List ; Edge Shift ; Inverted ; Master ; Source                                              ; Targets                                               ;
+---------------------------------------------------+-----------+--------+-----------+-------+--------+------------+-----------+-------------+-------+--------+-----------+------------+----------+--------+-----------------------------------------------------+-------------------------------------------------------+
; clk_in                                            ; Base      ; 20.000 ; 50.0 MHz  ; 0.000 ; 10.000 ;            ;           ;             ;       ;        ;           ;            ;          ;        ;                                                     ; { clk_in }                                            ;
; inst4|altpll_component|auto_generated|pll1|clk[0] ; Generated ; 28.936 ; 34.56 MHz ; 0.000 ; 14.468 ; 50.00      ; 68        ; 47          ;       ;        ;           ;            ; false    ; clk_in ; inst4|altpll_component|auto_generated|pll1|inclk[0] ; { inst4|altpll_component|auto_generated|pll1|clk[0] } ;
+---------------------------------------------------+-----------+--------+-----------+-------+--------+------------+-----------+-------------+-------+--------+-----------+------------+----------+--------+-----------------------------------------------------+-------------------------------------------------------+


+-----------------------------------------------------------------------------------------+
; Slow 1200mV 85C Model Fmax Summary                                                      ;
+------------+-----------------+---------------------------------------------------+------+
; Fmax       ; Restricted Fmax ; Clock Name                                        ; Note ;
+------------+-----------------+---------------------------------------------------+------+
; 121.09 MHz ; 121.09 MHz      ; inst4|altpll_component|auto_generated|pll1|clk[0] ;      ;
+------------+-----------------+---------------------------------------------------+------+
This panel reports FMAX for every clock in the design, regardless of the user-specified clock periods.  FMAX is only computed for paths where the source and destination registers or ports are driven by the same clock.  Paths of different clocks, including generated clocks, are ignored.  For paths between a clock and its inversion, FMAX is computed as if the rising and falling edges are scaled along with FMAX, such that the duty cycle (in terms of a percentage) is maintained. Altera recommends that you always use clock constraints and other slack reports for sign-off analysis.


----------------------------------
; Timing Closure Recommendations ;
----------------------------------
HTML report is unavailable in plain text report export.


+----------------------------------------------------------------------------+
; Slow 1200mV 85C Model Setup Summary                                        ;
+---------------------------------------------------+--------+---------------+
; Clock                                             ; Slack  ; End Point TNS ;
+---------------------------------------------------+--------+---------------+
; inst4|altpll_component|auto_generated|pll1|clk[0] ; 20.678 ; 0.000         ;
+---------------------------------------------------+--------+---------------+


+---------------------------------------------------------------------------+
; Slow 1200mV 85C Model Hold Summary                                        ;
+---------------------------------------------------+-------+---------------+
; Clock                                             ; Slack ; End Point TNS ;
+---------------------------------------------------+-------+---------------+
; inst4|altpll_component|auto_generated|pll1|clk[0] ; 0.453 ; 0.000         ;
+---------------------------------------------------+-------+---------------+


------------------------------------------
; Slow 1200mV 85C Model Recovery Summary ;
------------------------------------------
No paths to report.


-----------------------------------------
; Slow 1200mV 85C Model Removal Summary ;
-----------------------------------------
No paths to report.


+----------------------------------------------------------------------------+
; Slow 1200mV 85C Model Minimum Pulse Width Summary                          ;
+---------------------------------------------------+--------+---------------+
; Clock                                             ; Slack  ; End Point TNS ;
+---------------------------------------------------+--------+---------------+
; clk_in                                            ; 9.934  ; 0.000         ;
; inst4|altpll_component|auto_generated|pll1|clk[0] ; 14.186 ; 0.000         ;
+---------------------------------------------------+--------+---------------+


+----------------------------------------------------------------------------------------------------------------------------------------------------------------------------------------------------------------------------+
; Slow 1200mV 85C Model Setup: 'inst4|altpll_component|auto_generated|pll1|clk[0]'                                                                                                                                           ;
+--------+----------------------------+-------------------------------------+---------------------------------------------------+---------------------------------------------------+--------------+------------+------------+
; Slack  ; From Node                  ; To Node                             ; Launch Clock                                      ; Latch Clock                                       ; Relationship ; Clock Skew ; Data Delay ;
+--------+----------------------------+-------------------------------------+---------------------------------------------------+---------------------------------------------------+--------------+------------+------------+
; 20.678 ; data_out_module:inst1|j[1] ; data_out_module_3:inst2|data_outpin ; inst4|altpll_component|auto_generated|pll1|clk[0] ; inst4|altpll_component|auto_generated|pll1|clk[0] ; 28.936       ; -0.094     ; 8.165      ;
; 20.679 ; data_out_module:inst1|j[1] ; data_out_module_5:inst6|data_outpin ; inst4|altpll_component|auto_generated|pll1|clk[0] ; inst4|altpll_component|auto_generated|pll1|clk[0] ; 28.936       ; -0.094     ; 8.164      ;
; 20.680 ; data_out_module:inst1|j[1] ; data_out_module_6:inst7|data_outpin ; inst4|altpll_component|auto_generated|pll1|clk[0] ; inst4|altpll_component|auto_generated|pll1|clk[0] ; 28.936       ; -0.094     ; 8.163      ;
; 20.681 ; data_out_module:inst1|j[1] ; data_out_module_7:inst8|data_outpin ; inst4|altpll_component|auto_generated|pll1|clk[0] ; inst4|altpll_component|auto_generated|pll1|clk[0] ; 28.936       ; -0.094     ; 8.162      ;
; 20.682 ; data_out_module:inst1|j[1] ; data_out_module_2:inst3|data_outpin ; inst4|altpll_component|auto_generated|pll1|clk[0] ; inst4|altpll_component|auto_generated|pll1|clk[0] ; 28.936       ; -0.094     ; 8.161      ;
; 20.749 ; data_out_module:inst1|j[2] ; data_out_module_3:inst2|data_outpin ; inst4|altpll_component|auto_generated|pll1|clk[0] ; inst4|altpll_component|auto_generated|pll1|clk[0] ; 28.936       ; -0.094     ; 8.094      ;
; 20.750 ; data_out_module:inst1|j[2] ; data_out_module_5:inst6|data_outpin ; inst4|altpll_component|auto_generated|pll1|clk[0] ; inst4|altpll_component|auto_generated|pll1|clk[0] ; 28.936       ; -0.094     ; 8.093      ;
; 20.751 ; data_out_module:inst1|j[2] ; data_out_module_6:inst7|data_outpin ; inst4|altpll_component|auto_generated|pll1|clk[0] ; inst4|altpll_component|auto_generated|pll1|clk[0] ; 28.936       ; -0.094     ; 8.092      ;
; 20.752 ; data_out_module:inst1|j[2] ; data_out_module_7:inst8|data_outpin ; inst4|altpll_component|auto_generated|pll1|clk[0] ; inst4|altpll_component|auto_generated|pll1|clk[0] ; 28.936       ; -0.094     ; 8.091      ;
; 20.753 ; data_out_module:inst1|j[2] ; data_out_module_2:inst3|data_outpin ; inst4|altpll_component|auto_generated|pll1|clk[0] ; inst4|altpll_component|auto_generated|pll1|clk[0] ; 28.936       ; -0.094     ; 8.090      ;
; 20.871 ; data_out_module:inst1|j[0] ; data_out_module_3:inst2|data_outpin ; inst4|altpll_component|auto_generated|pll1|clk[0] ; inst4|altpll_component|auto_generated|pll1|clk[0] ; 28.936       ; -0.094     ; 7.972      ;
; 20.872 ; data_out_module:inst1|j[0] ; data_out_module_5:inst6|data_outpin ; inst4|altpll_component|auto_generated|pll1|clk[0] ; inst4|altpll_component|auto_generated|pll1|clk[0] ; 28.936       ; -0.094     ; 7.971      ;
; 20.873 ; data_out_module:inst1|j[0] ; data_out_module_6:inst7|data_outpin ; inst4|altpll_component|auto_generated|pll1|clk[0] ; inst4|altpll_component|auto_generated|pll1|clk[0] ; 28.936       ; -0.094     ; 7.970      ;
; 20.874 ; data_out_module:inst1|j[0] ; data_out_module_7:inst8|data_outpin ; inst4|altpll_component|auto_generated|pll1|clk[0] ; inst4|altpll_component|auto_generated|pll1|clk[0] ; 28.936       ; -0.094     ; 7.969      ;
; 20.875 ; data_out_module:inst1|j[0] ; data_out_module_2:inst3|data_outpin ; inst4|altpll_component|auto_generated|pll1|clk[0] ; inst4|altpll_component|auto_generated|pll1|clk[0] ; 28.936       ; -0.094     ; 7.968      ;
; 21.006 ; data_out_module:inst1|j[3] ; data_out_module_3:inst2|data_outpin ; inst4|altpll_component|auto_generated|pll1|clk[0] ; inst4|altpll_component|auto_generated|pll1|clk[0] ; 28.936       ; -0.094     ; 7.837      ;
; 21.007 ; data_out_module:inst1|j[3] ; data_out_module_5:inst6|data_outpin ; inst4|altpll_component|auto_generated|pll1|clk[0] ; inst4|altpll_component|auto_generated|pll1|clk[0] ; 28.936       ; -0.094     ; 7.836      ;
; 21.008 ; data_out_module:inst1|j[3] ; data_out_module_6:inst7|data_outpin ; inst4|altpll_component|auto_generated|pll1|clk[0] ; inst4|altpll_component|auto_generated|pll1|clk[0] ; 28.936       ; -0.094     ; 7.835      ;
; 21.009 ; data_out_module:inst1|j[3] ; data_out_module_7:inst8|data_outpin ; inst4|altpll_component|auto_generated|pll1|clk[0] ; inst4|altpll_component|auto_generated|pll1|clk[0] ; 28.936       ; -0.094     ; 7.834      ;
; 21.010 ; data_out_module:inst1|j[3] ; data_out_module_2:inst3|data_outpin ; inst4|altpll_component|auto_generated|pll1|clk[0] ; inst4|altpll_component|auto_generated|pll1|clk[0] ; 28.936       ; -0.094     ; 7.833      ;
; 21.720 ; data_out_module:inst1|j[8] ; data_out_module_3:inst2|data_outpin ; inst4|altpll_component|auto_generated|pll1|clk[0] ; inst4|altpll_component|auto_generated|pll1|clk[0] ; 28.936       ; -0.090     ; 7.127      ;
; 21.721 ; data_out_module:inst1|j[8] ; data_out_module_5:inst6|data_outpin ; inst4|altpll_component|auto_generated|pll1|clk[0] ; inst4|altpll_component|auto_generated|pll1|clk[0] ; 28.936       ; -0.090     ; 7.126      ;
; 21.722 ; data_out_module:inst1|j[8] ; data_out_module_6:inst7|data_outpin ; inst4|altpll_component|auto_generated|pll1|clk[0] ; inst4|altpll_component|auto_generated|pll1|clk[0] ; 28.936       ; -0.090     ; 7.125      ;
; 21.723 ; data_out_module:inst1|j[8] ; data_out_module_7:inst8|data_outpin ; inst4|altpll_component|auto_generated|pll1|clk[0] ; inst4|altpll_component|auto_generated|pll1|clk[0] ; 28.936       ; -0.090     ; 7.124      ;
; 21.724 ; data_out_module:inst1|j[8] ; data_out_module_2:inst3|data_outpin ; inst4|altpll_component|auto_generated|pll1|clk[0] ; inst4|altpll_component|auto_generated|pll1|clk[0] ; 28.936       ; -0.090     ; 7.123      ;
; 21.922 ; data_out_module:inst1|j[1] ; data_out_module:inst1|data_outpin   ; inst4|altpll_component|auto_generated|pll1|clk[0] ; inst4|altpll_component|auto_generated|pll1|clk[0] ; 28.936       ; -0.099     ; 6.916      ;
; 21.993 ; data_out_module:inst1|j[2] ; data_out_module:inst1|data_outpin   ; inst4|altpll_component|auto_generated|pll1|clk[0] ; inst4|altpll_component|auto_generated|pll1|clk[0] ; 28.936       ; -0.099     ; 6.845      ;
; 22.115 ; data_out_module:inst1|j[0] ; data_out_module:inst1|data_outpin   ; inst4|altpll_component|auto_generated|pll1|clk[0] ; inst4|altpll_component|auto_generated|pll1|clk[0] ; 28.936       ; -0.099     ; 6.723      ;
; 22.155 ; data_out_module:inst1|j[5] ; data_out_module_3:inst2|data_outpin ; inst4|altpll_component|auto_generated|pll1|clk[0] ; inst4|altpll_component|auto_generated|pll1|clk[0] ; 28.936       ; -0.090     ; 6.692      ;
; 22.156 ; data_out_module:inst1|j[5] ; data_out_module_5:inst6|data_outpin ; inst4|altpll_component|auto_generated|pll1|clk[0] ; inst4|altpll_component|auto_generated|pll1|clk[0] ; 28.936       ; -0.090     ; 6.691      ;
; 22.157 ; data_out_module:inst1|j[5] ; data_out_module_6:inst7|data_outpin ; inst4|altpll_component|auto_generated|pll1|clk[0] ; inst4|altpll_component|auto_generated|pll1|clk[0] ; 28.936       ; -0.090     ; 6.690      ;
; 22.158 ; data_out_module:inst1|j[5] ; data_out_module_7:inst8|data_outpin ; inst4|altpll_component|auto_generated|pll1|clk[0] ; inst4|altpll_component|auto_generated|pll1|clk[0] ; 28.936       ; -0.090     ; 6.689      ;
; 22.159 ; data_out_module:inst1|j[5] ; data_out_module_2:inst3|data_outpin ; inst4|altpll_component|auto_generated|pll1|clk[0] ; inst4|altpll_component|auto_generated|pll1|clk[0] ; 28.936       ; -0.090     ; 6.688      ;
; 22.250 ; data_out_module:inst1|j[3] ; data_out_module:inst1|data_outpin   ; inst4|altpll_component|auto_generated|pll1|clk[0] ; inst4|altpll_component|auto_generated|pll1|clk[0] ; 28.936       ; -0.099     ; 6.588      ;
; 22.343 ; data_out_module:inst1|j[1] ; data_out_module_8:inst9|data_outpin ; inst4|altpll_component|auto_generated|pll1|clk[0] ; inst4|altpll_component|auto_generated|pll1|clk[0] ; 28.936       ; -0.099     ; 6.495      ;
; 22.414 ; data_out_module:inst1|j[2] ; data_out_module_8:inst9|data_outpin ; inst4|altpll_component|auto_generated|pll1|clk[0] ; inst4|altpll_component|auto_generated|pll1|clk[0] ; 28.936       ; -0.099     ; 6.424      ;
; 22.536 ; data_out_module:inst1|j[0] ; data_out_module_8:inst9|data_outpin ; inst4|altpll_component|auto_generated|pll1|clk[0] ; inst4|altpll_component|auto_generated|pll1|clk[0] ; 28.936       ; -0.099     ; 6.302      ;
; 22.671 ; data_out_module:inst1|j[3] ; data_out_module_8:inst9|data_outpin ; inst4|altpll_component|auto_generated|pll1|clk[0] ; inst4|altpll_component|auto_generated|pll1|clk[0] ; 28.936       ; -0.099     ; 6.167      ;
; 22.879 ; data_out_module:inst1|j[4] ; data_out_module_3:inst2|data_outpin ; inst4|altpll_component|auto_generated|pll1|clk[0] ; inst4|altpll_component|auto_generated|pll1|clk[0] ; 28.936       ; -0.090     ; 5.968      ;
; 22.880 ; data_out_module:inst1|j[4] ; data_out_module_5:inst6|data_outpin ; inst4|altpll_component|auto_generated|pll1|clk[0] ; inst4|altpll_component|auto_generated|pll1|clk[0] ; 28.936       ; -0.090     ; 5.967      ;
; 22.881 ; data_out_module:inst1|j[4] ; data_out_module_6:inst7|data_outpin ; inst4|altpll_component|auto_generated|pll1|clk[0] ; inst4|altpll_component|auto_generated|pll1|clk[0] ; 28.936       ; -0.090     ; 5.966      ;
; 22.882 ; data_out_module:inst1|j[4] ; data_out_module_7:inst8|data_outpin ; inst4|altpll_component|auto_generated|pll1|clk[0] ; inst4|altpll_component|auto_generated|pll1|clk[0] ; 28.936       ; -0.090     ; 5.965      ;
; 22.883 ; data_out_module:inst1|j[4] ; data_out_module_2:inst3|data_outpin ; inst4|altpll_component|auto_generated|pll1|clk[0] ; inst4|altpll_component|auto_generated|pll1|clk[0] ; 28.936       ; -0.090     ; 5.964      ;
; 22.933 ; data_out_module:inst1|j[8] ; data_out_module:inst1|data_outpin   ; inst4|altpll_component|auto_generated|pll1|clk[0] ; inst4|altpll_component|auto_generated|pll1|clk[0] ; 28.936       ; -0.095     ; 5.909      ;
; 23.125 ; data_out_module:inst1|j[6] ; data_out_module_3:inst2|data_outpin ; inst4|altpll_component|auto_generated|pll1|clk[0] ; inst4|altpll_component|auto_generated|pll1|clk[0] ; 28.936       ; -0.090     ; 5.722      ;
; 23.126 ; data_out_module:inst1|j[6] ; data_out_module_5:inst6|data_outpin ; inst4|altpll_component|auto_generated|pll1|clk[0] ; inst4|altpll_component|auto_generated|pll1|clk[0] ; 28.936       ; -0.090     ; 5.721      ;
; 23.127 ; data_out_module:inst1|j[6] ; data_out_module_6:inst7|data_outpin ; inst4|altpll_component|auto_generated|pll1|clk[0] ; inst4|altpll_component|auto_generated|pll1|clk[0] ; 28.936       ; -0.090     ; 5.720      ;
; 23.128 ; data_out_module:inst1|j[6] ; data_out_module_7:inst8|data_outpin ; inst4|altpll_component|auto_generated|pll1|clk[0] ; inst4|altpll_component|auto_generated|pll1|clk[0] ; 28.936       ; -0.090     ; 5.719      ;
; 23.129 ; data_out_module:inst1|j[6] ; data_out_module_2:inst3|data_outpin ; inst4|altpll_component|auto_generated|pll1|clk[0] ; inst4|altpll_component|auto_generated|pll1|clk[0] ; 28.936       ; -0.090     ; 5.718      ;
; 23.145 ; data_out_module:inst1|j[9] ; data_out_module_3:inst2|data_outpin ; inst4|altpll_component|auto_generated|pll1|clk[0] ; inst4|altpll_component|auto_generated|pll1|clk[0] ; 28.936       ; -0.090     ; 5.702      ;
; 23.146 ; data_out_module:inst1|j[9] ; data_out_module_5:inst6|data_outpin ; inst4|altpll_component|auto_generated|pll1|clk[0] ; inst4|altpll_component|auto_generated|pll1|clk[0] ; 28.936       ; -0.090     ; 5.701      ;
; 23.147 ; data_out_module:inst1|j[9] ; data_out_module_6:inst7|data_outpin ; inst4|altpll_component|auto_generated|pll1|clk[0] ; inst4|altpll_component|auto_generated|pll1|clk[0] ; 28.936       ; -0.090     ; 5.700      ;
; 23.148 ; data_out_module:inst1|j[9] ; data_out_module_7:inst8|data_outpin ; inst4|altpll_component|auto_generated|pll1|clk[0] ; inst4|altpll_component|auto_generated|pll1|clk[0] ; 28.936       ; -0.090     ; 5.699      ;
; 23.149 ; data_out_module:inst1|j[9] ; data_out_module_2:inst3|data_outpin ; inst4|altpll_component|auto_generated|pll1|clk[0] ; inst4|altpll_component|auto_generated|pll1|clk[0] ; 28.936       ; -0.090     ; 5.698      ;
; 23.325 ; data_out_module:inst1|j[1] ; data_out_module_4:inst5|data_outpin ; inst4|altpll_component|auto_generated|pll1|clk[0] ; inst4|altpll_component|auto_generated|pll1|clk[0] ; 28.936       ; -0.099     ; 5.513      ;
; 23.354 ; data_out_module:inst1|j[8] ; data_out_module_8:inst9|data_outpin ; inst4|altpll_component|auto_generated|pll1|clk[0] ; inst4|altpll_component|auto_generated|pll1|clk[0] ; 28.936       ; -0.095     ; 5.488      ;
; 23.384 ; data_out_module:inst1|j[5] ; data_out_module:inst1|data_outpin   ; inst4|altpll_component|auto_generated|pll1|clk[0] ; inst4|altpll_component|auto_generated|pll1|clk[0] ; 28.936       ; -0.095     ; 5.458      ;
; 23.450 ; data_out_module:inst1|j[2] ; data_out_module_4:inst5|data_outpin ; inst4|altpll_component|auto_generated|pll1|clk[0] ; inst4|altpll_component|auto_generated|pll1|clk[0] ; 28.936       ; -0.099     ; 5.388      ;
; 23.552 ; data_out_module:inst1|j[0] ; data_out_module_4:inst5|data_outpin ; inst4|altpll_component|auto_generated|pll1|clk[0] ; inst4|altpll_component|auto_generated|pll1|clk[0] ; 28.936       ; -0.099     ; 5.286      ;
; 23.673 ; data_out_module:inst1|j[6] ; data_out_module_4:inst5|data_outpin ; inst4|altpll_component|auto_generated|pll1|clk[0] ; inst4|altpll_component|auto_generated|pll1|clk[0] ; 28.936       ; -0.095     ; 5.169      ;
; 23.684 ; data_out_module:inst1|j[3] ; data_out_module_4:inst5|data_outpin ; inst4|altpll_component|auto_generated|pll1|clk[0] ; inst4|altpll_component|auto_generated|pll1|clk[0] ; 28.936       ; -0.099     ; 5.154      ;
; 23.728 ; data_out_module:inst1|j[8] ; data_out_module_4:inst5|data_outpin ; inst4|altpll_component|auto_generated|pll1|clk[0] ; inst4|altpll_component|auto_generated|pll1|clk[0] ; 28.936       ; -0.095     ; 5.114      ;
; 23.805 ; data_out_module:inst1|j[5] ; data_out_module_8:inst9|data_outpin ; inst4|altpll_component|auto_generated|pll1|clk[0] ; inst4|altpll_component|auto_generated|pll1|clk[0] ; 28.936       ; -0.095     ; 5.037      ;
; 23.864 ; data_out_module:inst1|j[5] ; data_out_module_4:inst5|data_outpin ; inst4|altpll_component|auto_generated|pll1|clk[0] ; inst4|altpll_component|auto_generated|pll1|clk[0] ; 28.936       ; -0.095     ; 4.978      ;
; 24.065 ; data_out_module:inst1|j[4] ; data_out_module:inst1|j[0]          ; inst4|altpll_component|auto_generated|pll1|clk[0] ; inst4|altpll_component|auto_generated|pll1|clk[0] ; 28.936       ; -0.077     ; 4.795      ;
; 24.065 ; data_out_module:inst1|j[4] ; data_out_module:inst1|j[3]          ; inst4|altpll_component|auto_generated|pll1|clk[0] ; inst4|altpll_component|auto_generated|pll1|clk[0] ; 28.936       ; -0.077     ; 4.795      ;
; 24.065 ; data_out_module:inst1|j[4] ; data_out_module:inst1|j[1]          ; inst4|altpll_component|auto_generated|pll1|clk[0] ; inst4|altpll_component|auto_generated|pll1|clk[0] ; 28.936       ; -0.077     ; 4.795      ;
; 24.065 ; data_out_module:inst1|j[4] ; data_out_module:inst1|j[2]          ; inst4|altpll_component|auto_generated|pll1|clk[0] ; inst4|altpll_component|auto_generated|pll1|clk[0] ; 28.936       ; -0.077     ; 4.795      ;
; 24.088 ; data_out_module:inst1|j[4] ; data_out_module_4:inst5|data_outpin ; inst4|altpll_component|auto_generated|pll1|clk[0] ; inst4|altpll_component|auto_generated|pll1|clk[0] ; 28.936       ; -0.095     ; 4.754      ;
; 24.122 ; data_out_module:inst1|j[5] ; data_out_module:inst1|j[0]          ; inst4|altpll_component|auto_generated|pll1|clk[0] ; inst4|altpll_component|auto_generated|pll1|clk[0] ; 28.936       ; -0.077     ; 4.738      ;
; 24.122 ; data_out_module:inst1|j[5] ; data_out_module:inst1|j[3]          ; inst4|altpll_component|auto_generated|pll1|clk[0] ; inst4|altpll_component|auto_generated|pll1|clk[0] ; 28.936       ; -0.077     ; 4.738      ;
; 24.122 ; data_out_module:inst1|j[5] ; data_out_module:inst1|j[1]          ; inst4|altpll_component|auto_generated|pll1|clk[0] ; inst4|altpll_component|auto_generated|pll1|clk[0] ; 28.936       ; -0.077     ; 4.738      ;
; 24.122 ; data_out_module:inst1|j[5] ; data_out_module:inst1|j[2]          ; inst4|altpll_component|auto_generated|pll1|clk[0] ; inst4|altpll_component|auto_generated|pll1|clk[0] ; 28.936       ; -0.077     ; 4.738      ;
; 24.140 ; data_out_module:inst1|j[9] ; data_out_module:inst1|j[0]          ; inst4|altpll_component|auto_generated|pll1|clk[0] ; inst4|altpll_component|auto_generated|pll1|clk[0] ; 28.936       ; -0.077     ; 4.720      ;
; 24.140 ; data_out_module:inst1|j[9] ; data_out_module:inst1|j[3]          ; inst4|altpll_component|auto_generated|pll1|clk[0] ; inst4|altpll_component|auto_generated|pll1|clk[0] ; 28.936       ; -0.077     ; 4.720      ;
; 24.140 ; data_out_module:inst1|j[9] ; data_out_module:inst1|j[1]          ; inst4|altpll_component|auto_generated|pll1|clk[0] ; inst4|altpll_component|auto_generated|pll1|clk[0] ; 28.936       ; -0.077     ; 4.720      ;
; 24.140 ; data_out_module:inst1|j[9] ; data_out_module:inst1|j[2]          ; inst4|altpll_component|auto_generated|pll1|clk[0] ; inst4|altpll_component|auto_generated|pll1|clk[0] ; 28.936       ; -0.077     ; 4.720      ;
; 24.184 ; data_out_module:inst1|j[4] ; data_out_module:inst1|j[8]          ; inst4|altpll_component|auto_generated|pll1|clk[0] ; inst4|altpll_component|auto_generated|pll1|clk[0] ; 28.936       ; -0.081     ; 4.672      ;
; 24.200 ; data_out_module:inst1|j[4] ; data_out_module:inst1|data_outpin   ; inst4|altpll_component|auto_generated|pll1|clk[0] ; inst4|altpll_component|auto_generated|pll1|clk[0] ; 28.936       ; -0.095     ; 4.642      ;
; 24.236 ; data_out_module:inst1|j[8] ; data_out_module:inst1|j[0]          ; inst4|altpll_component|auto_generated|pll1|clk[0] ; inst4|altpll_component|auto_generated|pll1|clk[0] ; 28.936       ; -0.077     ; 4.624      ;
; 24.236 ; data_out_module:inst1|j[8] ; data_out_module:inst1|j[3]          ; inst4|altpll_component|auto_generated|pll1|clk[0] ; inst4|altpll_component|auto_generated|pll1|clk[0] ; 28.936       ; -0.077     ; 4.624      ;
; 24.236 ; data_out_module:inst1|j[8] ; data_out_module:inst1|j[1]          ; inst4|altpll_component|auto_generated|pll1|clk[0] ; inst4|altpll_component|auto_generated|pll1|clk[0] ; 28.936       ; -0.077     ; 4.624      ;
; 24.236 ; data_out_module:inst1|j[8] ; data_out_module:inst1|j[2]          ; inst4|altpll_component|auto_generated|pll1|clk[0] ; inst4|altpll_component|auto_generated|pll1|clk[0] ; 28.936       ; -0.077     ; 4.624      ;
; 24.241 ; data_out_module:inst1|j[5] ; data_out_module:inst1|j[8]          ; inst4|altpll_component|auto_generated|pll1|clk[0] ; inst4|altpll_component|auto_generated|pll1|clk[0] ; 28.936       ; -0.081     ; 4.615      ;
; 24.259 ; data_out_module:inst1|j[9] ; data_out_module:inst1|j[8]          ; inst4|altpll_component|auto_generated|pll1|clk[0] ; inst4|altpll_component|auto_generated|pll1|clk[0] ; 28.936       ; -0.081     ; 4.597      ;
; 24.355 ; data_out_module:inst1|j[8] ; data_out_module:inst1|j[8]          ; inst4|altpll_component|auto_generated|pll1|clk[0] ; inst4|altpll_component|auto_generated|pll1|clk[0] ; 28.936       ; -0.081     ; 4.501      ;
; 24.369 ; data_out_module:inst1|j[6] ; data_out_module:inst1|data_outpin   ; inst4|altpll_component|auto_generated|pll1|clk[0] ; inst4|altpll_component|auto_generated|pll1|clk[0] ; 28.936       ; -0.095     ; 4.473      ;
; 24.413 ; data_out_module:inst1|j[4] ; data_out_module:inst1|j[5]          ; inst4|altpll_component|auto_generated|pll1|clk[0] ; inst4|altpll_component|auto_generated|pll1|clk[0] ; 28.936       ; -0.081     ; 4.443      ;
; 24.413 ; data_out_module:inst1|j[4] ; data_out_module:inst1|j[7]          ; inst4|altpll_component|auto_generated|pll1|clk[0] ; inst4|altpll_component|auto_generated|pll1|clk[0] ; 28.936       ; -0.081     ; 4.443      ;
; 24.414 ; data_out_module:inst1|j[4] ; data_out_module:inst1|j[9]          ; inst4|altpll_component|auto_generated|pll1|clk[0] ; inst4|altpll_component|auto_generated|pll1|clk[0] ; 28.936       ; -0.081     ; 4.442      ;
; 24.415 ; data_out_module:inst1|j[4] ; data_out_module:inst1|j[4]          ; inst4|altpll_component|auto_generated|pll1|clk[0] ; inst4|altpll_component|auto_generated|pll1|clk[0] ; 28.936       ; -0.081     ; 4.441      ;
; 24.415 ; data_out_module:inst1|j[4] ; data_out_module:inst1|j[6]          ; inst4|altpll_component|auto_generated|pll1|clk[0] ; inst4|altpll_component|auto_generated|pll1|clk[0] ; 28.936       ; -0.081     ; 4.441      ;
; 24.466 ; data_out_module:inst1|j[9] ; data_out_module:inst1|j[5]          ; inst4|altpll_component|auto_generated|pll1|clk[0] ; inst4|altpll_component|auto_generated|pll1|clk[0] ; 28.936       ; -0.081     ; 4.390      ;
; 24.466 ; data_out_module:inst1|j[9] ; data_out_module:inst1|data_outpin   ; inst4|altpll_component|auto_generated|pll1|clk[0] ; inst4|altpll_component|auto_generated|pll1|clk[0] ; 28.936       ; -0.095     ; 4.376      ;
; 24.467 ; data_out_module:inst1|j[9] ; data_out_module:inst1|j[7]          ; inst4|altpll_component|auto_generated|pll1|clk[0] ; inst4|altpll_component|auto_generated|pll1|clk[0] ; 28.936       ; -0.081     ; 4.389      ;
; 24.467 ; data_out_module:inst1|j[9] ; data_out_module:inst1|j[9]          ; inst4|altpll_component|auto_generated|pll1|clk[0] ; inst4|altpll_component|auto_generated|pll1|clk[0] ; 28.936       ; -0.081     ; 4.389      ;
; 24.469 ; data_out_module:inst1|j[9] ; data_out_module:inst1|j[4]          ; inst4|altpll_component|auto_generated|pll1|clk[0] ; inst4|altpll_component|auto_generated|pll1|clk[0] ; 28.936       ; -0.081     ; 4.387      ;
; 24.469 ; data_out_module:inst1|j[9] ; data_out_module:inst1|j[6]          ; inst4|altpll_component|auto_generated|pll1|clk[0] ; inst4|altpll_component|auto_generated|pll1|clk[0] ; 28.936       ; -0.081     ; 4.387      ;
; 24.470 ; data_out_module:inst1|j[5] ; data_out_module:inst1|j[5]          ; inst4|altpll_component|auto_generated|pll1|clk[0] ; inst4|altpll_component|auto_generated|pll1|clk[0] ; 28.936       ; -0.081     ; 4.386      ;
; 24.470 ; data_out_module:inst1|j[5] ; data_out_module:inst1|j[7]          ; inst4|altpll_component|auto_generated|pll1|clk[0] ; inst4|altpll_component|auto_generated|pll1|clk[0] ; 28.936       ; -0.081     ; 4.386      ;
+--------+----------------------------+-------------------------------------+---------------------------------------------------+---------------------------------------------------+--------------+------------+------------+


+---------------------------------------------------------------------------------------------------------------------------------------------------------------------------------------------------------------------------+
; Slow 1200mV 85C Model Hold: 'inst4|altpll_component|auto_generated|pll1|clk[0]'                                                                                                                                           ;
+-------+----------------------------+-------------------------------------+---------------------------------------------------+---------------------------------------------------+--------------+------------+------------+
; Slack ; From Node                  ; To Node                             ; Launch Clock                                      ; Latch Clock                                       ; Relationship ; Clock Skew ; Data Delay ;
+-------+----------------------------+-------------------------------------+---------------------------------------------------+---------------------------------------------------+--------------+------------+------------+
; 0.453 ; data_out_module:inst1|j[0] ; data_out_module:inst1|j[0]          ; inst4|altpll_component|auto_generated|pll1|clk[0] ; inst4|altpll_component|auto_generated|pll1|clk[0] ; 0.000        ; 0.081      ; 0.746      ;
; 0.453 ; data_out_module:inst1|j[3] ; data_out_module:inst1|j[3]          ; inst4|altpll_component|auto_generated|pll1|clk[0] ; inst4|altpll_component|auto_generated|pll1|clk[0] ; 0.000        ; 0.081      ; 0.746      ;
; 0.453 ; data_out_module:inst1|j[1] ; data_out_module:inst1|j[1]          ; inst4|altpll_component|auto_generated|pll1|clk[0] ; inst4|altpll_component|auto_generated|pll1|clk[0] ; 0.000        ; 0.081      ; 0.746      ;
; 0.453 ; data_out_module:inst1|j[2] ; data_out_module:inst1|j[2]          ; inst4|altpll_component|auto_generated|pll1|clk[0] ; inst4|altpll_component|auto_generated|pll1|clk[0] ; 0.000        ; 0.081      ; 0.746      ;
; 0.453 ; data_out_module:inst1|j[8] ; data_out_module:inst1|j[8]          ; inst4|altpll_component|auto_generated|pll1|clk[0] ; inst4|altpll_component|auto_generated|pll1|clk[0] ; 0.000        ; 0.081      ; 0.746      ;
; 0.453 ; data_out_module:inst1|j[4] ; data_out_module:inst1|j[4]          ; inst4|altpll_component|auto_generated|pll1|clk[0] ; inst4|altpll_component|auto_generated|pll1|clk[0] ; 0.000        ; 0.081      ; 0.746      ;
; 0.453 ; data_out_module:inst1|j[5] ; data_out_module:inst1|j[5]          ; inst4|altpll_component|auto_generated|pll1|clk[0] ; inst4|altpll_component|auto_generated|pll1|clk[0] ; 0.000        ; 0.081      ; 0.746      ;
; 0.453 ; data_out_module:inst1|j[6] ; data_out_module:inst1|j[6]          ; inst4|altpll_component|auto_generated|pll1|clk[0] ; inst4|altpll_component|auto_generated|pll1|clk[0] ; 0.000        ; 0.081      ; 0.746      ;
; 0.453 ; data_out_module:inst1|j[7] ; data_out_module:inst1|j[7]          ; inst4|altpll_component|auto_generated|pll1|clk[0] ; inst4|altpll_component|auto_generated|pll1|clk[0] ; 0.000        ; 0.081      ; 0.746      ;
; 0.453 ; data_out_module:inst1|j[9] ; data_out_module:inst1|j[9]          ; inst4|altpll_component|auto_generated|pll1|clk[0] ; inst4|altpll_component|auto_generated|pll1|clk[0] ; 0.000        ; 0.081      ; 0.746      ;
; 0.499 ; sonic:inst|latch           ; sonic:inst|latchpin                 ; inst4|altpll_component|auto_generated|pll1|clk[0] ; inst4|altpll_component|auto_generated|pll1|clk[0] ; 0.000        ; 0.082      ; 0.793      ;
; 0.499 ; sonic:inst|i[6]            ; sonic:inst|i[6]                     ; inst4|altpll_component|auto_generated|pll1|clk[0] ; inst4|altpll_component|auto_generated|pll1|clk[0] ; 0.000        ; 0.082      ; 0.793      ;
; 0.500 ; sonic:inst|j[2]            ; sonic:inst|latch                    ; inst4|altpll_component|auto_generated|pll1|clk[0] ; inst4|altpll_component|auto_generated|pll1|clk[0] ; 0.000        ; 0.082      ; 0.794      ;
; 0.639 ; sonic:inst|i[4]            ; sonic:inst|clock                    ; inst4|altpll_component|auto_generated|pll1|clk[0] ; inst4|altpll_component|auto_generated|pll1|clk[0] ; 0.000        ; 0.082      ; 0.933      ;
; 0.644 ; sonic:inst|clock           ; sonic:inst|clockpin                 ; inst4|altpll_component|auto_generated|pll1|clk[0] ; inst4|altpll_component|auto_generated|pll1|clk[0] ; 0.000        ; 0.082      ; 0.938      ;
; 0.744 ; data_out_module:inst1|i[3] ; data_out_module:inst1|i[3]          ; inst4|altpll_component|auto_generated|pll1|clk[0] ; inst4|altpll_component|auto_generated|pll1|clk[0] ; 0.000        ; 0.081      ; 1.037      ;
; 0.745 ; sonic:inst|j[5]            ; sonic:inst|j[5]                     ; inst4|altpll_component|auto_generated|pll1|clk[0] ; inst4|altpll_component|auto_generated|pll1|clk[0] ; 0.000        ; 0.082      ; 1.039      ;
; 0.745 ; data_out_module:inst1|i[5] ; data_out_module:inst1|i[5]          ; inst4|altpll_component|auto_generated|pll1|clk[0] ; inst4|altpll_component|auto_generated|pll1|clk[0] ; 0.000        ; 0.081      ; 1.038      ;
; 0.746 ; sonic:inst|j[6]            ; sonic:inst|j[6]                     ; inst4|altpll_component|auto_generated|pll1|clk[0] ; inst4|altpll_component|auto_generated|pll1|clk[0] ; 0.000        ; 0.082      ; 1.040      ;
; 0.747 ; data_out_module:inst1|i[6] ; data_out_module:inst1|i[6]          ; inst4|altpll_component|auto_generated|pll1|clk[0] ; inst4|altpll_component|auto_generated|pll1|clk[0] ; 0.000        ; 0.081      ; 1.040      ;
; 0.747 ; data_out_module:inst1|i[2] ; data_out_module:inst1|i[2]          ; inst4|altpll_component|auto_generated|pll1|clk[0] ; inst4|altpll_component|auto_generated|pll1|clk[0] ; 0.000        ; 0.081      ; 1.040      ;
; 0.748 ; data_out_module:inst1|i[4] ; data_out_module:inst1|i[4]          ; inst4|altpll_component|auto_generated|pll1|clk[0] ; inst4|altpll_component|auto_generated|pll1|clk[0] ; 0.000        ; 0.081      ; 1.041      ;
; 0.749 ; data_out_module:inst1|i[7] ; data_out_module:inst1|i[7]          ; inst4|altpll_component|auto_generated|pll1|clk[0] ; inst4|altpll_component|auto_generated|pll1|clk[0] ; 0.000        ; 0.081      ; 1.042      ;
; 0.754 ; sonic:inst|i[5]            ; sonic:inst|i[5]                     ; inst4|altpll_component|auto_generated|pll1|clk[0] ; inst4|altpll_component|auto_generated|pll1|clk[0] ; 0.000        ; 0.082      ; 1.048      ;
; 0.756 ; sonic:inst|j[2]            ; sonic:inst|j[2]                     ; inst4|altpll_component|auto_generated|pll1|clk[0] ; inst4|altpll_component|auto_generated|pll1|clk[0] ; 0.000        ; 0.082      ; 1.050      ;
; 0.756 ; sonic:inst|i[4]            ; sonic:inst|i[4]                     ; inst4|altpll_component|auto_generated|pll1|clk[0] ; inst4|altpll_component|auto_generated|pll1|clk[0] ; 0.000        ; 0.082      ; 1.050      ;
; 0.761 ; sonic:inst|i[1]            ; sonic:inst|i[1]                     ; inst4|altpll_component|auto_generated|pll1|clk[0] ; inst4|altpll_component|auto_generated|pll1|clk[0] ; 0.000        ; 0.082      ; 1.055      ;
; 0.761 ; sonic:inst|i[3]            ; sonic:inst|i[3]                     ; inst4|altpll_component|auto_generated|pll1|clk[0] ; inst4|altpll_component|auto_generated|pll1|clk[0] ; 0.000        ; 0.082      ; 1.055      ;
; 0.762 ; sonic:inst|i[2]            ; sonic:inst|i[2]                     ; inst4|altpll_component|auto_generated|pll1|clk[0] ; inst4|altpll_component|auto_generated|pll1|clk[0] ; 0.000        ; 0.082      ; 1.056      ;
; 0.853 ; sonic:inst|j[1]            ; sonic:inst|latch                    ; inst4|altpll_component|auto_generated|pll1|clk[0] ; inst4|altpll_component|auto_generated|pll1|clk[0] ; 0.000        ; 0.082      ; 1.147      ;
; 0.858 ; sonic:inst|j[0]            ; sonic:inst|latch                    ; inst4|altpll_component|auto_generated|pll1|clk[0] ; inst4|altpll_component|auto_generated|pll1|clk[0] ; 0.000        ; 0.082      ; 1.152      ;
; 0.898 ; sonic:inst|i[6]            ; sonic:inst|clock                    ; inst4|altpll_component|auto_generated|pll1|clk[0] ; inst4|altpll_component|auto_generated|pll1|clk[0] ; 0.000        ; 0.082      ; 1.192      ;
; 0.927 ; data_out_module:inst1|i[0] ; data_out_module:inst1|i[0]          ; inst4|altpll_component|auto_generated|pll1|clk[0] ; inst4|altpll_component|auto_generated|pll1|clk[0] ; 0.000        ; 0.081      ; 1.220      ;
; 0.937 ; sonic:inst|j[2]            ; sonic:inst|j[4]                     ; inst4|altpll_component|auto_generated|pll1|clk[0] ; inst4|altpll_component|auto_generated|pll1|clk[0] ; 0.000        ; 0.082      ; 1.231      ;
; 0.938 ; sonic:inst|j[2]            ; sonic:inst|j[1]                     ; inst4|altpll_component|auto_generated|pll1|clk[0] ; inst4|altpll_component|auto_generated|pll1|clk[0] ; 0.000        ; 0.082      ; 1.232      ;
; 0.938 ; sonic:inst|j[2]            ; sonic:inst|j[3]                     ; inst4|altpll_component|auto_generated|pll1|clk[0] ; inst4|altpll_component|auto_generated|pll1|clk[0] ; 0.000        ; 0.082      ; 1.232      ;
; 0.939 ; sonic:inst|j[2]            ; sonic:inst|j[0]                     ; inst4|altpll_component|auto_generated|pll1|clk[0] ; inst4|altpll_component|auto_generated|pll1|clk[0] ; 0.000        ; 0.082      ; 1.233      ;
; 0.994 ; sonic:inst|i[0]            ; sonic:inst|i[0]                     ; inst4|altpll_component|auto_generated|pll1|clk[0] ; inst4|altpll_component|auto_generated|pll1|clk[0] ; 0.000        ; 0.082      ; 1.288      ;
; 1.049 ; data_out_module:inst1|i[1] ; data_out_module:inst1|i[0]          ; inst4|altpll_component|auto_generated|pll1|clk[0] ; inst4|altpll_component|auto_generated|pll1|clk[0] ; 0.000        ; 0.081      ; 1.342      ;
; 1.057 ; sonic:inst|j[5]            ; sonic:inst|latch                    ; inst4|altpll_component|auto_generated|pll1|clk[0] ; inst4|altpll_component|auto_generated|pll1|clk[0] ; 0.000        ; 0.082      ; 1.351      ;
; 1.071 ; data_out_module:inst1|i[5] ; data_out_module:inst1|i[1]          ; inst4|altpll_component|auto_generated|pll1|clk[0] ; inst4|altpll_component|auto_generated|pll1|clk[0] ; 0.000        ; 0.081      ; 1.364      ;
; 1.074 ; data_out_module:inst1|i[5] ; data_out_module:inst1|i[0]          ; inst4|altpll_component|auto_generated|pll1|clk[0] ; inst4|altpll_component|auto_generated|pll1|clk[0] ; 0.000        ; 0.081      ; 1.367      ;
; 1.099 ; sonic:inst|j[5]            ; sonic:inst|j[6]                     ; inst4|altpll_component|auto_generated|pll1|clk[0] ; inst4|altpll_component|auto_generated|pll1|clk[0] ; 0.000        ; 0.082      ; 1.393      ;
; 1.099 ; data_out_module:inst1|i[3] ; data_out_module:inst1|i[4]          ; inst4|altpll_component|auto_generated|pll1|clk[0] ; inst4|altpll_component|auto_generated|pll1|clk[0] ; 0.000        ; 0.081      ; 1.392      ;
; 1.100 ; data_out_module:inst1|i[5] ; data_out_module:inst1|i[6]          ; inst4|altpll_component|auto_generated|pll1|clk[0] ; inst4|altpll_component|auto_generated|pll1|clk[0] ; 0.000        ; 0.081      ; 1.393      ;
; 1.102 ; data_out_module:inst1|i[1] ; data_out_module:inst1|i[2]          ; inst4|altpll_component|auto_generated|pll1|clk[0] ; inst4|altpll_component|auto_generated|pll1|clk[0] ; 0.000        ; 0.081      ; 1.395      ;
; 1.107 ; sonic:inst|j[1]            ; sonic:inst|j[2]                     ; inst4|altpll_component|auto_generated|pll1|clk[0] ; inst4|altpll_component|auto_generated|pll1|clk[0] ; 0.000        ; 0.082      ; 1.401      ;
; 1.108 ; sonic:inst|i[5]            ; sonic:inst|i[6]                     ; inst4|altpll_component|auto_generated|pll1|clk[0] ; inst4|altpll_component|auto_generated|pll1|clk[0] ; 0.000        ; 0.082      ; 1.402      ;
; 1.108 ; data_out_module:inst1|i[2] ; data_out_module:inst1|i[3]          ; inst4|altpll_component|auto_generated|pll1|clk[0] ; inst4|altpll_component|auto_generated|pll1|clk[0] ; 0.000        ; 0.081      ; 1.401      ;
; 1.108 ; data_out_module:inst1|i[6] ; data_out_module:inst1|i[7]          ; inst4|altpll_component|auto_generated|pll1|clk[0] ; inst4|altpll_component|auto_generated|pll1|clk[0] ; 0.000        ; 0.081      ; 1.401      ;
; 1.109 ; data_out_module:inst1|i[4] ; data_out_module:inst1|i[5]          ; inst4|altpll_component|auto_generated|pll1|clk[0] ; inst4|altpll_component|auto_generated|pll1|clk[0] ; 0.000        ; 0.081      ; 1.402      ;
; 1.110 ; sonic:inst|j[4]            ; sonic:inst|j[5]                     ; inst4|altpll_component|auto_generated|pll1|clk[0] ; inst4|altpll_component|auto_generated|pll1|clk[0] ; 0.000        ; 0.082      ; 1.404      ;
; 1.115 ; sonic:inst|i[1]            ; sonic:inst|i[2]                     ; inst4|altpll_component|auto_generated|pll1|clk[0] ; inst4|altpll_component|auto_generated|pll1|clk[0] ; 0.000        ; 0.082      ; 1.409      ;
; 1.116 ; sonic:inst|i[3]            ; sonic:inst|i[4]                     ; inst4|altpll_component|auto_generated|pll1|clk[0] ; inst4|altpll_component|auto_generated|pll1|clk[0] ; 0.000        ; 0.082      ; 1.410      ;
; 1.117 ; sonic:inst|i[4]            ; sonic:inst|i[5]                     ; inst4|altpll_component|auto_generated|pll1|clk[0] ; inst4|altpll_component|auto_generated|pll1|clk[0] ; 0.000        ; 0.082      ; 1.411      ;
; 1.117 ; data_out_module:inst1|i[2] ; data_out_module:inst1|i[4]          ; inst4|altpll_component|auto_generated|pll1|clk[0] ; inst4|altpll_component|auto_generated|pll1|clk[0] ; 0.000        ; 0.081      ; 1.410      ;
; 1.118 ; data_out_module:inst1|i[4] ; data_out_module:inst1|i[6]          ; inst4|altpll_component|auto_generated|pll1|clk[0] ; inst4|altpll_component|auto_generated|pll1|clk[0] ; 0.000        ; 0.081      ; 1.411      ;
; 1.119 ; sonic:inst|j[4]            ; sonic:inst|j[6]                     ; inst4|altpll_component|auto_generated|pll1|clk[0] ; inst4|altpll_component|auto_generated|pll1|clk[0] ; 0.000        ; 0.082      ; 1.413      ;
; 1.121 ; data_out_module:inst1|i[0] ; data_out_module:inst1|i[2]          ; inst4|altpll_component|auto_generated|pll1|clk[0] ; inst4|altpll_component|auto_generated|pll1|clk[0] ; 0.000        ; 0.081      ; 1.414      ;
; 1.123 ; sonic:inst|i[2]            ; sonic:inst|i[3]                     ; inst4|altpll_component|auto_generated|pll1|clk[0] ; inst4|altpll_component|auto_generated|pll1|clk[0] ; 0.000        ; 0.082      ; 1.417      ;
; 1.125 ; sonic:inst|j[0]            ; sonic:inst|j[2]                     ; inst4|altpll_component|auto_generated|pll1|clk[0] ; inst4|altpll_component|auto_generated|pll1|clk[0] ; 0.000        ; 0.082      ; 1.419      ;
; 1.126 ; sonic:inst|i[4]            ; sonic:inst|i[6]                     ; inst4|altpll_component|auto_generated|pll1|clk[0] ; inst4|altpll_component|auto_generated|pll1|clk[0] ; 0.000        ; 0.082      ; 1.420      ;
; 1.132 ; sonic:inst|i[2]            ; sonic:inst|i[4]                     ; inst4|altpll_component|auto_generated|pll1|clk[0] ; inst4|altpll_component|auto_generated|pll1|clk[0] ; 0.000        ; 0.082      ; 1.426      ;
; 1.148 ; data_out_module:inst1|i[1] ; data_out_module:inst1|i[1]          ; inst4|altpll_component|auto_generated|pll1|clk[0] ; inst4|altpll_component|auto_generated|pll1|clk[0] ; 0.000        ; 0.081      ; 1.441      ;
; 1.166 ; data_out_module:inst1|i[0] ; data_out_module:inst1|i[1]          ; inst4|altpll_component|auto_generated|pll1|clk[0] ; inst4|altpll_component|auto_generated|pll1|clk[0] ; 0.000        ; 0.081      ; 1.459      ;
; 1.185 ; sonic:inst|i[5]            ; sonic:inst|clock                    ; inst4|altpll_component|auto_generated|pll1|clk[0] ; inst4|altpll_component|auto_generated|pll1|clk[0] ; 0.000        ; 0.082      ; 1.479      ;
; 1.197 ; sonic:inst|j[6]            ; sonic:inst|latch                    ; inst4|altpll_component|auto_generated|pll1|clk[0] ; inst4|altpll_component|auto_generated|pll1|clk[0] ; 0.000        ; 0.082      ; 1.491      ;
; 1.209 ; sonic:inst|i[2]            ; sonic:inst|clock                    ; inst4|altpll_component|auto_generated|pll1|clk[0] ; inst4|altpll_component|auto_generated|pll1|clk[0] ; 0.000        ; 0.082      ; 1.503      ;
; 1.213 ; data_out_module:inst1|i[4] ; data_out_module:inst1|i[1]          ; inst4|altpll_component|auto_generated|pll1|clk[0] ; inst4|altpll_component|auto_generated|pll1|clk[0] ; 0.000        ; 0.081      ; 1.506      ;
; 1.216 ; data_out_module:inst1|i[4] ; data_out_module:inst1|i[0]          ; inst4|altpll_component|auto_generated|pll1|clk[0] ; inst4|altpll_component|auto_generated|pll1|clk[0] ; 0.000        ; 0.081      ; 1.509      ;
; 1.228 ; sonic:inst|j[1]            ; sonic:inst|j[1]                     ; inst4|altpll_component|auto_generated|pll1|clk[0] ; inst4|altpll_component|auto_generated|pll1|clk[0] ; 0.000        ; 0.082      ; 1.522      ;
; 1.228 ; sonic:inst|j[1]            ; sonic:inst|j[3]                     ; inst4|altpll_component|auto_generated|pll1|clk[0] ; inst4|altpll_component|auto_generated|pll1|clk[0] ; 0.000        ; 0.082      ; 1.522      ;
; 1.228 ; sonic:inst|j[1]            ; sonic:inst|j[4]                     ; inst4|altpll_component|auto_generated|pll1|clk[0] ; inst4|altpll_component|auto_generated|pll1|clk[0] ; 0.000        ; 0.082      ; 1.522      ;
; 1.229 ; sonic:inst|j[1]            ; sonic:inst|j[0]                     ; inst4|altpll_component|auto_generated|pll1|clk[0] ; inst4|altpll_component|auto_generated|pll1|clk[0] ; 0.000        ; 0.082      ; 1.523      ;
; 1.230 ; data_out_module:inst1|i[3] ; data_out_module:inst1|i[5]          ; inst4|altpll_component|auto_generated|pll1|clk[0] ; inst4|altpll_component|auto_generated|pll1|clk[0] ; 0.000        ; 0.081      ; 1.523      ;
; 1.230 ; sonic:inst|j[3]            ; sonic:inst|j[5]                     ; inst4|altpll_component|auto_generated|pll1|clk[0] ; inst4|altpll_component|auto_generated|pll1|clk[0] ; 0.000        ; 0.082      ; 1.524      ;
; 1.231 ; data_out_module:inst1|i[5] ; data_out_module:inst1|i[7]          ; inst4|altpll_component|auto_generated|pll1|clk[0] ; inst4|altpll_component|auto_generated|pll1|clk[0] ; 0.000        ; 0.081      ; 1.524      ;
; 1.233 ; data_out_module:inst1|i[1] ; data_out_module:inst1|i[3]          ; inst4|altpll_component|auto_generated|pll1|clk[0] ; inst4|altpll_component|auto_generated|pll1|clk[0] ; 0.000        ; 0.081      ; 1.526      ;
; 1.236 ; data_out_module:inst1|i[3] ; data_out_module:inst1|i[0]          ; inst4|altpll_component|auto_generated|pll1|clk[0] ; inst4|altpll_component|auto_generated|pll1|clk[0] ; 0.000        ; 0.081      ; 1.529      ;
; 1.236 ; data_out_module:inst1|i[2] ; data_out_module:inst1|i[0]          ; inst4|altpll_component|auto_generated|pll1|clk[0] ; inst4|altpll_component|auto_generated|pll1|clk[0] ; 0.000        ; 0.081      ; 1.529      ;
; 1.239 ; data_out_module:inst1|i[3] ; data_out_module:inst1|i[6]          ; inst4|altpll_component|auto_generated|pll1|clk[0] ; inst4|altpll_component|auto_generated|pll1|clk[0] ; 0.000        ; 0.081      ; 1.532      ;
; 1.239 ; sonic:inst|j[3]            ; sonic:inst|j[6]                     ; inst4|altpll_component|auto_generated|pll1|clk[0] ; inst4|altpll_component|auto_generated|pll1|clk[0] ; 0.000        ; 0.082      ; 1.533      ;
; 1.242 ; data_out_module:inst1|i[1] ; data_out_module:inst1|i[4]          ; inst4|altpll_component|auto_generated|pll1|clk[0] ; inst4|altpll_component|auto_generated|pll1|clk[0] ; 0.000        ; 0.081      ; 1.535      ;
; 1.246 ; sonic:inst|i[1]            ; sonic:inst|i[3]                     ; inst4|altpll_component|auto_generated|pll1|clk[0] ; inst4|altpll_component|auto_generated|pll1|clk[0] ; 0.000        ; 0.082      ; 1.540      ;
; 1.247 ; sonic:inst|i[3]            ; sonic:inst|i[5]                     ; inst4|altpll_component|auto_generated|pll1|clk[0] ; inst4|altpll_component|auto_generated|pll1|clk[0] ; 0.000        ; 0.082      ; 1.541      ;
; 1.248 ; data_out_module:inst1|i[2] ; data_out_module:inst1|i[5]          ; inst4|altpll_component|auto_generated|pll1|clk[0] ; inst4|altpll_component|auto_generated|pll1|clk[0] ; 0.000        ; 0.081      ; 1.541      ;
; 1.249 ; data_out_module:inst1|i[4] ; data_out_module:inst1|i[7]          ; inst4|altpll_component|auto_generated|pll1|clk[0] ; inst4|altpll_component|auto_generated|pll1|clk[0] ; 0.000        ; 0.081      ; 1.542      ;
; 1.252 ; data_out_module:inst1|i[0] ; data_out_module:inst1|i[3]          ; inst4|altpll_component|auto_generated|pll1|clk[0] ; inst4|altpll_component|auto_generated|pll1|clk[0] ; 0.000        ; 0.081      ; 1.545      ;
; 1.255 ; sonic:inst|i[1]            ; sonic:inst|i[4]                     ; inst4|altpll_component|auto_generated|pll1|clk[0] ; inst4|altpll_component|auto_generated|pll1|clk[0] ; 0.000        ; 0.082      ; 1.549      ;
; 1.256 ; sonic:inst|i[3]            ; sonic:inst|i[6]                     ; inst4|altpll_component|auto_generated|pll1|clk[0] ; inst4|altpll_component|auto_generated|pll1|clk[0] ; 0.000        ; 0.082      ; 1.550      ;
; 1.257 ; sonic:inst|j[2]            ; sonic:inst|j[5]                     ; inst4|altpll_component|auto_generated|pll1|clk[0] ; inst4|altpll_component|auto_generated|pll1|clk[0] ; 0.000        ; 0.082      ; 1.551      ;
; 1.257 ; data_out_module:inst1|i[2] ; data_out_module:inst1|i[6]          ; inst4|altpll_component|auto_generated|pll1|clk[0] ; inst4|altpll_component|auto_generated|pll1|clk[0] ; 0.000        ; 0.081      ; 1.550      ;
; 1.261 ; data_out_module:inst1|i[0] ; data_out_module:inst1|i[4]          ; inst4|altpll_component|auto_generated|pll1|clk[0] ; inst4|altpll_component|auto_generated|pll1|clk[0] ; 0.000        ; 0.081      ; 1.554      ;
; 1.263 ; sonic:inst|i[2]            ; sonic:inst|i[5]                     ; inst4|altpll_component|auto_generated|pll1|clk[0] ; inst4|altpll_component|auto_generated|pll1|clk[0] ; 0.000        ; 0.082      ; 1.557      ;
; 1.266 ; sonic:inst|j[2]            ; sonic:inst|j[6]                     ; inst4|altpll_component|auto_generated|pll1|clk[0] ; inst4|altpll_component|auto_generated|pll1|clk[0] ; 0.000        ; 0.082      ; 1.560      ;
; 1.272 ; sonic:inst|i[2]            ; sonic:inst|i[6]                     ; inst4|altpll_component|auto_generated|pll1|clk[0] ; inst4|altpll_component|auto_generated|pll1|clk[0] ; 0.000        ; 0.082      ; 1.566      ;
; 1.284 ; data_out_module:inst1|j[7] ; data_out_module_8:inst9|data_outpin ; inst4|altpll_component|auto_generated|pll1|clk[0] ; inst4|altpll_component|auto_generated|pll1|clk[0] ; 0.000        ; 0.067      ; 1.563      ;
; 1.290 ; data_out_module:inst1|j[7] ; data_out_module_4:inst5|data_outpin ; inst4|altpll_component|auto_generated|pll1|clk[0] ; inst4|altpll_component|auto_generated|pll1|clk[0] ; 0.000        ; 0.067      ; 1.569      ;
; 1.292 ; sonic:inst|j[4]            ; sonic:inst|j[4]                     ; inst4|altpll_component|auto_generated|pll1|clk[0] ; inst4|altpll_component|auto_generated|pll1|clk[0] ; 0.000        ; 0.082      ; 1.586      ;
; 1.293 ; sonic:inst|j[0]            ; sonic:inst|j[4]                     ; inst4|altpll_component|auto_generated|pll1|clk[0] ; inst4|altpll_component|auto_generated|pll1|clk[0] ; 0.000        ; 0.082      ; 1.587      ;
+-------+----------------------------+-------------------------------------+---------------------------------------------------+---------------------------------------------------+--------------+------------+------------+


+-----------------------------------------------------------------------------------------------------------------------------------------------+
; Slow 1200mV 85C Model Minimum Pulse Width: 'clk_in'                                                                                           ;
+--------+--------------+----------------+------------------+--------+------------+-------------------------------------------------------------+
; Slack  ; Actual Width ; Required Width ; Type             ; Clock  ; Clock Edge ; Target                                                      ;
+--------+--------------+----------------+------------------+--------+------------+-------------------------------------------------------------+
; 9.934  ; 9.934        ; 0.000          ; Low Pulse Width  ; clk_in ; Rise       ; inst4|altpll_component|auto_generated|pll1|clk[0]           ;
; 9.934  ; 9.934        ; 0.000          ; Low Pulse Width  ; clk_in ; Rise       ; inst4|altpll_component|auto_generated|pll1|observablevcoout ;
; 9.954  ; 9.954        ; 0.000          ; Low Pulse Width  ; clk_in ; Rise       ; clk_in~input|o                                              ;
; 9.977  ; 9.977        ; 0.000          ; Low Pulse Width  ; clk_in ; Rise       ; inst4|altpll_component|auto_generated|pll1|inclk[0]         ;
; 10.000 ; 10.000       ; 0.000          ; High Pulse Width ; clk_in ; Rise       ; clk_in~input|i                                              ;
; 10.000 ; 10.000       ; 0.000          ; Low Pulse Width  ; clk_in ; Rise       ; clk_in~input|i                                              ;
; 10.022 ; 10.022       ; 0.000          ; High Pulse Width ; clk_in ; Rise       ; inst4|altpll_component|auto_generated|pll1|inclk[0]         ;
; 10.046 ; 10.046       ; 0.000          ; High Pulse Width ; clk_in ; Rise       ; clk_in~input|o                                              ;
; 10.066 ; 10.066       ; 0.000          ; High Pulse Width ; clk_in ; Rise       ; inst4|altpll_component|auto_generated|pll1|clk[0]           ;
; 10.066 ; 10.066       ; 0.000          ; High Pulse Width ; clk_in ; Rise       ; inst4|altpll_component|auto_generated|pll1|observablevcoout ;
; 16.000 ; 20.000       ; 4.000          ; Port Rate        ; clk_in ; Rise       ; clk_in                                                      ;
+--------+--------------+----------------+------------------+--------+------------+-------------------------------------------------------------+


+------------------------------------------------------------------------------------------------------------------------------------------------------------------------------------------------------+
; Slow 1200mV 85C Model Minimum Pulse Width: 'inst4|altpll_component|auto_generated|pll1|clk[0]'                                                                                                       ;
+--------+--------------+----------------+------------------+---------------------------------------------------+------------+-------------------------------------------------------------------------+
; Slack  ; Actual Width ; Required Width ; Type             ; Clock                                             ; Clock Edge ; Target                                                                  ;
+--------+--------------+----------------+------------------+---------------------------------------------------+------------+-------------------------------------------------------------------------+
; 14.186 ; 14.406       ; 0.220          ; High Pulse Width ; inst4|altpll_component|auto_generated|pll1|clk[0] ; Rise       ; data_out_module:inst1|data_outpin                                       ;
; 14.186 ; 14.406       ; 0.220          ; High Pulse Width ; inst4|altpll_component|auto_generated|pll1|clk[0] ; Rise       ; data_out_module_4:inst5|data_outpin                                     ;
; 14.186 ; 14.406       ; 0.220          ; High Pulse Width ; inst4|altpll_component|auto_generated|pll1|clk[0] ; Rise       ; data_out_module_8:inst9|data_outpin                                     ;
; 14.187 ; 14.407       ; 0.220          ; High Pulse Width ; inst4|altpll_component|auto_generated|pll1|clk[0] ; Rise       ; data_out_module_2:inst3|data_outpin                                     ;
; 14.187 ; 14.407       ; 0.220          ; High Pulse Width ; inst4|altpll_component|auto_generated|pll1|clk[0] ; Rise       ; data_out_module_3:inst2|data_outpin                                     ;
; 14.187 ; 14.407       ; 0.220          ; High Pulse Width ; inst4|altpll_component|auto_generated|pll1|clk[0] ; Rise       ; data_out_module_5:inst6|data_outpin                                     ;
; 14.187 ; 14.407       ; 0.220          ; High Pulse Width ; inst4|altpll_component|auto_generated|pll1|clk[0] ; Rise       ; data_out_module_6:inst7|data_outpin                                     ;
; 14.187 ; 14.407       ; 0.220          ; High Pulse Width ; inst4|altpll_component|auto_generated|pll1|clk[0] ; Rise       ; data_out_module_7:inst8|data_outpin                                     ;
; 14.190 ; 14.410       ; 0.220          ; High Pulse Width ; inst4|altpll_component|auto_generated|pll1|clk[0] ; Rise       ; sonic:inst|clock                                                        ;
; 14.190 ; 14.410       ; 0.220          ; High Pulse Width ; inst4|altpll_component|auto_generated|pll1|clk[0] ; Rise       ; sonic:inst|clockpin                                                     ;
; 14.190 ; 14.410       ; 0.220          ; High Pulse Width ; inst4|altpll_component|auto_generated|pll1|clk[0] ; Rise       ; sonic:inst|i[0]                                                         ;
; 14.190 ; 14.410       ; 0.220          ; High Pulse Width ; inst4|altpll_component|auto_generated|pll1|clk[0] ; Rise       ; sonic:inst|i[1]                                                         ;
; 14.190 ; 14.410       ; 0.220          ; High Pulse Width ; inst4|altpll_component|auto_generated|pll1|clk[0] ; Rise       ; sonic:inst|i[2]                                                         ;
; 14.190 ; 14.410       ; 0.220          ; High Pulse Width ; inst4|altpll_component|auto_generated|pll1|clk[0] ; Rise       ; sonic:inst|i[3]                                                         ;
; 14.190 ; 14.410       ; 0.220          ; High Pulse Width ; inst4|altpll_component|auto_generated|pll1|clk[0] ; Rise       ; sonic:inst|i[4]                                                         ;
; 14.190 ; 14.410       ; 0.220          ; High Pulse Width ; inst4|altpll_component|auto_generated|pll1|clk[0] ; Rise       ; sonic:inst|i[5]                                                         ;
; 14.190 ; 14.410       ; 0.220          ; High Pulse Width ; inst4|altpll_component|auto_generated|pll1|clk[0] ; Rise       ; sonic:inst|i[6]                                                         ;
; 14.190 ; 14.410       ; 0.220          ; High Pulse Width ; inst4|altpll_component|auto_generated|pll1|clk[0] ; Rise       ; sonic:inst|j[0]                                                         ;
; 14.190 ; 14.410       ; 0.220          ; High Pulse Width ; inst4|altpll_component|auto_generated|pll1|clk[0] ; Rise       ; sonic:inst|j[1]                                                         ;
; 14.190 ; 14.410       ; 0.220          ; High Pulse Width ; inst4|altpll_component|auto_generated|pll1|clk[0] ; Rise       ; sonic:inst|j[2]                                                         ;
; 14.190 ; 14.410       ; 0.220          ; High Pulse Width ; inst4|altpll_component|auto_generated|pll1|clk[0] ; Rise       ; sonic:inst|j[3]                                                         ;
; 14.190 ; 14.410       ; 0.220          ; High Pulse Width ; inst4|altpll_component|auto_generated|pll1|clk[0] ; Rise       ; sonic:inst|j[4]                                                         ;
; 14.190 ; 14.410       ; 0.220          ; High Pulse Width ; inst4|altpll_component|auto_generated|pll1|clk[0] ; Rise       ; sonic:inst|j[5]                                                         ;
; 14.190 ; 14.410       ; 0.220          ; High Pulse Width ; inst4|altpll_component|auto_generated|pll1|clk[0] ; Rise       ; sonic:inst|j[6]                                                         ;
; 14.190 ; 14.410       ; 0.220          ; High Pulse Width ; inst4|altpll_component|auto_generated|pll1|clk[0] ; Rise       ; sonic:inst|latch                                                        ;
; 14.190 ; 14.410       ; 0.220          ; High Pulse Width ; inst4|altpll_component|auto_generated|pll1|clk[0] ; Rise       ; sonic:inst|latchpin                                                     ;
; 14.194 ; 14.414       ; 0.220          ; High Pulse Width ; inst4|altpll_component|auto_generated|pll1|clk[0] ; Rise       ; data_out_module:inst1|i[0]                                              ;
; 14.194 ; 14.414       ; 0.220          ; High Pulse Width ; inst4|altpll_component|auto_generated|pll1|clk[0] ; Rise       ; data_out_module:inst1|i[1]                                              ;
; 14.194 ; 14.414       ; 0.220          ; High Pulse Width ; inst4|altpll_component|auto_generated|pll1|clk[0] ; Rise       ; data_out_module:inst1|i[2]                                              ;
; 14.194 ; 14.414       ; 0.220          ; High Pulse Width ; inst4|altpll_component|auto_generated|pll1|clk[0] ; Rise       ; data_out_module:inst1|i[3]                                              ;
; 14.194 ; 14.414       ; 0.220          ; High Pulse Width ; inst4|altpll_component|auto_generated|pll1|clk[0] ; Rise       ; data_out_module:inst1|i[4]                                              ;
; 14.194 ; 14.414       ; 0.220          ; High Pulse Width ; inst4|altpll_component|auto_generated|pll1|clk[0] ; Rise       ; data_out_module:inst1|i[5]                                              ;
; 14.194 ; 14.414       ; 0.220          ; High Pulse Width ; inst4|altpll_component|auto_generated|pll1|clk[0] ; Rise       ; data_out_module:inst1|i[6]                                              ;
; 14.194 ; 14.414       ; 0.220          ; High Pulse Width ; inst4|altpll_component|auto_generated|pll1|clk[0] ; Rise       ; data_out_module:inst1|i[7]                                              ;
; 14.194 ; 14.414       ; 0.220          ; High Pulse Width ; inst4|altpll_component|auto_generated|pll1|clk[0] ; Rise       ; data_out_module:inst1|j[4]                                              ;
; 14.194 ; 14.414       ; 0.220          ; High Pulse Width ; inst4|altpll_component|auto_generated|pll1|clk[0] ; Rise       ; data_out_module:inst1|j[5]                                              ;
; 14.194 ; 14.414       ; 0.220          ; High Pulse Width ; inst4|altpll_component|auto_generated|pll1|clk[0] ; Rise       ; data_out_module:inst1|j[6]                                              ;
; 14.194 ; 14.414       ; 0.220          ; High Pulse Width ; inst4|altpll_component|auto_generated|pll1|clk[0] ; Rise       ; data_out_module:inst1|j[7]                                              ;
; 14.194 ; 14.414       ; 0.220          ; High Pulse Width ; inst4|altpll_component|auto_generated|pll1|clk[0] ; Rise       ; data_out_module:inst1|j[8]                                              ;
; 14.194 ; 14.414       ; 0.220          ; High Pulse Width ; inst4|altpll_component|auto_generated|pll1|clk[0] ; Rise       ; data_out_module:inst1|j[9]                                              ;
; 14.195 ; 14.415       ; 0.220          ; High Pulse Width ; inst4|altpll_component|auto_generated|pll1|clk[0] ; Rise       ; data_out_module:inst1|j[0]                                              ;
; 14.195 ; 14.415       ; 0.220          ; High Pulse Width ; inst4|altpll_component|auto_generated|pll1|clk[0] ; Rise       ; data_out_module:inst1|j[1]                                              ;
; 14.195 ; 14.415       ; 0.220          ; High Pulse Width ; inst4|altpll_component|auto_generated|pll1|clk[0] ; Rise       ; data_out_module:inst1|j[2]                                              ;
; 14.195 ; 14.415       ; 0.220          ; High Pulse Width ; inst4|altpll_component|auto_generated|pll1|clk[0] ; Rise       ; data_out_module:inst1|j[3]                                              ;
; 14.332 ; 14.520       ; 0.188          ; Low Pulse Width  ; inst4|altpll_component|auto_generated|pll1|clk[0] ; Rise       ; data_out_module:inst1|j[0]                                              ;
; 14.332 ; 14.520       ; 0.188          ; Low Pulse Width  ; inst4|altpll_component|auto_generated|pll1|clk[0] ; Rise       ; data_out_module:inst1|j[1]                                              ;
; 14.332 ; 14.520       ; 0.188          ; Low Pulse Width  ; inst4|altpll_component|auto_generated|pll1|clk[0] ; Rise       ; data_out_module:inst1|j[2]                                              ;
; 14.332 ; 14.520       ; 0.188          ; Low Pulse Width  ; inst4|altpll_component|auto_generated|pll1|clk[0] ; Rise       ; data_out_module:inst1|j[3]                                              ;
; 14.332 ; 14.520       ; 0.188          ; Low Pulse Width  ; inst4|altpll_component|auto_generated|pll1|clk[0] ; Rise       ; data_out_module:inst1|j[4]                                              ;
; 14.332 ; 14.520       ; 0.188          ; Low Pulse Width  ; inst4|altpll_component|auto_generated|pll1|clk[0] ; Rise       ; data_out_module:inst1|j[5]                                              ;
; 14.332 ; 14.520       ; 0.188          ; Low Pulse Width  ; inst4|altpll_component|auto_generated|pll1|clk[0] ; Rise       ; data_out_module:inst1|j[6]                                              ;
; 14.332 ; 14.520       ; 0.188          ; Low Pulse Width  ; inst4|altpll_component|auto_generated|pll1|clk[0] ; Rise       ; data_out_module:inst1|j[7]                                              ;
; 14.332 ; 14.520       ; 0.188          ; Low Pulse Width  ; inst4|altpll_component|auto_generated|pll1|clk[0] ; Rise       ; data_out_module:inst1|j[8]                                              ;
; 14.332 ; 14.520       ; 0.188          ; Low Pulse Width  ; inst4|altpll_component|auto_generated|pll1|clk[0] ; Rise       ; data_out_module:inst1|j[9]                                              ;
; 14.333 ; 14.521       ; 0.188          ; Low Pulse Width  ; inst4|altpll_component|auto_generated|pll1|clk[0] ; Rise       ; data_out_module:inst1|i[0]                                              ;
; 14.333 ; 14.521       ; 0.188          ; Low Pulse Width  ; inst4|altpll_component|auto_generated|pll1|clk[0] ; Rise       ; data_out_module:inst1|i[1]                                              ;
; 14.333 ; 14.521       ; 0.188          ; Low Pulse Width  ; inst4|altpll_component|auto_generated|pll1|clk[0] ; Rise       ; data_out_module:inst1|i[2]                                              ;
; 14.333 ; 14.521       ; 0.188          ; Low Pulse Width  ; inst4|altpll_component|auto_generated|pll1|clk[0] ; Rise       ; data_out_module:inst1|i[3]                                              ;
; 14.333 ; 14.521       ; 0.188          ; Low Pulse Width  ; inst4|altpll_component|auto_generated|pll1|clk[0] ; Rise       ; data_out_module:inst1|i[4]                                              ;
; 14.333 ; 14.521       ; 0.188          ; Low Pulse Width  ; inst4|altpll_component|auto_generated|pll1|clk[0] ; Rise       ; data_out_module:inst1|i[5]                                              ;
; 14.333 ; 14.521       ; 0.188          ; Low Pulse Width  ; inst4|altpll_component|auto_generated|pll1|clk[0] ; Rise       ; data_out_module:inst1|i[6]                                              ;
; 14.333 ; 14.521       ; 0.188          ; Low Pulse Width  ; inst4|altpll_component|auto_generated|pll1|clk[0] ; Rise       ; data_out_module:inst1|i[7]                                              ;
; 14.336 ; 14.524       ; 0.188          ; Low Pulse Width  ; inst4|altpll_component|auto_generated|pll1|clk[0] ; Rise       ; sonic:inst|clock                                                        ;
; 14.336 ; 14.524       ; 0.188          ; Low Pulse Width  ; inst4|altpll_component|auto_generated|pll1|clk[0] ; Rise       ; sonic:inst|clockpin                                                     ;
; 14.336 ; 14.524       ; 0.188          ; Low Pulse Width  ; inst4|altpll_component|auto_generated|pll1|clk[0] ; Rise       ; sonic:inst|i[0]                                                         ;
; 14.336 ; 14.524       ; 0.188          ; Low Pulse Width  ; inst4|altpll_component|auto_generated|pll1|clk[0] ; Rise       ; sonic:inst|i[1]                                                         ;
; 14.336 ; 14.524       ; 0.188          ; Low Pulse Width  ; inst4|altpll_component|auto_generated|pll1|clk[0] ; Rise       ; sonic:inst|i[2]                                                         ;
; 14.336 ; 14.524       ; 0.188          ; Low Pulse Width  ; inst4|altpll_component|auto_generated|pll1|clk[0] ; Rise       ; sonic:inst|i[3]                                                         ;
; 14.336 ; 14.524       ; 0.188          ; Low Pulse Width  ; inst4|altpll_component|auto_generated|pll1|clk[0] ; Rise       ; sonic:inst|i[4]                                                         ;
; 14.336 ; 14.524       ; 0.188          ; Low Pulse Width  ; inst4|altpll_component|auto_generated|pll1|clk[0] ; Rise       ; sonic:inst|i[5]                                                         ;
; 14.336 ; 14.524       ; 0.188          ; Low Pulse Width  ; inst4|altpll_component|auto_generated|pll1|clk[0] ; Rise       ; sonic:inst|i[6]                                                         ;
; 14.336 ; 14.524       ; 0.188          ; Low Pulse Width  ; inst4|altpll_component|auto_generated|pll1|clk[0] ; Rise       ; sonic:inst|j[0]                                                         ;
; 14.336 ; 14.524       ; 0.188          ; Low Pulse Width  ; inst4|altpll_component|auto_generated|pll1|clk[0] ; Rise       ; sonic:inst|j[1]                                                         ;
; 14.336 ; 14.524       ; 0.188          ; Low Pulse Width  ; inst4|altpll_component|auto_generated|pll1|clk[0] ; Rise       ; sonic:inst|j[2]                                                         ;
; 14.336 ; 14.524       ; 0.188          ; Low Pulse Width  ; inst4|altpll_component|auto_generated|pll1|clk[0] ; Rise       ; sonic:inst|j[3]                                                         ;
; 14.336 ; 14.524       ; 0.188          ; Low Pulse Width  ; inst4|altpll_component|auto_generated|pll1|clk[0] ; Rise       ; sonic:inst|j[4]                                                         ;
; 14.336 ; 14.524       ; 0.188          ; Low Pulse Width  ; inst4|altpll_component|auto_generated|pll1|clk[0] ; Rise       ; sonic:inst|j[5]                                                         ;
; 14.336 ; 14.524       ; 0.188          ; Low Pulse Width  ; inst4|altpll_component|auto_generated|pll1|clk[0] ; Rise       ; sonic:inst|j[6]                                                         ;
; 14.336 ; 14.524       ; 0.188          ; Low Pulse Width  ; inst4|altpll_component|auto_generated|pll1|clk[0] ; Rise       ; sonic:inst|latch                                                        ;
; 14.336 ; 14.524       ; 0.188          ; Low Pulse Width  ; inst4|altpll_component|auto_generated|pll1|clk[0] ; Rise       ; sonic:inst|latchpin                                                     ;
; 14.339 ; 14.527       ; 0.188          ; Low Pulse Width  ; inst4|altpll_component|auto_generated|pll1|clk[0] ; Rise       ; data_out_module:inst1|data_outpin                                       ;
; 14.339 ; 14.527       ; 0.188          ; Low Pulse Width  ; inst4|altpll_component|auto_generated|pll1|clk[0] ; Rise       ; data_out_module_2:inst3|data_outpin                                     ;
; 14.339 ; 14.527       ; 0.188          ; Low Pulse Width  ; inst4|altpll_component|auto_generated|pll1|clk[0] ; Rise       ; data_out_module_3:inst2|data_outpin                                     ;
; 14.339 ; 14.527       ; 0.188          ; Low Pulse Width  ; inst4|altpll_component|auto_generated|pll1|clk[0] ; Rise       ; data_out_module_4:inst5|data_outpin                                     ;
; 14.339 ; 14.527       ; 0.188          ; Low Pulse Width  ; inst4|altpll_component|auto_generated|pll1|clk[0] ; Rise       ; data_out_module_5:inst6|data_outpin                                     ;
; 14.339 ; 14.527       ; 0.188          ; Low Pulse Width  ; inst4|altpll_component|auto_generated|pll1|clk[0] ; Rise       ; data_out_module_6:inst7|data_outpin                                     ;
; 14.339 ; 14.527       ; 0.188          ; Low Pulse Width  ; inst4|altpll_component|auto_generated|pll1|clk[0] ; Rise       ; data_out_module_7:inst8|data_outpin                                     ;
; 14.339 ; 14.527       ; 0.188          ; Low Pulse Width  ; inst4|altpll_component|auto_generated|pll1|clk[0] ; Rise       ; data_out_module_8:inst9|data_outpin                                     ;
; 14.435 ; 14.435       ; 0.000          ; High Pulse Width ; inst4|altpll_component|auto_generated|pll1|clk[0] ; Rise       ; inst4|altpll_component|auto_generated|wire_pll1_clk[0]~clkctrl|inclk[0] ;
; 14.435 ; 14.435       ; 0.000          ; High Pulse Width ; inst4|altpll_component|auto_generated|pll1|clk[0] ; Rise       ; inst4|altpll_component|auto_generated|wire_pll1_clk[0]~clkctrl|outclk   ;
; 14.455 ; 14.455       ; 0.000          ; High Pulse Width ; inst4|altpll_component|auto_generated|pll1|clk[0] ; Rise       ; inst1|data_outpin|clk                                                   ;
; 14.455 ; 14.455       ; 0.000          ; High Pulse Width ; inst4|altpll_component|auto_generated|pll1|clk[0] ; Rise       ; inst5|data_outpin|clk                                                   ;
; 14.455 ; 14.455       ; 0.000          ; High Pulse Width ; inst4|altpll_component|auto_generated|pll1|clk[0] ; Rise       ; inst9|data_outpin|clk                                                   ;
; 14.456 ; 14.456       ; 0.000          ; High Pulse Width ; inst4|altpll_component|auto_generated|pll1|clk[0] ; Rise       ; inst2|data_outpin|clk                                                   ;
; 14.456 ; 14.456       ; 0.000          ; High Pulse Width ; inst4|altpll_component|auto_generated|pll1|clk[0] ; Rise       ; inst3|data_outpin|clk                                                   ;
; 14.456 ; 14.456       ; 0.000          ; High Pulse Width ; inst4|altpll_component|auto_generated|pll1|clk[0] ; Rise       ; inst6|data_outpin|clk                                                   ;
; 14.456 ; 14.456       ; 0.000          ; High Pulse Width ; inst4|altpll_component|auto_generated|pll1|clk[0] ; Rise       ; inst7|data_outpin|clk                                                   ;
; 14.456 ; 14.456       ; 0.000          ; High Pulse Width ; inst4|altpll_component|auto_generated|pll1|clk[0] ; Rise       ; inst8|data_outpin|clk                                                   ;
; 14.459 ; 14.459       ; 0.000          ; High Pulse Width ; inst4|altpll_component|auto_generated|pll1|clk[0] ; Rise       ; inst|clockpin|clk                                                       ;
; 14.459 ; 14.459       ; 0.000          ; High Pulse Width ; inst4|altpll_component|auto_generated|pll1|clk[0] ; Rise       ; inst|clock|clk                                                          ;
+--------+--------------+----------------+------------------+---------------------------------------------------+------------+-------------------------------------------------------------------------+


+-------------------------------------------------------------------------------------------------------------+
; Clock to Output Times                                                                                       ;
+---------------+------------+-------+-------+------------+---------------------------------------------------+
; Data Port     ; Clock Port ; Rise  ; Fall  ; Clock Edge ; Clock Reference                                   ;
+---------------+------------+-------+-------+------------+---------------------------------------------------+
; clockpin      ; clk_in     ; 4.530 ; 4.437 ; Rise       ; inst4|altpll_component|auto_generated|pll1|clk[0] ;
; data_outpin   ; clk_in     ; 5.673 ; 5.582 ; Rise       ; inst4|altpll_component|auto_generated|pll1|clk[0] ;
; data_outpin_2 ; clk_in     ; 5.576 ; 5.449 ; Rise       ; inst4|altpll_component|auto_generated|pll1|clk[0] ;
; data_outpin_3 ; clk_in     ; 5.995 ; 5.882 ; Rise       ; inst4|altpll_component|auto_generated|pll1|clk[0] ;
; data_outpin_4 ; clk_in     ; 8.411 ; 8.236 ; Rise       ; inst4|altpll_component|auto_generated|pll1|clk[0] ;
; data_outpin_5 ; clk_in     ; 6.024 ; 5.879 ; Rise       ; inst4|altpll_component|auto_generated|pll1|clk[0] ;
; data_outpin_6 ; clk_in     ; 6.015 ; 5.870 ; Rise       ; inst4|altpll_component|auto_generated|pll1|clk[0] ;
; data_outpin_7 ; clk_in     ; 5.081 ; 5.049 ; Rise       ; inst4|altpll_component|auto_generated|pll1|clk[0] ;
; data_outpin_8 ; clk_in     ; 7.724 ; 7.601 ; Rise       ; inst4|altpll_component|auto_generated|pll1|clk[0] ;
; latchpin      ; clk_in     ; 4.273 ; 4.241 ; Rise       ; inst4|altpll_component|auto_generated|pll1|clk[0] ;
+---------------+------------+-------+-------+------------+---------------------------------------------------+


+-------------------------------------------------------------------------------------------------------------+
; Minimum Clock to Output Times                                                                               ;
+---------------+------------+-------+-------+------------+---------------------------------------------------+
; Data Port     ; Clock Port ; Rise  ; Fall  ; Clock Edge ; Clock Reference                                   ;
+---------------+------------+-------+-------+------------+---------------------------------------------------+
; clockpin      ; clk_in     ; 3.967 ; 3.876 ; Rise       ; inst4|altpll_component|auto_generated|pll1|clk[0] ;
; data_outpin   ; clk_in     ; 5.063 ; 4.973 ; Rise       ; inst4|altpll_component|auto_generated|pll1|clk[0] ;
; data_outpin_2 ; clk_in     ; 4.974 ; 4.851 ; Rise       ; inst4|altpll_component|auto_generated|pll1|clk[0] ;
; data_outpin_3 ; clk_in     ; 5.375 ; 5.266 ; Rise       ; inst4|altpll_component|auto_generated|pll1|clk[0] ;
; data_outpin_4 ; clk_in     ; 7.749 ; 7.584 ; Rise       ; inst4|altpll_component|auto_generated|pll1|clk[0] ;
; data_outpin_5 ; clk_in     ; 5.400 ; 5.259 ; Rise       ; inst4|altpll_component|auto_generated|pll1|clk[0] ;
; data_outpin_6 ; clk_in     ; 5.395 ; 5.255 ; Rise       ; inst4|altpll_component|auto_generated|pll1|clk[0] ;
; data_outpin_7 ; clk_in     ; 4.498 ; 4.466 ; Rise       ; inst4|altpll_component|auto_generated|pll1|clk[0] ;
; data_outpin_8 ; clk_in     ; 7.089 ; 6.974 ; Rise       ; inst4|altpll_component|auto_generated|pll1|clk[0] ;
; latchpin      ; clk_in     ; 3.719 ; 3.687 ; Rise       ; inst4|altpll_component|auto_generated|pll1|clk[0] ;
+---------------+------------+-------+-------+------------+---------------------------------------------------+


----------------------------------------------
; Slow 1200mV 85C Model Metastability Report ;
----------------------------------------------
No synchronizer chains to report.


+-----------------------------------------------------------------------------------------+
; Slow 1200mV 0C Model Fmax Summary                                                       ;
+------------+-----------------+---------------------------------------------------+------+
; Fmax       ; Restricted Fmax ; Clock Name                                        ; Note ;
+------------+-----------------+---------------------------------------------------+------+
; 129.42 MHz ; 129.42 MHz      ; inst4|altpll_component|auto_generated|pll1|clk[0] ;      ;
+------------+-----------------+---------------------------------------------------+------+
This panel reports FMAX for every clock in the design, regardless of the user-specified clock periods.  FMAX is only computed for paths where the source and destination registers or ports are driven by the same clock.  Paths of different clocks, including generated clocks, are ignored.  For paths between a clock and its inversion, FMAX is computed as if the rising and falling edges are scaled along with FMAX, such that the duty cycle (in terms of a percentage) is maintained. Altera recommends that you always use clock constraints and other slack reports for sign-off analysis.


+----------------------------------------------------------------------------+
; Slow 1200mV 0C Model Setup Summary                                         ;
+---------------------------------------------------+--------+---------------+
; Clock                                             ; Slack  ; End Point TNS ;
+---------------------------------------------------+--------+---------------+
; inst4|altpll_component|auto_generated|pll1|clk[0] ; 21.209 ; 0.000         ;
+---------------------------------------------------+--------+---------------+


+---------------------------------------------------------------------------+
; Slow 1200mV 0C Model Hold Summary                                         ;
+---------------------------------------------------+-------+---------------+
; Clock                                             ; Slack ; End Point TNS ;
+---------------------------------------------------+-------+---------------+
; inst4|altpll_component|auto_generated|pll1|clk[0] ; 0.401 ; 0.000         ;
+---------------------------------------------------+-------+---------------+


-----------------------------------------
; Slow 1200mV 0C Model Recovery Summary ;
-----------------------------------------
No paths to report.


----------------------------------------
; Slow 1200mV 0C Model Removal Summary ;
----------------------------------------
No paths to report.


+----------------------------------------------------------------------------+
; Slow 1200mV 0C Model Minimum Pulse Width Summary                           ;
+---------------------------------------------------+--------+---------------+
; Clock                                             ; Slack  ; End Point TNS ;
+---------------------------------------------------+--------+---------------+
; clk_in                                            ; 9.943  ; 0.000         ;
; inst4|altpll_component|auto_generated|pll1|clk[0] ; 14.184 ; 0.000         ;
+---------------------------------------------------+--------+---------------+


+----------------------------------------------------------------------------------------------------------------------------------------------------------------------------------------------------------------------------+
; Slow 1200mV 0C Model Setup: 'inst4|altpll_component|auto_generated|pll1|clk[0]'                                                                                                                                            ;
+--------+----------------------------+-------------------------------------+---------------------------------------------------+---------------------------------------------------+--------------+------------+------------+
; Slack  ; From Node                  ; To Node                             ; Launch Clock                                      ; Latch Clock                                       ; Relationship ; Clock Skew ; Data Delay ;
+--------+----------------------------+-------------------------------------+---------------------------------------------------+---------------------------------------------------+--------------+------------+------------+
; 21.209 ; data_out_module:inst1|j[1] ; data_out_module_3:inst2|data_outpin ; inst4|altpll_component|auto_generated|pll1|clk[0] ; inst4|altpll_component|auto_generated|pll1|clk[0] ; 28.936       ; -0.087     ; 7.642      ;
; 21.209 ; data_out_module:inst1|j[1] ; data_out_module_5:inst6|data_outpin ; inst4|altpll_component|auto_generated|pll1|clk[0] ; inst4|altpll_component|auto_generated|pll1|clk[0] ; 28.936       ; -0.087     ; 7.642      ;
; 21.210 ; data_out_module:inst1|j[1] ; data_out_module_6:inst7|data_outpin ; inst4|altpll_component|auto_generated|pll1|clk[0] ; inst4|altpll_component|auto_generated|pll1|clk[0] ; 28.936       ; -0.087     ; 7.641      ;
; 21.211 ; data_out_module:inst1|j[1] ; data_out_module_7:inst8|data_outpin ; inst4|altpll_component|auto_generated|pll1|clk[0] ; inst4|altpll_component|auto_generated|pll1|clk[0] ; 28.936       ; -0.087     ; 7.640      ;
; 21.212 ; data_out_module:inst1|j[1] ; data_out_module_2:inst3|data_outpin ; inst4|altpll_component|auto_generated|pll1|clk[0] ; inst4|altpll_component|auto_generated|pll1|clk[0] ; 28.936       ; -0.087     ; 7.639      ;
; 21.278 ; data_out_module:inst1|j[2] ; data_out_module_3:inst2|data_outpin ; inst4|altpll_component|auto_generated|pll1|clk[0] ; inst4|altpll_component|auto_generated|pll1|clk[0] ; 28.936       ; -0.087     ; 7.573      ;
; 21.278 ; data_out_module:inst1|j[2] ; data_out_module_5:inst6|data_outpin ; inst4|altpll_component|auto_generated|pll1|clk[0] ; inst4|altpll_component|auto_generated|pll1|clk[0] ; 28.936       ; -0.087     ; 7.573      ;
; 21.279 ; data_out_module:inst1|j[2] ; data_out_module_6:inst7|data_outpin ; inst4|altpll_component|auto_generated|pll1|clk[0] ; inst4|altpll_component|auto_generated|pll1|clk[0] ; 28.936       ; -0.087     ; 7.572      ;
; 21.280 ; data_out_module:inst1|j[2] ; data_out_module_7:inst8|data_outpin ; inst4|altpll_component|auto_generated|pll1|clk[0] ; inst4|altpll_component|auto_generated|pll1|clk[0] ; 28.936       ; -0.087     ; 7.571      ;
; 21.281 ; data_out_module:inst1|j[2] ; data_out_module_2:inst3|data_outpin ; inst4|altpll_component|auto_generated|pll1|clk[0] ; inst4|altpll_component|auto_generated|pll1|clk[0] ; 28.936       ; -0.087     ; 7.570      ;
; 21.374 ; data_out_module:inst1|j[0] ; data_out_module_3:inst2|data_outpin ; inst4|altpll_component|auto_generated|pll1|clk[0] ; inst4|altpll_component|auto_generated|pll1|clk[0] ; 28.936       ; -0.087     ; 7.477      ;
; 21.374 ; data_out_module:inst1|j[0] ; data_out_module_5:inst6|data_outpin ; inst4|altpll_component|auto_generated|pll1|clk[0] ; inst4|altpll_component|auto_generated|pll1|clk[0] ; 28.936       ; -0.087     ; 7.477      ;
; 21.375 ; data_out_module:inst1|j[0] ; data_out_module_6:inst7|data_outpin ; inst4|altpll_component|auto_generated|pll1|clk[0] ; inst4|altpll_component|auto_generated|pll1|clk[0] ; 28.936       ; -0.087     ; 7.476      ;
; 21.376 ; data_out_module:inst1|j[0] ; data_out_module_7:inst8|data_outpin ; inst4|altpll_component|auto_generated|pll1|clk[0] ; inst4|altpll_component|auto_generated|pll1|clk[0] ; 28.936       ; -0.087     ; 7.475      ;
; 21.377 ; data_out_module:inst1|j[0] ; data_out_module_2:inst3|data_outpin ; inst4|altpll_component|auto_generated|pll1|clk[0] ; inst4|altpll_component|auto_generated|pll1|clk[0] ; 28.936       ; -0.087     ; 7.474      ;
; 21.506 ; data_out_module:inst1|j[3] ; data_out_module_3:inst2|data_outpin ; inst4|altpll_component|auto_generated|pll1|clk[0] ; inst4|altpll_component|auto_generated|pll1|clk[0] ; 28.936       ; -0.087     ; 7.345      ;
; 21.506 ; data_out_module:inst1|j[3] ; data_out_module_5:inst6|data_outpin ; inst4|altpll_component|auto_generated|pll1|clk[0] ; inst4|altpll_component|auto_generated|pll1|clk[0] ; 28.936       ; -0.087     ; 7.345      ;
; 21.507 ; data_out_module:inst1|j[3] ; data_out_module_6:inst7|data_outpin ; inst4|altpll_component|auto_generated|pll1|clk[0] ; inst4|altpll_component|auto_generated|pll1|clk[0] ; 28.936       ; -0.087     ; 7.344      ;
; 21.508 ; data_out_module:inst1|j[3] ; data_out_module_7:inst8|data_outpin ; inst4|altpll_component|auto_generated|pll1|clk[0] ; inst4|altpll_component|auto_generated|pll1|clk[0] ; 28.936       ; -0.087     ; 7.343      ;
; 21.509 ; data_out_module:inst1|j[3] ; data_out_module_2:inst3|data_outpin ; inst4|altpll_component|auto_generated|pll1|clk[0] ; inst4|altpll_component|auto_generated|pll1|clk[0] ; 28.936       ; -0.087     ; 7.342      ;
; 22.056 ; data_out_module:inst1|j[8] ; data_out_module_3:inst2|data_outpin ; inst4|altpll_component|auto_generated|pll1|clk[0] ; inst4|altpll_component|auto_generated|pll1|clk[0] ; 28.936       ; -0.081     ; 6.801      ;
; 22.056 ; data_out_module:inst1|j[8] ; data_out_module_5:inst6|data_outpin ; inst4|altpll_component|auto_generated|pll1|clk[0] ; inst4|altpll_component|auto_generated|pll1|clk[0] ; 28.936       ; -0.081     ; 6.801      ;
; 22.057 ; data_out_module:inst1|j[8] ; data_out_module_6:inst7|data_outpin ; inst4|altpll_component|auto_generated|pll1|clk[0] ; inst4|altpll_component|auto_generated|pll1|clk[0] ; 28.936       ; -0.081     ; 6.800      ;
; 22.058 ; data_out_module:inst1|j[8] ; data_out_module_7:inst8|data_outpin ; inst4|altpll_component|auto_generated|pll1|clk[0] ; inst4|altpll_component|auto_generated|pll1|clk[0] ; 28.936       ; -0.081     ; 6.799      ;
; 22.059 ; data_out_module:inst1|j[8] ; data_out_module_2:inst3|data_outpin ; inst4|altpll_component|auto_generated|pll1|clk[0] ; inst4|altpll_component|auto_generated|pll1|clk[0] ; 28.936       ; -0.081     ; 6.798      ;
; 22.476 ; data_out_module:inst1|j[5] ; data_out_module_3:inst2|data_outpin ; inst4|altpll_component|auto_generated|pll1|clk[0] ; inst4|altpll_component|auto_generated|pll1|clk[0] ; 28.936       ; -0.081     ; 6.381      ;
; 22.476 ; data_out_module:inst1|j[5] ; data_out_module_5:inst6|data_outpin ; inst4|altpll_component|auto_generated|pll1|clk[0] ; inst4|altpll_component|auto_generated|pll1|clk[0] ; 28.936       ; -0.081     ; 6.381      ;
; 22.477 ; data_out_module:inst1|j[5] ; data_out_module_6:inst7|data_outpin ; inst4|altpll_component|auto_generated|pll1|clk[0] ; inst4|altpll_component|auto_generated|pll1|clk[0] ; 28.936       ; -0.081     ; 6.380      ;
; 22.478 ; data_out_module:inst1|j[5] ; data_out_module_7:inst8|data_outpin ; inst4|altpll_component|auto_generated|pll1|clk[0] ; inst4|altpll_component|auto_generated|pll1|clk[0] ; 28.936       ; -0.081     ; 6.379      ;
; 22.479 ; data_out_module:inst1|j[5] ; data_out_module_2:inst3|data_outpin ; inst4|altpll_component|auto_generated|pll1|clk[0] ; inst4|altpll_component|auto_generated|pll1|clk[0] ; 28.936       ; -0.081     ; 6.378      ;
; 22.503 ; data_out_module:inst1|j[1] ; data_out_module:inst1|data_outpin   ; inst4|altpll_component|auto_generated|pll1|clk[0] ; inst4|altpll_component|auto_generated|pll1|clk[0] ; 28.936       ; -0.092     ; 6.343      ;
; 22.572 ; data_out_module:inst1|j[2] ; data_out_module:inst1|data_outpin   ; inst4|altpll_component|auto_generated|pll1|clk[0] ; inst4|altpll_component|auto_generated|pll1|clk[0] ; 28.936       ; -0.092     ; 6.274      ;
; 22.668 ; data_out_module:inst1|j[0] ; data_out_module:inst1|data_outpin   ; inst4|altpll_component|auto_generated|pll1|clk[0] ; inst4|altpll_component|auto_generated|pll1|clk[0] ; 28.936       ; -0.092     ; 6.178      ;
; 22.800 ; data_out_module:inst1|j[3] ; data_out_module:inst1|data_outpin   ; inst4|altpll_component|auto_generated|pll1|clk[0] ; inst4|altpll_component|auto_generated|pll1|clk[0] ; 28.936       ; -0.092     ; 6.046      ;
; 22.883 ; data_out_module:inst1|j[1] ; data_out_module_8:inst9|data_outpin ; inst4|altpll_component|auto_generated|pll1|clk[0] ; inst4|altpll_component|auto_generated|pll1|clk[0] ; 28.936       ; -0.092     ; 5.963      ;
; 22.952 ; data_out_module:inst1|j[2] ; data_out_module_8:inst9|data_outpin ; inst4|altpll_component|auto_generated|pll1|clk[0] ; inst4|altpll_component|auto_generated|pll1|clk[0] ; 28.936       ; -0.092     ; 5.894      ;
; 23.048 ; data_out_module:inst1|j[0] ; data_out_module_8:inst9|data_outpin ; inst4|altpll_component|auto_generated|pll1|clk[0] ; inst4|altpll_component|auto_generated|pll1|clk[0] ; 28.936       ; -0.092     ; 5.798      ;
; 23.125 ; data_out_module:inst1|j[4] ; data_out_module_3:inst2|data_outpin ; inst4|altpll_component|auto_generated|pll1|clk[0] ; inst4|altpll_component|auto_generated|pll1|clk[0] ; 28.936       ; -0.081     ; 5.732      ;
; 23.125 ; data_out_module:inst1|j[4] ; data_out_module_5:inst6|data_outpin ; inst4|altpll_component|auto_generated|pll1|clk[0] ; inst4|altpll_component|auto_generated|pll1|clk[0] ; 28.936       ; -0.081     ; 5.732      ;
; 23.126 ; data_out_module:inst1|j[4] ; data_out_module_6:inst7|data_outpin ; inst4|altpll_component|auto_generated|pll1|clk[0] ; inst4|altpll_component|auto_generated|pll1|clk[0] ; 28.936       ; -0.081     ; 5.731      ;
; 23.127 ; data_out_module:inst1|j[4] ; data_out_module_7:inst8|data_outpin ; inst4|altpll_component|auto_generated|pll1|clk[0] ; inst4|altpll_component|auto_generated|pll1|clk[0] ; 28.936       ; -0.081     ; 5.730      ;
; 23.128 ; data_out_module:inst1|j[4] ; data_out_module_2:inst3|data_outpin ; inst4|altpll_component|auto_generated|pll1|clk[0] ; inst4|altpll_component|auto_generated|pll1|clk[0] ; 28.936       ; -0.081     ; 5.729      ;
; 23.180 ; data_out_module:inst1|j[3] ; data_out_module_8:inst9|data_outpin ; inst4|altpll_component|auto_generated|pll1|clk[0] ; inst4|altpll_component|auto_generated|pll1|clk[0] ; 28.936       ; -0.092     ; 5.666      ;
; 23.350 ; data_out_module:inst1|j[8] ; data_out_module:inst1|data_outpin   ; inst4|altpll_component|auto_generated|pll1|clk[0] ; inst4|altpll_component|auto_generated|pll1|clk[0] ; 28.936       ; -0.086     ; 5.502      ;
; 23.434 ; data_out_module:inst1|j[6] ; data_out_module_3:inst2|data_outpin ; inst4|altpll_component|auto_generated|pll1|clk[0] ; inst4|altpll_component|auto_generated|pll1|clk[0] ; 28.936       ; -0.081     ; 5.423      ;
; 23.434 ; data_out_module:inst1|j[6] ; data_out_module_5:inst6|data_outpin ; inst4|altpll_component|auto_generated|pll1|clk[0] ; inst4|altpll_component|auto_generated|pll1|clk[0] ; 28.936       ; -0.081     ; 5.423      ;
; 23.435 ; data_out_module:inst1|j[6] ; data_out_module_6:inst7|data_outpin ; inst4|altpll_component|auto_generated|pll1|clk[0] ; inst4|altpll_component|auto_generated|pll1|clk[0] ; 28.936       ; -0.081     ; 5.422      ;
; 23.436 ; data_out_module:inst1|j[6] ; data_out_module_7:inst8|data_outpin ; inst4|altpll_component|auto_generated|pll1|clk[0] ; inst4|altpll_component|auto_generated|pll1|clk[0] ; 28.936       ; -0.081     ; 5.421      ;
; 23.437 ; data_out_module:inst1|j[6] ; data_out_module_2:inst3|data_outpin ; inst4|altpll_component|auto_generated|pll1|clk[0] ; inst4|altpll_component|auto_generated|pll1|clk[0] ; 28.936       ; -0.081     ; 5.420      ;
; 23.480 ; data_out_module:inst1|j[9] ; data_out_module_3:inst2|data_outpin ; inst4|altpll_component|auto_generated|pll1|clk[0] ; inst4|altpll_component|auto_generated|pll1|clk[0] ; 28.936       ; -0.081     ; 5.377      ;
; 23.480 ; data_out_module:inst1|j[9] ; data_out_module_5:inst6|data_outpin ; inst4|altpll_component|auto_generated|pll1|clk[0] ; inst4|altpll_component|auto_generated|pll1|clk[0] ; 28.936       ; -0.081     ; 5.377      ;
; 23.481 ; data_out_module:inst1|j[9] ; data_out_module_6:inst7|data_outpin ; inst4|altpll_component|auto_generated|pll1|clk[0] ; inst4|altpll_component|auto_generated|pll1|clk[0] ; 28.936       ; -0.081     ; 5.376      ;
; 23.482 ; data_out_module:inst1|j[9] ; data_out_module_7:inst8|data_outpin ; inst4|altpll_component|auto_generated|pll1|clk[0] ; inst4|altpll_component|auto_generated|pll1|clk[0] ; 28.936       ; -0.081     ; 5.375      ;
; 23.483 ; data_out_module:inst1|j[9] ; data_out_module_2:inst3|data_outpin ; inst4|altpll_component|auto_generated|pll1|clk[0] ; inst4|altpll_component|auto_generated|pll1|clk[0] ; 28.936       ; -0.081     ; 5.374      ;
; 23.615 ; data_out_module:inst1|j[1] ; data_out_module_4:inst5|data_outpin ; inst4|altpll_component|auto_generated|pll1|clk[0] ; inst4|altpll_component|auto_generated|pll1|clk[0] ; 28.936       ; -0.092     ; 5.231      ;
; 23.740 ; data_out_module:inst1|j[8] ; data_out_module_8:inst9|data_outpin ; inst4|altpll_component|auto_generated|pll1|clk[0] ; inst4|altpll_component|auto_generated|pll1|clk[0] ; 28.936       ; -0.086     ; 5.112      ;
; 23.752 ; data_out_module:inst1|j[2] ; data_out_module_4:inst5|data_outpin ; inst4|altpll_component|auto_generated|pll1|clk[0] ; inst4|altpll_component|auto_generated|pll1|clk[0] ; 28.936       ; -0.092     ; 5.094      ;
; 23.759 ; data_out_module:inst1|j[5] ; data_out_module:inst1|data_outpin   ; inst4|altpll_component|auto_generated|pll1|clk[0] ; inst4|altpll_component|auto_generated|pll1|clk[0] ; 28.936       ; -0.086     ; 5.093      ;
; 23.811 ; data_out_module:inst1|j[0] ; data_out_module_4:inst5|data_outpin ; inst4|altpll_component|auto_generated|pll1|clk[0] ; inst4|altpll_component|auto_generated|pll1|clk[0] ; 28.936       ; -0.092     ; 5.035      ;
; 23.914 ; data_out_module:inst1|j[6] ; data_out_module_4:inst5|data_outpin ; inst4|altpll_component|auto_generated|pll1|clk[0] ; inst4|altpll_component|auto_generated|pll1|clk[0] ; 28.936       ; -0.086     ; 4.938      ;
; 23.941 ; data_out_module:inst1|j[3] ; data_out_module_4:inst5|data_outpin ; inst4|altpll_component|auto_generated|pll1|clk[0] ; inst4|altpll_component|auto_generated|pll1|clk[0] ; 28.936       ; -0.092     ; 4.905      ;
; 24.078 ; data_out_module:inst1|j[8] ; data_out_module_4:inst5|data_outpin ; inst4|altpll_component|auto_generated|pll1|clk[0] ; inst4|altpll_component|auto_generated|pll1|clk[0] ; 28.936       ; -0.086     ; 4.774      ;
; 24.106 ; data_out_module:inst1|j[5] ; data_out_module_4:inst5|data_outpin ; inst4|altpll_component|auto_generated|pll1|clk[0] ; inst4|altpll_component|auto_generated|pll1|clk[0] ; 28.936       ; -0.086     ; 4.746      ;
; 24.138 ; data_out_module:inst1|j[5] ; data_out_module_8:inst9|data_outpin ; inst4|altpll_component|auto_generated|pll1|clk[0] ; inst4|altpll_component|auto_generated|pll1|clk[0] ; 28.936       ; -0.086     ; 4.714      ;
; 24.405 ; data_out_module:inst1|j[4] ; data_out_module:inst1|j[0]          ; inst4|altpll_component|auto_generated|pll1|clk[0] ; inst4|altpll_component|auto_generated|pll1|clk[0] ; 28.936       ; -0.067     ; 4.466      ;
; 24.405 ; data_out_module:inst1|j[4] ; data_out_module:inst1|j[3]          ; inst4|altpll_component|auto_generated|pll1|clk[0] ; inst4|altpll_component|auto_generated|pll1|clk[0] ; 28.936       ; -0.067     ; 4.466      ;
; 24.405 ; data_out_module:inst1|j[4] ; data_out_module:inst1|j[1]          ; inst4|altpll_component|auto_generated|pll1|clk[0] ; inst4|altpll_component|auto_generated|pll1|clk[0] ; 28.936       ; -0.067     ; 4.466      ;
; 24.405 ; data_out_module:inst1|j[4] ; data_out_module:inst1|j[2]          ; inst4|altpll_component|auto_generated|pll1|clk[0] ; inst4|altpll_component|auto_generated|pll1|clk[0] ; 28.936       ; -0.067     ; 4.466      ;
; 24.419 ; data_out_module:inst1|j[4] ; data_out_module:inst1|data_outpin   ; inst4|altpll_component|auto_generated|pll1|clk[0] ; inst4|altpll_component|auto_generated|pll1|clk[0] ; 28.936       ; -0.086     ; 4.433      ;
; 24.425 ; data_out_module:inst1|j[4] ; data_out_module_4:inst5|data_outpin ; inst4|altpll_component|auto_generated|pll1|clk[0] ; inst4|altpll_component|auto_generated|pll1|clk[0] ; 28.936       ; -0.086     ; 4.427      ;
; 24.451 ; data_out_module:inst1|j[5] ; data_out_module:inst1|j[0]          ; inst4|altpll_component|auto_generated|pll1|clk[0] ; inst4|altpll_component|auto_generated|pll1|clk[0] ; 28.936       ; -0.067     ; 4.420      ;
; 24.451 ; data_out_module:inst1|j[5] ; data_out_module:inst1|j[3]          ; inst4|altpll_component|auto_generated|pll1|clk[0] ; inst4|altpll_component|auto_generated|pll1|clk[0] ; 28.936       ; -0.067     ; 4.420      ;
; 24.451 ; data_out_module:inst1|j[5] ; data_out_module:inst1|j[1]          ; inst4|altpll_component|auto_generated|pll1|clk[0] ; inst4|altpll_component|auto_generated|pll1|clk[0] ; 28.936       ; -0.067     ; 4.420      ;
; 24.451 ; data_out_module:inst1|j[5] ; data_out_module:inst1|j[2]          ; inst4|altpll_component|auto_generated|pll1|clk[0] ; inst4|altpll_component|auto_generated|pll1|clk[0] ; 28.936       ; -0.067     ; 4.420      ;
; 24.457 ; data_out_module:inst1|j[9] ; data_out_module:inst1|j[0]          ; inst4|altpll_component|auto_generated|pll1|clk[0] ; inst4|altpll_component|auto_generated|pll1|clk[0] ; 28.936       ; -0.067     ; 4.414      ;
; 24.457 ; data_out_module:inst1|j[9] ; data_out_module:inst1|j[3]          ; inst4|altpll_component|auto_generated|pll1|clk[0] ; inst4|altpll_component|auto_generated|pll1|clk[0] ; 28.936       ; -0.067     ; 4.414      ;
; 24.457 ; data_out_module:inst1|j[9] ; data_out_module:inst1|j[1]          ; inst4|altpll_component|auto_generated|pll1|clk[0] ; inst4|altpll_component|auto_generated|pll1|clk[0] ; 28.936       ; -0.067     ; 4.414      ;
; 24.457 ; data_out_module:inst1|j[9] ; data_out_module:inst1|j[2]          ; inst4|altpll_component|auto_generated|pll1|clk[0] ; inst4|altpll_component|auto_generated|pll1|clk[0] ; 28.936       ; -0.067     ; 4.414      ;
; 24.502 ; data_out_module:inst1|j[4] ; data_out_module:inst1|j[8]          ; inst4|altpll_component|auto_generated|pll1|clk[0] ; inst4|altpll_component|auto_generated|pll1|clk[0] ; 28.936       ; -0.073     ; 4.363      ;
; 24.548 ; data_out_module:inst1|j[5] ; data_out_module:inst1|j[8]          ; inst4|altpll_component|auto_generated|pll1|clk[0] ; inst4|altpll_component|auto_generated|pll1|clk[0] ; 28.936       ; -0.073     ; 4.317      ;
; 24.553 ; data_out_module:inst1|j[8] ; data_out_module:inst1|j[0]          ; inst4|altpll_component|auto_generated|pll1|clk[0] ; inst4|altpll_component|auto_generated|pll1|clk[0] ; 28.936       ; -0.067     ; 4.318      ;
; 24.553 ; data_out_module:inst1|j[8] ; data_out_module:inst1|j[3]          ; inst4|altpll_component|auto_generated|pll1|clk[0] ; inst4|altpll_component|auto_generated|pll1|clk[0] ; 28.936       ; -0.067     ; 4.318      ;
; 24.553 ; data_out_module:inst1|j[8] ; data_out_module:inst1|j[1]          ; inst4|altpll_component|auto_generated|pll1|clk[0] ; inst4|altpll_component|auto_generated|pll1|clk[0] ; 28.936       ; -0.067     ; 4.318      ;
; 24.553 ; data_out_module:inst1|j[8] ; data_out_module:inst1|j[2]          ; inst4|altpll_component|auto_generated|pll1|clk[0] ; inst4|altpll_component|auto_generated|pll1|clk[0] ; 28.936       ; -0.067     ; 4.318      ;
; 24.579 ; data_out_module:inst1|j[9] ; data_out_module:inst1|j[8]          ; inst4|altpll_component|auto_generated|pll1|clk[0] ; inst4|altpll_component|auto_generated|pll1|clk[0] ; 28.936       ; -0.073     ; 4.286      ;
; 24.650 ; data_out_module:inst1|j[8] ; data_out_module:inst1|j[8]          ; inst4|altpll_component|auto_generated|pll1|clk[0] ; inst4|altpll_component|auto_generated|pll1|clk[0] ; 28.936       ; -0.073     ; 4.215      ;
; 24.691 ; data_out_module:inst1|j[7] ; data_out_module_3:inst2|data_outpin ; inst4|altpll_component|auto_generated|pll1|clk[0] ; inst4|altpll_component|auto_generated|pll1|clk[0] ; 28.936       ; -0.081     ; 4.166      ;
; 24.691 ; data_out_module:inst1|j[7] ; data_out_module_5:inst6|data_outpin ; inst4|altpll_component|auto_generated|pll1|clk[0] ; inst4|altpll_component|auto_generated|pll1|clk[0] ; 28.936       ; -0.081     ; 4.166      ;
; 24.692 ; data_out_module:inst1|j[7] ; data_out_module_6:inst7|data_outpin ; inst4|altpll_component|auto_generated|pll1|clk[0] ; inst4|altpll_component|auto_generated|pll1|clk[0] ; 28.936       ; -0.081     ; 4.165      ;
; 24.693 ; data_out_module:inst1|j[7] ; data_out_module_7:inst8|data_outpin ; inst4|altpll_component|auto_generated|pll1|clk[0] ; inst4|altpll_component|auto_generated|pll1|clk[0] ; 28.936       ; -0.081     ; 4.164      ;
; 24.694 ; data_out_module:inst1|j[7] ; data_out_module_2:inst3|data_outpin ; inst4|altpll_component|auto_generated|pll1|clk[0] ; inst4|altpll_component|auto_generated|pll1|clk[0] ; 28.936       ; -0.081     ; 4.163      ;
; 24.717 ; data_out_module:inst1|j[6] ; data_out_module:inst1|data_outpin   ; inst4|altpll_component|auto_generated|pll1|clk[0] ; inst4|altpll_component|auto_generated|pll1|clk[0] ; 28.936       ; -0.086     ; 4.135      ;
; 24.728 ; data_out_module:inst1|j[4] ; data_out_module:inst1|j[5]          ; inst4|altpll_component|auto_generated|pll1|clk[0] ; inst4|altpll_component|auto_generated|pll1|clk[0] ; 28.936       ; -0.073     ; 4.137      ;
; 24.728 ; data_out_module:inst1|j[4] ; data_out_module:inst1|j[7]          ; inst4|altpll_component|auto_generated|pll1|clk[0] ; inst4|altpll_component|auto_generated|pll1|clk[0] ; 28.936       ; -0.073     ; 4.137      ;
; 24.728 ; data_out_module:inst1|j[4] ; data_out_module:inst1|j[9]          ; inst4|altpll_component|auto_generated|pll1|clk[0] ; inst4|altpll_component|auto_generated|pll1|clk[0] ; 28.936       ; -0.073     ; 4.137      ;
; 24.730 ; data_out_module:inst1|j[4] ; data_out_module:inst1|j[4]          ; inst4|altpll_component|auto_generated|pll1|clk[0] ; inst4|altpll_component|auto_generated|pll1|clk[0] ; 28.936       ; -0.073     ; 4.135      ;
; 24.730 ; data_out_module:inst1|j[4] ; data_out_module:inst1|j[6]          ; inst4|altpll_component|auto_generated|pll1|clk[0] ; inst4|altpll_component|auto_generated|pll1|clk[0] ; 28.936       ; -0.073     ; 4.135      ;
; 24.738 ; data_out_module:inst1|j[9] ; data_out_module:inst1|j[5]          ; inst4|altpll_component|auto_generated|pll1|clk[0] ; inst4|altpll_component|auto_generated|pll1|clk[0] ; 28.936       ; -0.073     ; 4.127      ;
; 24.739 ; data_out_module:inst1|j[9] ; data_out_module:inst1|j[7]          ; inst4|altpll_component|auto_generated|pll1|clk[0] ; inst4|altpll_component|auto_generated|pll1|clk[0] ; 28.936       ; -0.073     ; 4.126      ;
; 24.739 ; data_out_module:inst1|j[9] ; data_out_module:inst1|j[9]          ; inst4|altpll_component|auto_generated|pll1|clk[0] ; inst4|altpll_component|auto_generated|pll1|clk[0] ; 28.936       ; -0.073     ; 4.126      ;
+--------+----------------------------+-------------------------------------+---------------------------------------------------+---------------------------------------------------+--------------+------------+------------+


+---------------------------------------------------------------------------------------------------------------------------------------------------------------------------------------------------------------------------+
; Slow 1200mV 0C Model Hold: 'inst4|altpll_component|auto_generated|pll1|clk[0]'                                                                                                                                            ;
+-------+----------------------------+-------------------------------------+---------------------------------------------------+---------------------------------------------------+--------------+------------+------------+
; Slack ; From Node                  ; To Node                             ; Launch Clock                                      ; Latch Clock                                       ; Relationship ; Clock Skew ; Data Delay ;
+-------+----------------------------+-------------------------------------+---------------------------------------------------+---------------------------------------------------+--------------+------------+------------+
; 0.401 ; data_out_module:inst1|j[0] ; data_out_module:inst1|j[0]          ; inst4|altpll_component|auto_generated|pll1|clk[0] ; inst4|altpll_component|auto_generated|pll1|clk[0] ; 0.000        ; 0.073      ; 0.669      ;
; 0.401 ; data_out_module:inst1|j[3] ; data_out_module:inst1|j[3]          ; inst4|altpll_component|auto_generated|pll1|clk[0] ; inst4|altpll_component|auto_generated|pll1|clk[0] ; 0.000        ; 0.073      ; 0.669      ;
; 0.401 ; data_out_module:inst1|j[1] ; data_out_module:inst1|j[1]          ; inst4|altpll_component|auto_generated|pll1|clk[0] ; inst4|altpll_component|auto_generated|pll1|clk[0] ; 0.000        ; 0.073      ; 0.669      ;
; 0.401 ; data_out_module:inst1|j[2] ; data_out_module:inst1|j[2]          ; inst4|altpll_component|auto_generated|pll1|clk[0] ; inst4|altpll_component|auto_generated|pll1|clk[0] ; 0.000        ; 0.073      ; 0.669      ;
; 0.401 ; data_out_module:inst1|j[8] ; data_out_module:inst1|j[8]          ; inst4|altpll_component|auto_generated|pll1|clk[0] ; inst4|altpll_component|auto_generated|pll1|clk[0] ; 0.000        ; 0.073      ; 0.669      ;
; 0.401 ; data_out_module:inst1|j[4] ; data_out_module:inst1|j[4]          ; inst4|altpll_component|auto_generated|pll1|clk[0] ; inst4|altpll_component|auto_generated|pll1|clk[0] ; 0.000        ; 0.073      ; 0.669      ;
; 0.401 ; data_out_module:inst1|j[5] ; data_out_module:inst1|j[5]          ; inst4|altpll_component|auto_generated|pll1|clk[0] ; inst4|altpll_component|auto_generated|pll1|clk[0] ; 0.000        ; 0.073      ; 0.669      ;
; 0.401 ; data_out_module:inst1|j[6] ; data_out_module:inst1|j[6]          ; inst4|altpll_component|auto_generated|pll1|clk[0] ; inst4|altpll_component|auto_generated|pll1|clk[0] ; 0.000        ; 0.073      ; 0.669      ;
; 0.401 ; data_out_module:inst1|j[7] ; data_out_module:inst1|j[7]          ; inst4|altpll_component|auto_generated|pll1|clk[0] ; inst4|altpll_component|auto_generated|pll1|clk[0] ; 0.000        ; 0.073      ; 0.669      ;
; 0.401 ; data_out_module:inst1|j[9] ; data_out_module:inst1|j[9]          ; inst4|altpll_component|auto_generated|pll1|clk[0] ; inst4|altpll_component|auto_generated|pll1|clk[0] ; 0.000        ; 0.073      ; 0.669      ;
; 0.461 ; sonic:inst|i[6]            ; sonic:inst|i[6]                     ; inst4|altpll_component|auto_generated|pll1|clk[0] ; inst4|altpll_component|auto_generated|pll1|clk[0] ; 0.000        ; 0.074      ; 0.730      ;
; 0.463 ; sonic:inst|j[2]            ; sonic:inst|latch                    ; inst4|altpll_component|auto_generated|pll1|clk[0] ; inst4|altpll_component|auto_generated|pll1|clk[0] ; 0.000        ; 0.074      ; 0.732      ;
; 0.468 ; sonic:inst|latch           ; sonic:inst|latchpin                 ; inst4|altpll_component|auto_generated|pll1|clk[0] ; inst4|altpll_component|auto_generated|pll1|clk[0] ; 0.000        ; 0.074      ; 0.737      ;
; 0.593 ; sonic:inst|i[4]            ; sonic:inst|clock                    ; inst4|altpll_component|auto_generated|pll1|clk[0] ; inst4|altpll_component|auto_generated|pll1|clk[0] ; 0.000        ; 0.074      ; 0.862      ;
; 0.600 ; sonic:inst|clock           ; sonic:inst|clockpin                 ; inst4|altpll_component|auto_generated|pll1|clk[0] ; inst4|altpll_component|auto_generated|pll1|clk[0] ; 0.000        ; 0.074      ; 0.869      ;
; 0.692 ; sonic:inst|j[5]            ; sonic:inst|j[5]                     ; inst4|altpll_component|auto_generated|pll1|clk[0] ; inst4|altpll_component|auto_generated|pll1|clk[0] ; 0.000        ; 0.074      ; 0.961      ;
; 0.692 ; data_out_module:inst1|i[5] ; data_out_module:inst1|i[5]          ; inst4|altpll_component|auto_generated|pll1|clk[0] ; inst4|altpll_component|auto_generated|pll1|clk[0] ; 0.000        ; 0.072      ; 0.959      ;
; 0.693 ; sonic:inst|j[6]            ; sonic:inst|j[6]                     ; inst4|altpll_component|auto_generated|pll1|clk[0] ; inst4|altpll_component|auto_generated|pll1|clk[0] ; 0.000        ; 0.074      ; 0.962      ;
; 0.693 ; data_out_module:inst1|i[3] ; data_out_module:inst1|i[3]          ; inst4|altpll_component|auto_generated|pll1|clk[0] ; inst4|altpll_component|auto_generated|pll1|clk[0] ; 0.000        ; 0.072      ; 0.960      ;
; 0.697 ; data_out_module:inst1|i[6] ; data_out_module:inst1|i[6]          ; inst4|altpll_component|auto_generated|pll1|clk[0] ; inst4|altpll_component|auto_generated|pll1|clk[0] ; 0.000        ; 0.072      ; 0.964      ;
; 0.697 ; data_out_module:inst1|i[2] ; data_out_module:inst1|i[2]          ; inst4|altpll_component|auto_generated|pll1|clk[0] ; inst4|altpll_component|auto_generated|pll1|clk[0] ; 0.000        ; 0.072      ; 0.964      ;
; 0.698 ; data_out_module:inst1|i[4] ; data_out_module:inst1|i[4]          ; inst4|altpll_component|auto_generated|pll1|clk[0] ; inst4|altpll_component|auto_generated|pll1|clk[0] ; 0.000        ; 0.072      ; 0.965      ;
; 0.699 ; data_out_module:inst1|i[7] ; data_out_module:inst1|i[7]          ; inst4|altpll_component|auto_generated|pll1|clk[0] ; inst4|altpll_component|auto_generated|pll1|clk[0] ; 0.000        ; 0.072      ; 0.966      ;
; 0.703 ; sonic:inst|j[2]            ; sonic:inst|j[2]                     ; inst4|altpll_component|auto_generated|pll1|clk[0] ; inst4|altpll_component|auto_generated|pll1|clk[0] ; 0.000        ; 0.074      ; 0.972      ;
; 0.703 ; sonic:inst|i[5]            ; sonic:inst|i[5]                     ; inst4|altpll_component|auto_generated|pll1|clk[0] ; inst4|altpll_component|auto_generated|pll1|clk[0] ; 0.000        ; 0.074      ; 0.972      ;
; 0.706 ; sonic:inst|i[4]            ; sonic:inst|i[4]                     ; inst4|altpll_component|auto_generated|pll1|clk[0] ; inst4|altpll_component|auto_generated|pll1|clk[0] ; 0.000        ; 0.074      ; 0.975      ;
; 0.706 ; sonic:inst|i[2]            ; sonic:inst|i[2]                     ; inst4|altpll_component|auto_generated|pll1|clk[0] ; inst4|altpll_component|auto_generated|pll1|clk[0] ; 0.000        ; 0.074      ; 0.975      ;
; 0.709 ; sonic:inst|i[1]            ; sonic:inst|i[1]                     ; inst4|altpll_component|auto_generated|pll1|clk[0] ; inst4|altpll_component|auto_generated|pll1|clk[0] ; 0.000        ; 0.074      ; 0.978      ;
; 0.711 ; sonic:inst|i[3]            ; sonic:inst|i[3]                     ; inst4|altpll_component|auto_generated|pll1|clk[0] ; inst4|altpll_component|auto_generated|pll1|clk[0] ; 0.000        ; 0.074      ; 0.980      ;
; 0.796 ; sonic:inst|j[1]            ; sonic:inst|latch                    ; inst4|altpll_component|auto_generated|pll1|clk[0] ; inst4|altpll_component|auto_generated|pll1|clk[0] ; 0.000        ; 0.074      ; 1.065      ;
; 0.803 ; sonic:inst|j[0]            ; sonic:inst|latch                    ; inst4|altpll_component|auto_generated|pll1|clk[0] ; inst4|altpll_component|auto_generated|pll1|clk[0] ; 0.000        ; 0.074      ; 1.072      ;
; 0.840 ; sonic:inst|i[6]            ; sonic:inst|clock                    ; inst4|altpll_component|auto_generated|pll1|clk[0] ; inst4|altpll_component|auto_generated|pll1|clk[0] ; 0.000        ; 0.074      ; 1.109      ;
; 0.860 ; sonic:inst|j[2]            ; sonic:inst|j[1]                     ; inst4|altpll_component|auto_generated|pll1|clk[0] ; inst4|altpll_component|auto_generated|pll1|clk[0] ; 0.000        ; 0.074      ; 1.129      ;
; 0.860 ; sonic:inst|j[2]            ; sonic:inst|j[3]                     ; inst4|altpll_component|auto_generated|pll1|clk[0] ; inst4|altpll_component|auto_generated|pll1|clk[0] ; 0.000        ; 0.074      ; 1.129      ;
; 0.860 ; sonic:inst|j[2]            ; sonic:inst|j[4]                     ; inst4|altpll_component|auto_generated|pll1|clk[0] ; inst4|altpll_component|auto_generated|pll1|clk[0] ; 0.000        ; 0.074      ; 1.129      ;
; 0.861 ; sonic:inst|j[2]            ; sonic:inst|j[0]                     ; inst4|altpll_component|auto_generated|pll1|clk[0] ; inst4|altpll_component|auto_generated|pll1|clk[0] ; 0.000        ; 0.074      ; 1.130      ;
; 0.863 ; data_out_module:inst1|i[0] ; data_out_module:inst1|i[0]          ; inst4|altpll_component|auto_generated|pll1|clk[0] ; inst4|altpll_component|auto_generated|pll1|clk[0] ; 0.000        ; 0.072      ; 1.130      ;
; 0.894 ; sonic:inst|i[0]            ; sonic:inst|i[0]                     ; inst4|altpll_component|auto_generated|pll1|clk[0] ; inst4|altpll_component|auto_generated|pll1|clk[0] ; 0.000        ; 0.074      ; 1.163      ;
; 0.958 ; data_out_module:inst1|i[1] ; data_out_module:inst1|i[0]          ; inst4|altpll_component|auto_generated|pll1|clk[0] ; inst4|altpll_component|auto_generated|pll1|clk[0] ; 0.000        ; 0.072      ; 1.225      ;
; 0.968 ; sonic:inst|j[5]            ; sonic:inst|latch                    ; inst4|altpll_component|auto_generated|pll1|clk[0] ; inst4|altpll_component|auto_generated|pll1|clk[0] ; 0.000        ; 0.074      ; 1.237      ;
; 1.009 ; data_out_module:inst1|i[5] ; data_out_module:inst1|i[1]          ; inst4|altpll_component|auto_generated|pll1|clk[0] ; inst4|altpll_component|auto_generated|pll1|clk[0] ; 0.000        ; 0.072      ; 1.276      ;
; 1.012 ; data_out_module:inst1|i[5] ; data_out_module:inst1|i[0]          ; inst4|altpll_component|auto_generated|pll1|clk[0] ; inst4|altpll_component|auto_generated|pll1|clk[0] ; 0.000        ; 0.072      ; 1.279      ;
; 1.014 ; data_out_module:inst1|i[5] ; data_out_module:inst1|i[6]          ; inst4|altpll_component|auto_generated|pll1|clk[0] ; inst4|altpll_component|auto_generated|pll1|clk[0] ; 0.000        ; 0.072      ; 1.281      ;
; 1.015 ; data_out_module:inst1|i[3] ; data_out_module:inst1|i[4]          ; inst4|altpll_component|auto_generated|pll1|clk[0] ; inst4|altpll_component|auto_generated|pll1|clk[0] ; 0.000        ; 0.072      ; 1.282      ;
; 1.016 ; sonic:inst|j[5]            ; sonic:inst|j[6]                     ; inst4|altpll_component|auto_generated|pll1|clk[0] ; inst4|altpll_component|auto_generated|pll1|clk[0] ; 0.000        ; 0.074      ; 1.285      ;
; 1.016 ; data_out_module:inst1|i[2] ; data_out_module:inst1|i[3]          ; inst4|altpll_component|auto_generated|pll1|clk[0] ; inst4|altpll_component|auto_generated|pll1|clk[0] ; 0.000        ; 0.072      ; 1.283      ;
; 1.016 ; data_out_module:inst1|i[6] ; data_out_module:inst1|i[7]          ; inst4|altpll_component|auto_generated|pll1|clk[0] ; inst4|altpll_component|auto_generated|pll1|clk[0] ; 0.000        ; 0.072      ; 1.283      ;
; 1.017 ; data_out_module:inst1|i[1] ; data_out_module:inst1|i[2]          ; inst4|altpll_component|auto_generated|pll1|clk[0] ; inst4|altpll_component|auto_generated|pll1|clk[0] ; 0.000        ; 0.072      ; 1.284      ;
; 1.017 ; data_out_module:inst1|i[4] ; data_out_module:inst1|i[5]          ; inst4|altpll_component|auto_generated|pll1|clk[0] ; inst4|altpll_component|auto_generated|pll1|clk[0] ; 0.000        ; 0.072      ; 1.284      ;
; 1.017 ; sonic:inst|j[4]            ; sonic:inst|j[5]                     ; inst4|altpll_component|auto_generated|pll1|clk[0] ; inst4|altpll_component|auto_generated|pll1|clk[0] ; 0.000        ; 0.074      ; 1.286      ;
; 1.023 ; sonic:inst|j[1]            ; sonic:inst|j[2]                     ; inst4|altpll_component|auto_generated|pll1|clk[0] ; inst4|altpll_component|auto_generated|pll1|clk[0] ; 0.000        ; 0.074      ; 1.292      ;
; 1.025 ; sonic:inst|i[4]            ; sonic:inst|i[5]                     ; inst4|altpll_component|auto_generated|pll1|clk[0] ; inst4|altpll_component|auto_generated|pll1|clk[0] ; 0.000        ; 0.074      ; 1.294      ;
; 1.025 ; sonic:inst|i[2]            ; sonic:inst|i[3]                     ; inst4|altpll_component|auto_generated|pll1|clk[0] ; inst4|altpll_component|auto_generated|pll1|clk[0] ; 0.000        ; 0.074      ; 1.294      ;
; 1.027 ; sonic:inst|i[5]            ; sonic:inst|i[6]                     ; inst4|altpll_component|auto_generated|pll1|clk[0] ; inst4|altpll_component|auto_generated|pll1|clk[0] ; 0.000        ; 0.074      ; 1.296      ;
; 1.031 ; data_out_module:inst1|i[2] ; data_out_module:inst1|i[4]          ; inst4|altpll_component|auto_generated|pll1|clk[0] ; inst4|altpll_component|auto_generated|pll1|clk[0] ; 0.000        ; 0.072      ; 1.298      ;
; 1.032 ; data_out_module:inst1|i[4] ; data_out_module:inst1|i[6]          ; inst4|altpll_component|auto_generated|pll1|clk[0] ; inst4|altpll_component|auto_generated|pll1|clk[0] ; 0.000        ; 0.072      ; 1.299      ;
; 1.032 ; sonic:inst|j[4]            ; sonic:inst|j[6]                     ; inst4|altpll_component|auto_generated|pll1|clk[0] ; inst4|altpll_component|auto_generated|pll1|clk[0] ; 0.000        ; 0.074      ; 1.301      ;
; 1.033 ; sonic:inst|i[3]            ; sonic:inst|i[4]                     ; inst4|altpll_component|auto_generated|pll1|clk[0] ; inst4|altpll_component|auto_generated|pll1|clk[0] ; 0.000        ; 0.074      ; 1.302      ;
; 1.033 ; sonic:inst|i[1]            ; sonic:inst|i[2]                     ; inst4|altpll_component|auto_generated|pll1|clk[0] ; inst4|altpll_component|auto_generated|pll1|clk[0] ; 0.000        ; 0.074      ; 1.302      ;
; 1.034 ; data_out_module:inst1|i[0] ; data_out_module:inst1|i[2]          ; inst4|altpll_component|auto_generated|pll1|clk[0] ; inst4|altpll_component|auto_generated|pll1|clk[0] ; 0.000        ; 0.072      ; 1.301      ;
; 1.040 ; sonic:inst|j[0]            ; sonic:inst|j[2]                     ; inst4|altpll_component|auto_generated|pll1|clk[0] ; inst4|altpll_component|auto_generated|pll1|clk[0] ; 0.000        ; 0.074      ; 1.309      ;
; 1.040 ; sonic:inst|i[4]            ; sonic:inst|i[6]                     ; inst4|altpll_component|auto_generated|pll1|clk[0] ; inst4|altpll_component|auto_generated|pll1|clk[0] ; 0.000        ; 0.074      ; 1.309      ;
; 1.040 ; sonic:inst|i[2]            ; sonic:inst|i[4]                     ; inst4|altpll_component|auto_generated|pll1|clk[0] ; inst4|altpll_component|auto_generated|pll1|clk[0] ; 0.000        ; 0.074      ; 1.309      ;
; 1.062 ; data_out_module:inst1|i[1] ; data_out_module:inst1|i[1]          ; inst4|altpll_component|auto_generated|pll1|clk[0] ; inst4|altpll_component|auto_generated|pll1|clk[0] ; 0.000        ; 0.072      ; 1.329      ;
; 1.096 ; data_out_module:inst1|i[0] ; data_out_module:inst1|i[1]          ; inst4|altpll_component|auto_generated|pll1|clk[0] ; inst4|altpll_component|auto_generated|pll1|clk[0] ; 0.000        ; 0.072      ; 1.363      ;
; 1.099 ; sonic:inst|j[6]            ; sonic:inst|latch                    ; inst4|altpll_component|auto_generated|pll1|clk[0] ; inst4|altpll_component|auto_generated|pll1|clk[0] ; 0.000        ; 0.074      ; 1.368      ;
; 1.107 ; sonic:inst|i[5]            ; sonic:inst|clock                    ; inst4|altpll_component|auto_generated|pll1|clk[0] ; inst4|altpll_component|auto_generated|pll1|clk[0] ; 0.000        ; 0.074      ; 1.376      ;
; 1.109 ; data_out_module:inst1|i[5] ; data_out_module:inst1|i[7]          ; inst4|altpll_component|auto_generated|pll1|clk[0] ; inst4|altpll_component|auto_generated|pll1|clk[0] ; 0.000        ; 0.072      ; 1.376      ;
; 1.111 ; sonic:inst|i[2]            ; sonic:inst|clock                    ; inst4|altpll_component|auto_generated|pll1|clk[0] ; inst4|altpll_component|auto_generated|pll1|clk[0] ; 0.000        ; 0.074      ; 1.380      ;
; 1.111 ; data_out_module:inst1|i[3] ; data_out_module:inst1|i[5]          ; inst4|altpll_component|auto_generated|pll1|clk[0] ; inst4|altpll_component|auto_generated|pll1|clk[0] ; 0.000        ; 0.072      ; 1.378      ;
; 1.111 ; sonic:inst|j[3]            ; sonic:inst|j[5]                     ; inst4|altpll_component|auto_generated|pll1|clk[0] ; inst4|altpll_component|auto_generated|pll1|clk[0] ; 0.000        ; 0.074      ; 1.380      ;
; 1.113 ; data_out_module:inst1|i[1] ; data_out_module:inst1|i[3]          ; inst4|altpll_component|auto_generated|pll1|clk[0] ; inst4|altpll_component|auto_generated|pll1|clk[0] ; 0.000        ; 0.072      ; 1.380      ;
; 1.135 ; sonic:inst|i[1]            ; sonic:inst|i[3]                     ; inst4|altpll_component|auto_generated|pll1|clk[0] ; inst4|altpll_component|auto_generated|pll1|clk[0] ; 0.000        ; 0.074      ; 1.404      ;
; 1.137 ; sonic:inst|i[3]            ; sonic:inst|i[5]                     ; inst4|altpll_component|auto_generated|pll1|clk[0] ; inst4|altpll_component|auto_generated|pll1|clk[0] ; 0.000        ; 0.074      ; 1.406      ;
; 1.137 ; data_out_module:inst1|i[3] ; data_out_module:inst1|i[6]          ; inst4|altpll_component|auto_generated|pll1|clk[0] ; inst4|altpll_component|auto_generated|pll1|clk[0] ; 0.000        ; 0.072      ; 1.404      ;
; 1.137 ; sonic:inst|j[3]            ; sonic:inst|j[6]                     ; inst4|altpll_component|auto_generated|pll1|clk[0] ; inst4|altpll_component|auto_generated|pll1|clk[0] ; 0.000        ; 0.074      ; 1.406      ;
; 1.138 ; data_out_module:inst1|i[4] ; data_out_module:inst1|i[1]          ; inst4|altpll_component|auto_generated|pll1|clk[0] ; inst4|altpll_component|auto_generated|pll1|clk[0] ; 0.000        ; 0.072      ; 1.405      ;
; 1.138 ; data_out_module:inst1|i[2] ; data_out_module:inst1|i[5]          ; inst4|altpll_component|auto_generated|pll1|clk[0] ; inst4|altpll_component|auto_generated|pll1|clk[0] ; 0.000        ; 0.072      ; 1.405      ;
; 1.139 ; data_out_module:inst1|i[1] ; data_out_module:inst1|i[4]          ; inst4|altpll_component|auto_generated|pll1|clk[0] ; inst4|altpll_component|auto_generated|pll1|clk[0] ; 0.000        ; 0.072      ; 1.406      ;
; 1.139 ; data_out_module:inst1|i[4] ; data_out_module:inst1|i[7]          ; inst4|altpll_component|auto_generated|pll1|clk[0] ; inst4|altpll_component|auto_generated|pll1|clk[0] ; 0.000        ; 0.072      ; 1.406      ;
; 1.141 ; data_out_module:inst1|i[4] ; data_out_module:inst1|i[0]          ; inst4|altpll_component|auto_generated|pll1|clk[0] ; inst4|altpll_component|auto_generated|pll1|clk[0] ; 0.000        ; 0.072      ; 1.408      ;
; 1.141 ; data_out_module:inst1|i[0] ; data_out_module:inst1|i[3]          ; inst4|altpll_component|auto_generated|pll1|clk[0] ; inst4|altpll_component|auto_generated|pll1|clk[0] ; 0.000        ; 0.072      ; 1.408      ;
; 1.144 ; sonic:inst|j[2]            ; sonic:inst|j[5]                     ; inst4|altpll_component|auto_generated|pll1|clk[0] ; inst4|altpll_component|auto_generated|pll1|clk[0] ; 0.000        ; 0.074      ; 1.413      ;
; 1.146 ; data_out_module:inst1|i[2] ; data_out_module:inst1|i[0]          ; inst4|altpll_component|auto_generated|pll1|clk[0] ; inst4|altpll_component|auto_generated|pll1|clk[0] ; 0.000        ; 0.072      ; 1.413      ;
; 1.147 ; sonic:inst|i[2]            ; sonic:inst|i[5]                     ; inst4|altpll_component|auto_generated|pll1|clk[0] ; inst4|altpll_component|auto_generated|pll1|clk[0] ; 0.000        ; 0.074      ; 1.416      ;
; 1.148 ; sonic:inst|j[1]            ; sonic:inst|j[1]                     ; inst4|altpll_component|auto_generated|pll1|clk[0] ; inst4|altpll_component|auto_generated|pll1|clk[0] ; 0.000        ; 0.074      ; 1.417      ;
; 1.148 ; sonic:inst|j[1]            ; sonic:inst|j[3]                     ; inst4|altpll_component|auto_generated|pll1|clk[0] ; inst4|altpll_component|auto_generated|pll1|clk[0] ; 0.000        ; 0.074      ; 1.417      ;
; 1.148 ; sonic:inst|j[1]            ; sonic:inst|j[4]                     ; inst4|altpll_component|auto_generated|pll1|clk[0] ; inst4|altpll_component|auto_generated|pll1|clk[0] ; 0.000        ; 0.074      ; 1.417      ;
; 1.149 ; sonic:inst|j[1]            ; sonic:inst|j[0]                     ; inst4|altpll_component|auto_generated|pll1|clk[0] ; inst4|altpll_component|auto_generated|pll1|clk[0] ; 0.000        ; 0.074      ; 1.418      ;
; 1.153 ; data_out_module:inst1|i[3] ; data_out_module:inst1|i[0]          ; inst4|altpll_component|auto_generated|pll1|clk[0] ; inst4|altpll_component|auto_generated|pll1|clk[0] ; 0.000        ; 0.072      ; 1.420      ;
; 1.153 ; data_out_module:inst1|i[2] ; data_out_module:inst1|i[6]          ; inst4|altpll_component|auto_generated|pll1|clk[0] ; inst4|altpll_component|auto_generated|pll1|clk[0] ; 0.000        ; 0.072      ; 1.420      ;
; 1.155 ; sonic:inst|i[3]            ; sonic:inst|i[6]                     ; inst4|altpll_component|auto_generated|pll1|clk[0] ; inst4|altpll_component|auto_generated|pll1|clk[0] ; 0.000        ; 0.074      ; 1.424      ;
; 1.155 ; sonic:inst|i[1]            ; sonic:inst|i[4]                     ; inst4|altpll_component|auto_generated|pll1|clk[0] ; inst4|altpll_component|auto_generated|pll1|clk[0] ; 0.000        ; 0.074      ; 1.424      ;
; 1.156 ; data_out_module:inst1|i[0] ; data_out_module:inst1|i[4]          ; inst4|altpll_component|auto_generated|pll1|clk[0] ; inst4|altpll_component|auto_generated|pll1|clk[0] ; 0.000        ; 0.072      ; 1.423      ;
; 1.159 ; sonic:inst|j[2]            ; sonic:inst|j[6]                     ; inst4|altpll_component|auto_generated|pll1|clk[0] ; inst4|altpll_component|auto_generated|pll1|clk[0] ; 0.000        ; 0.074      ; 1.428      ;
; 1.162 ; sonic:inst|i[2]            ; sonic:inst|i[6]                     ; inst4|altpll_component|auto_generated|pll1|clk[0] ; inst4|altpll_component|auto_generated|pll1|clk[0] ; 0.000        ; 0.074      ; 1.431      ;
; 1.163 ; data_out_module:inst1|j[7] ; data_out_module_8:inst9|data_outpin ; inst4|altpll_component|auto_generated|pll1|clk[0] ; inst4|altpll_component|auto_generated|pll1|clk[0] ; 0.000        ; 0.059      ; 1.417      ;
; 1.167 ; sonic:inst|i[0]            ; sonic:inst|i[1]                     ; inst4|altpll_component|auto_generated|pll1|clk[0] ; inst4|altpll_component|auto_generated|pll1|clk[0] ; 0.000        ; 0.074      ; 1.436      ;
; 1.169 ; data_out_module:inst1|j[7] ; data_out_module_4:inst5|data_outpin ; inst4|altpll_component|auto_generated|pll1|clk[0] ; inst4|altpll_component|auto_generated|pll1|clk[0] ; 0.000        ; 0.059      ; 1.423      ;
; 1.198 ; sonic:inst|j[0]            ; sonic:inst|j[1]                     ; inst4|altpll_component|auto_generated|pll1|clk[0] ; inst4|altpll_component|auto_generated|pll1|clk[0] ; 0.000        ; 0.074      ; 1.467      ;
+-------+----------------------------+-------------------------------------+---------------------------------------------------+---------------------------------------------------+--------------+------------+------------+


+-----------------------------------------------------------------------------------------------------------------------------------------------+
; Slow 1200mV 0C Model Minimum Pulse Width: 'clk_in'                                                                                            ;
+--------+--------------+----------------+------------------+--------+------------+-------------------------------------------------------------+
; Slack  ; Actual Width ; Required Width ; Type             ; Clock  ; Clock Edge ; Target                                                      ;
+--------+--------------+----------------+------------------+--------+------------+-------------------------------------------------------------+
; 9.943  ; 9.943        ; 0.000          ; Low Pulse Width  ; clk_in ; Rise       ; inst4|altpll_component|auto_generated|pll1|clk[0]           ;
; 9.943  ; 9.943        ; 0.000          ; Low Pulse Width  ; clk_in ; Rise       ; inst4|altpll_component|auto_generated|pll1|observablevcoout ;
; 9.975  ; 9.975        ; 0.000          ; Low Pulse Width  ; clk_in ; Rise       ; clk_in~input|o                                              ;
; 9.992  ; 9.992        ; 0.000          ; Low Pulse Width  ; clk_in ; Rise       ; inst4|altpll_component|auto_generated|pll1|inclk[0]         ;
; 10.000 ; 10.000       ; 0.000          ; High Pulse Width ; clk_in ; Rise       ; clk_in~input|i                                              ;
; 10.000 ; 10.000       ; 0.000          ; Low Pulse Width  ; clk_in ; Rise       ; clk_in~input|i                                              ;
; 10.008 ; 10.008       ; 0.000          ; High Pulse Width ; clk_in ; Rise       ; inst4|altpll_component|auto_generated|pll1|inclk[0]         ;
; 10.025 ; 10.025       ; 0.000          ; High Pulse Width ; clk_in ; Rise       ; clk_in~input|o                                              ;
; 10.056 ; 10.056       ; 0.000          ; High Pulse Width ; clk_in ; Rise       ; inst4|altpll_component|auto_generated|pll1|clk[0]           ;
; 10.056 ; 10.056       ; 0.000          ; High Pulse Width ; clk_in ; Rise       ; inst4|altpll_component|auto_generated|pll1|observablevcoout ;
; 16.000 ; 20.000       ; 4.000          ; Port Rate        ; clk_in ; Rise       ; clk_in                                                      ;
+--------+--------------+----------------+------------------+--------+------------+-------------------------------------------------------------+


+------------------------------------------------------------------------------------------------------------------------------------------------------------------------------------------------------+
; Slow 1200mV 0C Model Minimum Pulse Width: 'inst4|altpll_component|auto_generated|pll1|clk[0]'                                                                                                        ;
+--------+--------------+----------------+------------------+---------------------------------------------------+------------+-------------------------------------------------------------------------+
; Slack  ; Actual Width ; Required Width ; Type             ; Clock                                             ; Clock Edge ; Target                                                                  ;
+--------+--------------+----------------+------------------+---------------------------------------------------+------------+-------------------------------------------------------------------------+
; 14.184 ; 14.400       ; 0.216          ; High Pulse Width ; inst4|altpll_component|auto_generated|pll1|clk[0] ; Rise       ; data_out_module_2:inst3|data_outpin                                     ;
; 14.184 ; 14.400       ; 0.216          ; High Pulse Width ; inst4|altpll_component|auto_generated|pll1|clk[0] ; Rise       ; data_out_module_3:inst2|data_outpin                                     ;
; 14.184 ; 14.400       ; 0.216          ; High Pulse Width ; inst4|altpll_component|auto_generated|pll1|clk[0] ; Rise       ; data_out_module_5:inst6|data_outpin                                     ;
; 14.184 ; 14.400       ; 0.216          ; High Pulse Width ; inst4|altpll_component|auto_generated|pll1|clk[0] ; Rise       ; data_out_module_6:inst7|data_outpin                                     ;
; 14.184 ; 14.400       ; 0.216          ; High Pulse Width ; inst4|altpll_component|auto_generated|pll1|clk[0] ; Rise       ; data_out_module_7:inst8|data_outpin                                     ;
; 14.187 ; 14.403       ; 0.216          ; High Pulse Width ; inst4|altpll_component|auto_generated|pll1|clk[0] ; Rise       ; data_out_module:inst1|data_outpin                                       ;
; 14.187 ; 14.403       ; 0.216          ; High Pulse Width ; inst4|altpll_component|auto_generated|pll1|clk[0] ; Rise       ; data_out_module_4:inst5|data_outpin                                     ;
; 14.187 ; 14.403       ; 0.216          ; High Pulse Width ; inst4|altpll_component|auto_generated|pll1|clk[0] ; Rise       ; data_out_module_8:inst9|data_outpin                                     ;
; 14.188 ; 14.404       ; 0.216          ; High Pulse Width ; inst4|altpll_component|auto_generated|pll1|clk[0] ; Rise       ; sonic:inst|clock                                                        ;
; 14.188 ; 14.404       ; 0.216          ; High Pulse Width ; inst4|altpll_component|auto_generated|pll1|clk[0] ; Rise       ; sonic:inst|clockpin                                                     ;
; 14.188 ; 14.404       ; 0.216          ; High Pulse Width ; inst4|altpll_component|auto_generated|pll1|clk[0] ; Rise       ; sonic:inst|i[0]                                                         ;
; 14.188 ; 14.404       ; 0.216          ; High Pulse Width ; inst4|altpll_component|auto_generated|pll1|clk[0] ; Rise       ; sonic:inst|i[1]                                                         ;
; 14.188 ; 14.404       ; 0.216          ; High Pulse Width ; inst4|altpll_component|auto_generated|pll1|clk[0] ; Rise       ; sonic:inst|i[2]                                                         ;
; 14.188 ; 14.404       ; 0.216          ; High Pulse Width ; inst4|altpll_component|auto_generated|pll1|clk[0] ; Rise       ; sonic:inst|i[3]                                                         ;
; 14.188 ; 14.404       ; 0.216          ; High Pulse Width ; inst4|altpll_component|auto_generated|pll1|clk[0] ; Rise       ; sonic:inst|i[4]                                                         ;
; 14.188 ; 14.404       ; 0.216          ; High Pulse Width ; inst4|altpll_component|auto_generated|pll1|clk[0] ; Rise       ; sonic:inst|i[5]                                                         ;
; 14.188 ; 14.404       ; 0.216          ; High Pulse Width ; inst4|altpll_component|auto_generated|pll1|clk[0] ; Rise       ; sonic:inst|i[6]                                                         ;
; 14.188 ; 14.404       ; 0.216          ; High Pulse Width ; inst4|altpll_component|auto_generated|pll1|clk[0] ; Rise       ; sonic:inst|j[0]                                                         ;
; 14.188 ; 14.404       ; 0.216          ; High Pulse Width ; inst4|altpll_component|auto_generated|pll1|clk[0] ; Rise       ; sonic:inst|j[1]                                                         ;
; 14.188 ; 14.404       ; 0.216          ; High Pulse Width ; inst4|altpll_component|auto_generated|pll1|clk[0] ; Rise       ; sonic:inst|j[2]                                                         ;
; 14.188 ; 14.404       ; 0.216          ; High Pulse Width ; inst4|altpll_component|auto_generated|pll1|clk[0] ; Rise       ; sonic:inst|j[3]                                                         ;
; 14.188 ; 14.404       ; 0.216          ; High Pulse Width ; inst4|altpll_component|auto_generated|pll1|clk[0] ; Rise       ; sonic:inst|j[4]                                                         ;
; 14.188 ; 14.404       ; 0.216          ; High Pulse Width ; inst4|altpll_component|auto_generated|pll1|clk[0] ; Rise       ; sonic:inst|j[5]                                                         ;
; 14.188 ; 14.404       ; 0.216          ; High Pulse Width ; inst4|altpll_component|auto_generated|pll1|clk[0] ; Rise       ; sonic:inst|j[6]                                                         ;
; 14.188 ; 14.404       ; 0.216          ; High Pulse Width ; inst4|altpll_component|auto_generated|pll1|clk[0] ; Rise       ; sonic:inst|latch                                                        ;
; 14.188 ; 14.404       ; 0.216          ; High Pulse Width ; inst4|altpll_component|auto_generated|pll1|clk[0] ; Rise       ; sonic:inst|latchpin                                                     ;
; 14.191 ; 14.407       ; 0.216          ; High Pulse Width ; inst4|altpll_component|auto_generated|pll1|clk[0] ; Rise       ; data_out_module:inst1|j[0]                                              ;
; 14.191 ; 14.407       ; 0.216          ; High Pulse Width ; inst4|altpll_component|auto_generated|pll1|clk[0] ; Rise       ; data_out_module:inst1|j[1]                                              ;
; 14.191 ; 14.407       ; 0.216          ; High Pulse Width ; inst4|altpll_component|auto_generated|pll1|clk[0] ; Rise       ; data_out_module:inst1|j[2]                                              ;
; 14.191 ; 14.407       ; 0.216          ; High Pulse Width ; inst4|altpll_component|auto_generated|pll1|clk[0] ; Rise       ; data_out_module:inst1|j[3]                                              ;
; 14.192 ; 14.408       ; 0.216          ; High Pulse Width ; inst4|altpll_component|auto_generated|pll1|clk[0] ; Rise       ; data_out_module:inst1|j[4]                                              ;
; 14.192 ; 14.408       ; 0.216          ; High Pulse Width ; inst4|altpll_component|auto_generated|pll1|clk[0] ; Rise       ; data_out_module:inst1|j[5]                                              ;
; 14.192 ; 14.408       ; 0.216          ; High Pulse Width ; inst4|altpll_component|auto_generated|pll1|clk[0] ; Rise       ; data_out_module:inst1|j[6]                                              ;
; 14.192 ; 14.408       ; 0.216          ; High Pulse Width ; inst4|altpll_component|auto_generated|pll1|clk[0] ; Rise       ; data_out_module:inst1|j[7]                                              ;
; 14.192 ; 14.408       ; 0.216          ; High Pulse Width ; inst4|altpll_component|auto_generated|pll1|clk[0] ; Rise       ; data_out_module:inst1|j[8]                                              ;
; 14.192 ; 14.408       ; 0.216          ; High Pulse Width ; inst4|altpll_component|auto_generated|pll1|clk[0] ; Rise       ; data_out_module:inst1|j[9]                                              ;
; 14.193 ; 14.409       ; 0.216          ; High Pulse Width ; inst4|altpll_component|auto_generated|pll1|clk[0] ; Rise       ; data_out_module:inst1|i[0]                                              ;
; 14.193 ; 14.409       ; 0.216          ; High Pulse Width ; inst4|altpll_component|auto_generated|pll1|clk[0] ; Rise       ; data_out_module:inst1|i[1]                                              ;
; 14.193 ; 14.409       ; 0.216          ; High Pulse Width ; inst4|altpll_component|auto_generated|pll1|clk[0] ; Rise       ; data_out_module:inst1|i[2]                                              ;
; 14.193 ; 14.409       ; 0.216          ; High Pulse Width ; inst4|altpll_component|auto_generated|pll1|clk[0] ; Rise       ; data_out_module:inst1|i[3]                                              ;
; 14.193 ; 14.409       ; 0.216          ; High Pulse Width ; inst4|altpll_component|auto_generated|pll1|clk[0] ; Rise       ; data_out_module:inst1|i[4]                                              ;
; 14.193 ; 14.409       ; 0.216          ; High Pulse Width ; inst4|altpll_component|auto_generated|pll1|clk[0] ; Rise       ; data_out_module:inst1|i[5]                                              ;
; 14.193 ; 14.409       ; 0.216          ; High Pulse Width ; inst4|altpll_component|auto_generated|pll1|clk[0] ; Rise       ; data_out_module:inst1|i[6]                                              ;
; 14.193 ; 14.409       ; 0.216          ; High Pulse Width ; inst4|altpll_component|auto_generated|pll1|clk[0] ; Rise       ; data_out_module:inst1|i[7]                                              ;
; 14.340 ; 14.524       ; 0.184          ; Low Pulse Width  ; inst4|altpll_component|auto_generated|pll1|clk[0] ; Rise       ; data_out_module:inst1|i[0]                                              ;
; 14.340 ; 14.524       ; 0.184          ; Low Pulse Width  ; inst4|altpll_component|auto_generated|pll1|clk[0] ; Rise       ; data_out_module:inst1|i[1]                                              ;
; 14.340 ; 14.524       ; 0.184          ; Low Pulse Width  ; inst4|altpll_component|auto_generated|pll1|clk[0] ; Rise       ; data_out_module:inst1|i[2]                                              ;
; 14.340 ; 14.524       ; 0.184          ; Low Pulse Width  ; inst4|altpll_component|auto_generated|pll1|clk[0] ; Rise       ; data_out_module:inst1|i[3]                                              ;
; 14.340 ; 14.524       ; 0.184          ; Low Pulse Width  ; inst4|altpll_component|auto_generated|pll1|clk[0] ; Rise       ; data_out_module:inst1|i[4]                                              ;
; 14.340 ; 14.524       ; 0.184          ; Low Pulse Width  ; inst4|altpll_component|auto_generated|pll1|clk[0] ; Rise       ; data_out_module:inst1|i[5]                                              ;
; 14.340 ; 14.524       ; 0.184          ; Low Pulse Width  ; inst4|altpll_component|auto_generated|pll1|clk[0] ; Rise       ; data_out_module:inst1|i[6]                                              ;
; 14.340 ; 14.524       ; 0.184          ; Low Pulse Width  ; inst4|altpll_component|auto_generated|pll1|clk[0] ; Rise       ; data_out_module:inst1|i[7]                                              ;
; 14.340 ; 14.524       ; 0.184          ; Low Pulse Width  ; inst4|altpll_component|auto_generated|pll1|clk[0] ; Rise       ; data_out_module:inst1|j[4]                                              ;
; 14.340 ; 14.524       ; 0.184          ; Low Pulse Width  ; inst4|altpll_component|auto_generated|pll1|clk[0] ; Rise       ; data_out_module:inst1|j[5]                                              ;
; 14.340 ; 14.524       ; 0.184          ; Low Pulse Width  ; inst4|altpll_component|auto_generated|pll1|clk[0] ; Rise       ; data_out_module:inst1|j[6]                                              ;
; 14.340 ; 14.524       ; 0.184          ; Low Pulse Width  ; inst4|altpll_component|auto_generated|pll1|clk[0] ; Rise       ; data_out_module:inst1|j[7]                                              ;
; 14.340 ; 14.524       ; 0.184          ; Low Pulse Width  ; inst4|altpll_component|auto_generated|pll1|clk[0] ; Rise       ; data_out_module:inst1|j[8]                                              ;
; 14.340 ; 14.524       ; 0.184          ; Low Pulse Width  ; inst4|altpll_component|auto_generated|pll1|clk[0] ; Rise       ; data_out_module:inst1|j[9]                                              ;
; 14.342 ; 14.526       ; 0.184          ; Low Pulse Width  ; inst4|altpll_component|auto_generated|pll1|clk[0] ; Rise       ; data_out_module:inst1|j[0]                                              ;
; 14.342 ; 14.526       ; 0.184          ; Low Pulse Width  ; inst4|altpll_component|auto_generated|pll1|clk[0] ; Rise       ; data_out_module:inst1|j[1]                                              ;
; 14.342 ; 14.526       ; 0.184          ; Low Pulse Width  ; inst4|altpll_component|auto_generated|pll1|clk[0] ; Rise       ; data_out_module:inst1|j[2]                                              ;
; 14.342 ; 14.526       ; 0.184          ; Low Pulse Width  ; inst4|altpll_component|auto_generated|pll1|clk[0] ; Rise       ; data_out_module:inst1|j[3]                                              ;
; 14.344 ; 14.528       ; 0.184          ; Low Pulse Width  ; inst4|altpll_component|auto_generated|pll1|clk[0] ; Rise       ; sonic:inst|clock                                                        ;
; 14.344 ; 14.528       ; 0.184          ; Low Pulse Width  ; inst4|altpll_component|auto_generated|pll1|clk[0] ; Rise       ; sonic:inst|clockpin                                                     ;
; 14.344 ; 14.528       ; 0.184          ; Low Pulse Width  ; inst4|altpll_component|auto_generated|pll1|clk[0] ; Rise       ; sonic:inst|i[0]                                                         ;
; 14.344 ; 14.528       ; 0.184          ; Low Pulse Width  ; inst4|altpll_component|auto_generated|pll1|clk[0] ; Rise       ; sonic:inst|i[1]                                                         ;
; 14.344 ; 14.528       ; 0.184          ; Low Pulse Width  ; inst4|altpll_component|auto_generated|pll1|clk[0] ; Rise       ; sonic:inst|i[2]                                                         ;
; 14.344 ; 14.528       ; 0.184          ; Low Pulse Width  ; inst4|altpll_component|auto_generated|pll1|clk[0] ; Rise       ; sonic:inst|i[3]                                                         ;
; 14.344 ; 14.528       ; 0.184          ; Low Pulse Width  ; inst4|altpll_component|auto_generated|pll1|clk[0] ; Rise       ; sonic:inst|i[4]                                                         ;
; 14.344 ; 14.528       ; 0.184          ; Low Pulse Width  ; inst4|altpll_component|auto_generated|pll1|clk[0] ; Rise       ; sonic:inst|i[5]                                                         ;
; 14.344 ; 14.528       ; 0.184          ; Low Pulse Width  ; inst4|altpll_component|auto_generated|pll1|clk[0] ; Rise       ; sonic:inst|i[6]                                                         ;
; 14.344 ; 14.528       ; 0.184          ; Low Pulse Width  ; inst4|altpll_component|auto_generated|pll1|clk[0] ; Rise       ; sonic:inst|j[0]                                                         ;
; 14.344 ; 14.528       ; 0.184          ; Low Pulse Width  ; inst4|altpll_component|auto_generated|pll1|clk[0] ; Rise       ; sonic:inst|j[1]                                                         ;
; 14.344 ; 14.528       ; 0.184          ; Low Pulse Width  ; inst4|altpll_component|auto_generated|pll1|clk[0] ; Rise       ; sonic:inst|j[2]                                                         ;
; 14.344 ; 14.528       ; 0.184          ; Low Pulse Width  ; inst4|altpll_component|auto_generated|pll1|clk[0] ; Rise       ; sonic:inst|j[3]                                                         ;
; 14.344 ; 14.528       ; 0.184          ; Low Pulse Width  ; inst4|altpll_component|auto_generated|pll1|clk[0] ; Rise       ; sonic:inst|j[4]                                                         ;
; 14.344 ; 14.528       ; 0.184          ; Low Pulse Width  ; inst4|altpll_component|auto_generated|pll1|clk[0] ; Rise       ; sonic:inst|j[5]                                                         ;
; 14.344 ; 14.528       ; 0.184          ; Low Pulse Width  ; inst4|altpll_component|auto_generated|pll1|clk[0] ; Rise       ; sonic:inst|j[6]                                                         ;
; 14.344 ; 14.528       ; 0.184          ; Low Pulse Width  ; inst4|altpll_component|auto_generated|pll1|clk[0] ; Rise       ; sonic:inst|latch                                                        ;
; 14.344 ; 14.528       ; 0.184          ; Low Pulse Width  ; inst4|altpll_component|auto_generated|pll1|clk[0] ; Rise       ; sonic:inst|latchpin                                                     ;
; 14.345 ; 14.529       ; 0.184          ; Low Pulse Width  ; inst4|altpll_component|auto_generated|pll1|clk[0] ; Rise       ; data_out_module:inst1|data_outpin                                       ;
; 14.345 ; 14.529       ; 0.184          ; Low Pulse Width  ; inst4|altpll_component|auto_generated|pll1|clk[0] ; Rise       ; data_out_module_4:inst5|data_outpin                                     ;
; 14.345 ; 14.529       ; 0.184          ; Low Pulse Width  ; inst4|altpll_component|auto_generated|pll1|clk[0] ; Rise       ; data_out_module_8:inst9|data_outpin                                     ;
; 14.347 ; 14.531       ; 0.184          ; Low Pulse Width  ; inst4|altpll_component|auto_generated|pll1|clk[0] ; Rise       ; data_out_module_2:inst3|data_outpin                                     ;
; 14.347 ; 14.531       ; 0.184          ; Low Pulse Width  ; inst4|altpll_component|auto_generated|pll1|clk[0] ; Rise       ; data_out_module_3:inst2|data_outpin                                     ;
; 14.347 ; 14.531       ; 0.184          ; Low Pulse Width  ; inst4|altpll_component|auto_generated|pll1|clk[0] ; Rise       ; data_out_module_5:inst6|data_outpin                                     ;
; 14.347 ; 14.531       ; 0.184          ; Low Pulse Width  ; inst4|altpll_component|auto_generated|pll1|clk[0] ; Rise       ; data_out_module_6:inst7|data_outpin                                     ;
; 14.347 ; 14.531       ; 0.184          ; Low Pulse Width  ; inst4|altpll_component|auto_generated|pll1|clk[0] ; Rise       ; data_out_module_7:inst8|data_outpin                                     ;
; 14.433 ; 14.433       ; 0.000          ; High Pulse Width ; inst4|altpll_component|auto_generated|pll1|clk[0] ; Rise       ; inst4|altpll_component|auto_generated|wire_pll1_clk[0]~clkctrl|inclk[0] ;
; 14.433 ; 14.433       ; 0.000          ; High Pulse Width ; inst4|altpll_component|auto_generated|pll1|clk[0] ; Rise       ; inst4|altpll_component|auto_generated|wire_pll1_clk[0]~clkctrl|outclk   ;
; 14.454 ; 14.454       ; 0.000          ; High Pulse Width ; inst4|altpll_component|auto_generated|pll1|clk[0] ; Rise       ; inst2|data_outpin|clk                                                   ;
; 14.454 ; 14.454       ; 0.000          ; High Pulse Width ; inst4|altpll_component|auto_generated|pll1|clk[0] ; Rise       ; inst3|data_outpin|clk                                                   ;
; 14.454 ; 14.454       ; 0.000          ; High Pulse Width ; inst4|altpll_component|auto_generated|pll1|clk[0] ; Rise       ; inst6|data_outpin|clk                                                   ;
; 14.454 ; 14.454       ; 0.000          ; High Pulse Width ; inst4|altpll_component|auto_generated|pll1|clk[0] ; Rise       ; inst7|data_outpin|clk                                                   ;
; 14.454 ; 14.454       ; 0.000          ; High Pulse Width ; inst4|altpll_component|auto_generated|pll1|clk[0] ; Rise       ; inst8|data_outpin|clk                                                   ;
; 14.457 ; 14.457       ; 0.000          ; High Pulse Width ; inst4|altpll_component|auto_generated|pll1|clk[0] ; Rise       ; inst1|data_outpin|clk                                                   ;
; 14.457 ; 14.457       ; 0.000          ; High Pulse Width ; inst4|altpll_component|auto_generated|pll1|clk[0] ; Rise       ; inst5|data_outpin|clk                                                   ;
; 14.457 ; 14.457       ; 0.000          ; High Pulse Width ; inst4|altpll_component|auto_generated|pll1|clk[0] ; Rise       ; inst9|data_outpin|clk                                                   ;
; 14.458 ; 14.458       ; 0.000          ; High Pulse Width ; inst4|altpll_component|auto_generated|pll1|clk[0] ; Rise       ; inst|clockpin|clk                                                       ;
; 14.458 ; 14.458       ; 0.000          ; High Pulse Width ; inst4|altpll_component|auto_generated|pll1|clk[0] ; Rise       ; inst|clock|clk                                                          ;
+--------+--------------+----------------+------------------+---------------------------------------------------+------------+-------------------------------------------------------------------------+


+-------------------------------------------------------------------------------------------------------------+
; Clock to Output Times                                                                                       ;
+---------------+------------+-------+-------+------------+---------------------------------------------------+
; Data Port     ; Clock Port ; Rise  ; Fall  ; Clock Edge ; Clock Reference                                   ;
+---------------+------------+-------+-------+------------+---------------------------------------------------+
; clockpin      ; clk_in     ; 4.227 ; 4.084 ; Rise       ; inst4|altpll_component|auto_generated|pll1|clk[0] ;
; data_outpin   ; clk_in     ; 5.317 ; 5.111 ; Rise       ; inst4|altpll_component|auto_generated|pll1|clk[0] ;
; data_outpin_2 ; clk_in     ; 5.254 ; 4.976 ; Rise       ; inst4|altpll_component|auto_generated|pll1|clk[0] ;
; data_outpin_3 ; clk_in     ; 5.661 ; 5.353 ; Rise       ; inst4|altpll_component|auto_generated|pll1|clk[0] ;
; data_outpin_4 ; clk_in     ; 7.849 ; 7.422 ; Rise       ; inst4|altpll_component|auto_generated|pll1|clk[0] ;
; data_outpin_5 ; clk_in     ; 5.660 ; 5.381 ; Rise       ; inst4|altpll_component|auto_generated|pll1|clk[0] ;
; data_outpin_6 ; clk_in     ; 5.678 ; 5.358 ; Rise       ; inst4|altpll_component|auto_generated|pll1|clk[0] ;
; data_outpin_7 ; clk_in     ; 4.761 ; 4.625 ; Rise       ; inst4|altpll_component|auto_generated|pll1|clk[0] ;
; data_outpin_8 ; clk_in     ; 7.188 ; 6.840 ; Rise       ; inst4|altpll_component|auto_generated|pll1|clk[0] ;
; latchpin      ; clk_in     ; 3.959 ; 3.912 ; Rise       ; inst4|altpll_component|auto_generated|pll1|clk[0] ;
+---------------+------------+-------+-------+------------+---------------------------------------------------+


+-------------------------------------------------------------------------------------------------------------+
; Minimum Clock to Output Times                                                                               ;
+---------------+------------+-------+-------+------------+---------------------------------------------------+
; Data Port     ; Clock Port ; Rise  ; Fall  ; Clock Edge ; Clock Reference                                   ;
+---------------+------------+-------+-------+------------+---------------------------------------------------+
; clockpin      ; clk_in     ; 3.707 ; 3.569 ; Rise       ; inst4|altpll_component|auto_generated|pll1|clk[0] ;
; data_outpin   ; clk_in     ; 4.753 ; 4.555 ; Rise       ; inst4|altpll_component|auto_generated|pll1|clk[0] ;
; data_outpin_2 ; clk_in     ; 4.697 ; 4.428 ; Rise       ; inst4|altpll_component|auto_generated|pll1|clk[0] ;
; data_outpin_3 ; clk_in     ; 5.086 ; 4.790 ; Rise       ; inst4|altpll_component|auto_generated|pll1|clk[0] ;
; data_outpin_4 ; clk_in     ; 7.235 ; 6.826 ; Rise       ; inst4|altpll_component|auto_generated|pll1|clk[0] ;
; data_outpin_5 ; clk_in     ; 5.081 ; 4.813 ; Rise       ; inst4|altpll_component|auto_generated|pll1|clk[0] ;
; data_outpin_6 ; clk_in     ; 5.103 ; 4.794 ; Rise       ; inst4|altpll_component|auto_generated|pll1|clk[0] ;
; data_outpin_7 ; clk_in     ; 4.223 ; 4.091 ; Rise       ; inst4|altpll_component|auto_generated|pll1|clk[0] ;
; data_outpin_8 ; clk_in     ; 6.600 ; 6.268 ; Rise       ; inst4|altpll_component|auto_generated|pll1|clk[0] ;
; latchpin      ; clk_in     ; 3.449 ; 3.403 ; Rise       ; inst4|altpll_component|auto_generated|pll1|clk[0] ;
+---------------+------------+-------+-------+------------+---------------------------------------------------+


---------------------------------------------
; Slow 1200mV 0C Model Metastability Report ;
---------------------------------------------
No synchronizer chains to report.


+----------------------------------------------------------------------------+
; Fast 1200mV 0C Model Setup Summary                                         ;
+---------------------------------------------------+--------+---------------+
; Clock                                             ; Slack  ; End Point TNS ;
+---------------------------------------------------+--------+---------------+
; inst4|altpll_component|auto_generated|pll1|clk[0] ; 25.300 ; 0.000         ;
+---------------------------------------------------+--------+---------------+


+---------------------------------------------------------------------------+
; Fast 1200mV 0C Model Hold Summary                                         ;
+---------------------------------------------------+-------+---------------+
; Clock                                             ; Slack ; End Point TNS ;
+---------------------------------------------------+-------+---------------+
; inst4|altpll_component|auto_generated|pll1|clk[0] ; 0.186 ; 0.000         ;
+---------------------------------------------------+-------+---------------+


-----------------------------------------
; Fast 1200mV 0C Model Recovery Summary ;
-----------------------------------------
No paths to report.


----------------------------------------
; Fast 1200mV 0C Model Removal Summary ;
----------------------------------------
No paths to report.


+----------------------------------------------------------------------------+
; Fast 1200mV 0C Model Minimum Pulse Width Summary                           ;
+---------------------------------------------------+--------+---------------+
; Clock                                             ; Slack  ; End Point TNS ;
+---------------------------------------------------+--------+---------------+
; clk_in                                            ; 9.594  ; 0.000         ;
; inst4|altpll_component|auto_generated|pll1|clk[0] ; 14.264 ; 0.000         ;
+---------------------------------------------------+--------+---------------+


+----------------------------------------------------------------------------------------------------------------------------------------------------------------------------------------------------------------------------+
; Fast 1200mV 0C Model Setup: 'inst4|altpll_component|auto_generated|pll1|clk[0]'                                                                                                                                            ;
+--------+----------------------------+-------------------------------------+---------------------------------------------------+---------------------------------------------------+--------------+------------+------------+
; Slack  ; From Node                  ; To Node                             ; Launch Clock                                      ; Latch Clock                                       ; Relationship ; Clock Skew ; Data Delay ;
+--------+----------------------------+-------------------------------------+---------------------------------------------------+---------------------------------------------------+--------------+------------+------------+
; 25.300 ; data_out_module:inst1|j[1] ; data_out_module_3:inst2|data_outpin ; inst4|altpll_component|auto_generated|pll1|clk[0] ; inst4|altpll_component|auto_generated|pll1|clk[0] ; 28.936       ; -0.052     ; 3.571      ;
; 25.301 ; data_out_module:inst1|j[1] ; data_out_module_5:inst6|data_outpin ; inst4|altpll_component|auto_generated|pll1|clk[0] ; inst4|altpll_component|auto_generated|pll1|clk[0] ; 28.936       ; -0.052     ; 3.570      ;
; 25.302 ; data_out_module:inst1|j[1] ; data_out_module_6:inst7|data_outpin ; inst4|altpll_component|auto_generated|pll1|clk[0] ; inst4|altpll_component|auto_generated|pll1|clk[0] ; 28.936       ; -0.052     ; 3.569      ;
; 25.303 ; data_out_module:inst1|j[1] ; data_out_module_7:inst8|data_outpin ; inst4|altpll_component|auto_generated|pll1|clk[0] ; inst4|altpll_component|auto_generated|pll1|clk[0] ; 28.936       ; -0.052     ; 3.568      ;
; 25.305 ; data_out_module:inst1|j[1] ; data_out_module_2:inst3|data_outpin ; inst4|altpll_component|auto_generated|pll1|clk[0] ; inst4|altpll_component|auto_generated|pll1|clk[0] ; 28.936       ; -0.052     ; 3.566      ;
; 25.339 ; data_out_module:inst1|j[2] ; data_out_module_3:inst2|data_outpin ; inst4|altpll_component|auto_generated|pll1|clk[0] ; inst4|altpll_component|auto_generated|pll1|clk[0] ; 28.936       ; -0.052     ; 3.532      ;
; 25.340 ; data_out_module:inst1|j[2] ; data_out_module_5:inst6|data_outpin ; inst4|altpll_component|auto_generated|pll1|clk[0] ; inst4|altpll_component|auto_generated|pll1|clk[0] ; 28.936       ; -0.052     ; 3.531      ;
; 25.341 ; data_out_module:inst1|j[2] ; data_out_module_6:inst7|data_outpin ; inst4|altpll_component|auto_generated|pll1|clk[0] ; inst4|altpll_component|auto_generated|pll1|clk[0] ; 28.936       ; -0.052     ; 3.530      ;
; 25.342 ; data_out_module:inst1|j[2] ; data_out_module_7:inst8|data_outpin ; inst4|altpll_component|auto_generated|pll1|clk[0] ; inst4|altpll_component|auto_generated|pll1|clk[0] ; 28.936       ; -0.052     ; 3.529      ;
; 25.344 ; data_out_module:inst1|j[2] ; data_out_module_2:inst3|data_outpin ; inst4|altpll_component|auto_generated|pll1|clk[0] ; inst4|altpll_component|auto_generated|pll1|clk[0] ; 28.936       ; -0.052     ; 3.527      ;
; 25.367 ; data_out_module:inst1|j[0] ; data_out_module_3:inst2|data_outpin ; inst4|altpll_component|auto_generated|pll1|clk[0] ; inst4|altpll_component|auto_generated|pll1|clk[0] ; 28.936       ; -0.052     ; 3.504      ;
; 25.368 ; data_out_module:inst1|j[0] ; data_out_module_5:inst6|data_outpin ; inst4|altpll_component|auto_generated|pll1|clk[0] ; inst4|altpll_component|auto_generated|pll1|clk[0] ; 28.936       ; -0.052     ; 3.503      ;
; 25.369 ; data_out_module:inst1|j[0] ; data_out_module_6:inst7|data_outpin ; inst4|altpll_component|auto_generated|pll1|clk[0] ; inst4|altpll_component|auto_generated|pll1|clk[0] ; 28.936       ; -0.052     ; 3.502      ;
; 25.370 ; data_out_module:inst1|j[0] ; data_out_module_7:inst8|data_outpin ; inst4|altpll_component|auto_generated|pll1|clk[0] ; inst4|altpll_component|auto_generated|pll1|clk[0] ; 28.936       ; -0.052     ; 3.501      ;
; 25.372 ; data_out_module:inst1|j[0] ; data_out_module_2:inst3|data_outpin ; inst4|altpll_component|auto_generated|pll1|clk[0] ; inst4|altpll_component|auto_generated|pll1|clk[0] ; 28.936       ; -0.052     ; 3.499      ;
; 25.449 ; data_out_module:inst1|j[3] ; data_out_module_3:inst2|data_outpin ; inst4|altpll_component|auto_generated|pll1|clk[0] ; inst4|altpll_component|auto_generated|pll1|clk[0] ; 28.936       ; -0.052     ; 3.422      ;
; 25.450 ; data_out_module:inst1|j[3] ; data_out_module_5:inst6|data_outpin ; inst4|altpll_component|auto_generated|pll1|clk[0] ; inst4|altpll_component|auto_generated|pll1|clk[0] ; 28.936       ; -0.052     ; 3.421      ;
; 25.451 ; data_out_module:inst1|j[3] ; data_out_module_6:inst7|data_outpin ; inst4|altpll_component|auto_generated|pll1|clk[0] ; inst4|altpll_component|auto_generated|pll1|clk[0] ; 28.936       ; -0.052     ; 3.420      ;
; 25.452 ; data_out_module:inst1|j[3] ; data_out_module_7:inst8|data_outpin ; inst4|altpll_component|auto_generated|pll1|clk[0] ; inst4|altpll_component|auto_generated|pll1|clk[0] ; 28.936       ; -0.052     ; 3.419      ;
; 25.454 ; data_out_module:inst1|j[3] ; data_out_module_2:inst3|data_outpin ; inst4|altpll_component|auto_generated|pll1|clk[0] ; inst4|altpll_component|auto_generated|pll1|clk[0] ; 28.936       ; -0.052     ; 3.417      ;
; 25.665 ; data_out_module:inst1|j[8] ; data_out_module_3:inst2|data_outpin ; inst4|altpll_component|auto_generated|pll1|clk[0] ; inst4|altpll_component|auto_generated|pll1|clk[0] ; 28.936       ; -0.047     ; 3.211      ;
; 25.666 ; data_out_module:inst1|j[8] ; data_out_module_5:inst6|data_outpin ; inst4|altpll_component|auto_generated|pll1|clk[0] ; inst4|altpll_component|auto_generated|pll1|clk[0] ; 28.936       ; -0.047     ; 3.210      ;
; 25.667 ; data_out_module:inst1|j[8] ; data_out_module_6:inst7|data_outpin ; inst4|altpll_component|auto_generated|pll1|clk[0] ; inst4|altpll_component|auto_generated|pll1|clk[0] ; 28.936       ; -0.047     ; 3.209      ;
; 25.668 ; data_out_module:inst1|j[8] ; data_out_module_7:inst8|data_outpin ; inst4|altpll_component|auto_generated|pll1|clk[0] ; inst4|altpll_component|auto_generated|pll1|clk[0] ; 28.936       ; -0.047     ; 3.208      ;
; 25.670 ; data_out_module:inst1|j[8] ; data_out_module_2:inst3|data_outpin ; inst4|altpll_component|auto_generated|pll1|clk[0] ; inst4|altpll_component|auto_generated|pll1|clk[0] ; 28.936       ; -0.047     ; 3.206      ;
; 25.846 ; data_out_module:inst1|j[5] ; data_out_module_3:inst2|data_outpin ; inst4|altpll_component|auto_generated|pll1|clk[0] ; inst4|altpll_component|auto_generated|pll1|clk[0] ; 28.936       ; -0.047     ; 3.030      ;
; 25.847 ; data_out_module:inst1|j[5] ; data_out_module_5:inst6|data_outpin ; inst4|altpll_component|auto_generated|pll1|clk[0] ; inst4|altpll_component|auto_generated|pll1|clk[0] ; 28.936       ; -0.047     ; 3.029      ;
; 25.848 ; data_out_module:inst1|j[5] ; data_out_module_6:inst7|data_outpin ; inst4|altpll_component|auto_generated|pll1|clk[0] ; inst4|altpll_component|auto_generated|pll1|clk[0] ; 28.936       ; -0.047     ; 3.028      ;
; 25.849 ; data_out_module:inst1|j[5] ; data_out_module_7:inst8|data_outpin ; inst4|altpll_component|auto_generated|pll1|clk[0] ; inst4|altpll_component|auto_generated|pll1|clk[0] ; 28.936       ; -0.047     ; 3.027      ;
; 25.851 ; data_out_module:inst1|j[5] ; data_out_module_2:inst3|data_outpin ; inst4|altpll_component|auto_generated|pll1|clk[0] ; inst4|altpll_component|auto_generated|pll1|clk[0] ; 28.936       ; -0.047     ; 3.025      ;
; 25.921 ; data_out_module:inst1|j[1] ; data_out_module:inst1|data_outpin   ; inst4|altpll_component|auto_generated|pll1|clk[0] ; inst4|altpll_component|auto_generated|pll1|clk[0] ; 28.936       ; -0.051     ; 2.951      ;
; 25.960 ; data_out_module:inst1|j[2] ; data_out_module:inst1|data_outpin   ; inst4|altpll_component|auto_generated|pll1|clk[0] ; inst4|altpll_component|auto_generated|pll1|clk[0] ; 28.936       ; -0.051     ; 2.912      ;
; 25.988 ; data_out_module:inst1|j[0] ; data_out_module:inst1|data_outpin   ; inst4|altpll_component|auto_generated|pll1|clk[0] ; inst4|altpll_component|auto_generated|pll1|clk[0] ; 28.936       ; -0.051     ; 2.884      ;
; 26.070 ; data_out_module:inst1|j[3] ; data_out_module:inst1|data_outpin   ; inst4|altpll_component|auto_generated|pll1|clk[0] ; inst4|altpll_component|auto_generated|pll1|clk[0] ; 28.936       ; -0.051     ; 2.802      ;
; 26.105 ; data_out_module:inst1|j[1] ; data_out_module_8:inst9|data_outpin ; inst4|altpll_component|auto_generated|pll1|clk[0] ; inst4|altpll_component|auto_generated|pll1|clk[0] ; 28.936       ; -0.051     ; 2.767      ;
; 26.144 ; data_out_module:inst1|j[2] ; data_out_module_8:inst9|data_outpin ; inst4|altpll_component|auto_generated|pll1|clk[0] ; inst4|altpll_component|auto_generated|pll1|clk[0] ; 28.936       ; -0.051     ; 2.728      ;
; 26.172 ; data_out_module:inst1|j[0] ; data_out_module_8:inst9|data_outpin ; inst4|altpll_component|auto_generated|pll1|clk[0] ; inst4|altpll_component|auto_generated|pll1|clk[0] ; 28.936       ; -0.051     ; 2.700      ;
; 26.205 ; data_out_module:inst1|j[4] ; data_out_module_3:inst2|data_outpin ; inst4|altpll_component|auto_generated|pll1|clk[0] ; inst4|altpll_component|auto_generated|pll1|clk[0] ; 28.936       ; -0.047     ; 2.671      ;
; 26.206 ; data_out_module:inst1|j[4] ; data_out_module_5:inst6|data_outpin ; inst4|altpll_component|auto_generated|pll1|clk[0] ; inst4|altpll_component|auto_generated|pll1|clk[0] ; 28.936       ; -0.047     ; 2.670      ;
; 26.207 ; data_out_module:inst1|j[4] ; data_out_module_6:inst7|data_outpin ; inst4|altpll_component|auto_generated|pll1|clk[0] ; inst4|altpll_component|auto_generated|pll1|clk[0] ; 28.936       ; -0.047     ; 2.669      ;
; 26.208 ; data_out_module:inst1|j[4] ; data_out_module_7:inst8|data_outpin ; inst4|altpll_component|auto_generated|pll1|clk[0] ; inst4|altpll_component|auto_generated|pll1|clk[0] ; 28.936       ; -0.047     ; 2.668      ;
; 26.210 ; data_out_module:inst1|j[4] ; data_out_module_2:inst3|data_outpin ; inst4|altpll_component|auto_generated|pll1|clk[0] ; inst4|altpll_component|auto_generated|pll1|clk[0] ; 28.936       ; -0.047     ; 2.666      ;
; 26.254 ; data_out_module:inst1|j[3] ; data_out_module_8:inst9|data_outpin ; inst4|altpll_component|auto_generated|pll1|clk[0] ; inst4|altpll_component|auto_generated|pll1|clk[0] ; 28.936       ; -0.051     ; 2.618      ;
; 26.266 ; data_out_module:inst1|j[6] ; data_out_module_3:inst2|data_outpin ; inst4|altpll_component|auto_generated|pll1|clk[0] ; inst4|altpll_component|auto_generated|pll1|clk[0] ; 28.936       ; -0.047     ; 2.610      ;
; 26.267 ; data_out_module:inst1|j[6] ; data_out_module_5:inst6|data_outpin ; inst4|altpll_component|auto_generated|pll1|clk[0] ; inst4|altpll_component|auto_generated|pll1|clk[0] ; 28.936       ; -0.047     ; 2.609      ;
; 26.268 ; data_out_module:inst1|j[6] ; data_out_module_6:inst7|data_outpin ; inst4|altpll_component|auto_generated|pll1|clk[0] ; inst4|altpll_component|auto_generated|pll1|clk[0] ; 28.936       ; -0.047     ; 2.608      ;
; 26.269 ; data_out_module:inst1|j[6] ; data_out_module_7:inst8|data_outpin ; inst4|altpll_component|auto_generated|pll1|clk[0] ; inst4|altpll_component|auto_generated|pll1|clk[0] ; 28.936       ; -0.047     ; 2.607      ;
; 26.271 ; data_out_module:inst1|j[6] ; data_out_module_2:inst3|data_outpin ; inst4|altpll_component|auto_generated|pll1|clk[0] ; inst4|altpll_component|auto_generated|pll1|clk[0] ; 28.936       ; -0.047     ; 2.605      ;
; 26.286 ; data_out_module:inst1|j[8] ; data_out_module:inst1|data_outpin   ; inst4|altpll_component|auto_generated|pll1|clk[0] ; inst4|altpll_component|auto_generated|pll1|clk[0] ; 28.936       ; -0.046     ; 2.591      ;
; 26.367 ; data_out_module:inst1|j[9] ; data_out_module_3:inst2|data_outpin ; inst4|altpll_component|auto_generated|pll1|clk[0] ; inst4|altpll_component|auto_generated|pll1|clk[0] ; 28.936       ; -0.047     ; 2.509      ;
; 26.368 ; data_out_module:inst1|j[9] ; data_out_module_5:inst6|data_outpin ; inst4|altpll_component|auto_generated|pll1|clk[0] ; inst4|altpll_component|auto_generated|pll1|clk[0] ; 28.936       ; -0.047     ; 2.508      ;
; 26.369 ; data_out_module:inst1|j[9] ; data_out_module_6:inst7|data_outpin ; inst4|altpll_component|auto_generated|pll1|clk[0] ; inst4|altpll_component|auto_generated|pll1|clk[0] ; 28.936       ; -0.047     ; 2.507      ;
; 26.370 ; data_out_module:inst1|j[9] ; data_out_module_7:inst8|data_outpin ; inst4|altpll_component|auto_generated|pll1|clk[0] ; inst4|altpll_component|auto_generated|pll1|clk[0] ; 28.936       ; -0.047     ; 2.506      ;
; 26.372 ; data_out_module:inst1|j[9] ; data_out_module_2:inst3|data_outpin ; inst4|altpll_component|auto_generated|pll1|clk[0] ; inst4|altpll_component|auto_generated|pll1|clk[0] ; 28.936       ; -0.047     ; 2.504      ;
; 26.467 ; data_out_module:inst1|j[5] ; data_out_module:inst1|data_outpin   ; inst4|altpll_component|auto_generated|pll1|clk[0] ; inst4|altpll_component|auto_generated|pll1|clk[0] ; 28.936       ; -0.046     ; 2.410      ;
; 26.470 ; data_out_module:inst1|j[8] ; data_out_module_8:inst9|data_outpin ; inst4|altpll_component|auto_generated|pll1|clk[0] ; inst4|altpll_component|auto_generated|pll1|clk[0] ; 28.936       ; -0.046     ; 2.407      ;
; 26.503 ; data_out_module:inst1|j[1] ; data_out_module_4:inst5|data_outpin ; inst4|altpll_component|auto_generated|pll1|clk[0] ; inst4|altpll_component|auto_generated|pll1|clk[0] ; 28.936       ; -0.051     ; 2.369      ;
; 26.545 ; data_out_module:inst1|j[2] ; data_out_module_4:inst5|data_outpin ; inst4|altpll_component|auto_generated|pll1|clk[0] ; inst4|altpll_component|auto_generated|pll1|clk[0] ; 28.936       ; -0.051     ; 2.327      ;
; 26.577 ; data_out_module:inst1|j[0] ; data_out_module_4:inst5|data_outpin ; inst4|altpll_component|auto_generated|pll1|clk[0] ; inst4|altpll_component|auto_generated|pll1|clk[0] ; 28.936       ; -0.051     ; 2.295      ;
; 26.618 ; data_out_module:inst1|j[6] ; data_out_module_4:inst5|data_outpin ; inst4|altpll_component|auto_generated|pll1|clk[0] ; inst4|altpll_component|auto_generated|pll1|clk[0] ; 28.936       ; -0.046     ; 2.259      ;
; 26.651 ; data_out_module:inst1|j[5] ; data_out_module_8:inst9|data_outpin ; inst4|altpll_component|auto_generated|pll1|clk[0] ; inst4|altpll_component|auto_generated|pll1|clk[0] ; 28.936       ; -0.046     ; 2.226      ;
; 26.653 ; data_out_module:inst1|j[3] ; data_out_module_4:inst5|data_outpin ; inst4|altpll_component|auto_generated|pll1|clk[0] ; inst4|altpll_component|auto_generated|pll1|clk[0] ; 28.936       ; -0.051     ; 2.219      ;
; 26.687 ; data_out_module:inst1|j[5] ; data_out_module_4:inst5|data_outpin ; inst4|altpll_component|auto_generated|pll1|clk[0] ; inst4|altpll_component|auto_generated|pll1|clk[0] ; 28.936       ; -0.046     ; 2.190      ;
; 26.689 ; data_out_module:inst1|j[8] ; data_out_module_4:inst5|data_outpin ; inst4|altpll_component|auto_generated|pll1|clk[0] ; inst4|altpll_component|auto_generated|pll1|clk[0] ; 28.936       ; -0.046     ; 2.188      ;
; 26.808 ; data_out_module:inst1|j[4] ; data_out_module:inst1|j[0]          ; inst4|altpll_component|auto_generated|pll1|clk[0] ; inst4|altpll_component|auto_generated|pll1|clk[0] ; 28.936       ; -0.032     ; 2.083      ;
; 26.808 ; data_out_module:inst1|j[4] ; data_out_module:inst1|j[3]          ; inst4|altpll_component|auto_generated|pll1|clk[0] ; inst4|altpll_component|auto_generated|pll1|clk[0] ; 28.936       ; -0.032     ; 2.083      ;
; 26.808 ; data_out_module:inst1|j[4] ; data_out_module:inst1|j[1]          ; inst4|altpll_component|auto_generated|pll1|clk[0] ; inst4|altpll_component|auto_generated|pll1|clk[0] ; 28.936       ; -0.032     ; 2.083      ;
; 26.808 ; data_out_module:inst1|j[4] ; data_out_module:inst1|j[2]          ; inst4|altpll_component|auto_generated|pll1|clk[0] ; inst4|altpll_component|auto_generated|pll1|clk[0] ; 28.936       ; -0.032     ; 2.083      ;
; 26.818 ; data_out_module:inst1|j[9] ; data_out_module:inst1|j[0]          ; inst4|altpll_component|auto_generated|pll1|clk[0] ; inst4|altpll_component|auto_generated|pll1|clk[0] ; 28.936       ; -0.032     ; 2.073      ;
; 26.818 ; data_out_module:inst1|j[9] ; data_out_module:inst1|j[3]          ; inst4|altpll_component|auto_generated|pll1|clk[0] ; inst4|altpll_component|auto_generated|pll1|clk[0] ; 28.936       ; -0.032     ; 2.073      ;
; 26.818 ; data_out_module:inst1|j[9] ; data_out_module:inst1|j[1]          ; inst4|altpll_component|auto_generated|pll1|clk[0] ; inst4|altpll_component|auto_generated|pll1|clk[0] ; 28.936       ; -0.032     ; 2.073      ;
; 26.818 ; data_out_module:inst1|j[9] ; data_out_module:inst1|j[2]          ; inst4|altpll_component|auto_generated|pll1|clk[0] ; inst4|altpll_component|auto_generated|pll1|clk[0] ; 28.936       ; -0.032     ; 2.073      ;
; 26.826 ; data_out_module:inst1|j[4] ; data_out_module:inst1|data_outpin   ; inst4|altpll_component|auto_generated|pll1|clk[0] ; inst4|altpll_component|auto_generated|pll1|clk[0] ; 28.936       ; -0.046     ; 2.051      ;
; 26.831 ; data_out_module:inst1|j[4] ; data_out_module_4:inst5|data_outpin ; inst4|altpll_component|auto_generated|pll1|clk[0] ; inst4|altpll_component|auto_generated|pll1|clk[0] ; 28.936       ; -0.046     ; 2.046      ;
; 26.850 ; data_out_module:inst1|j[5] ; data_out_module:inst1|j[0]          ; inst4|altpll_component|auto_generated|pll1|clk[0] ; inst4|altpll_component|auto_generated|pll1|clk[0] ; 28.936       ; -0.032     ; 2.041      ;
; 26.850 ; data_out_module:inst1|j[5] ; data_out_module:inst1|j[3]          ; inst4|altpll_component|auto_generated|pll1|clk[0] ; inst4|altpll_component|auto_generated|pll1|clk[0] ; 28.936       ; -0.032     ; 2.041      ;
; 26.850 ; data_out_module:inst1|j[5] ; data_out_module:inst1|j[1]          ; inst4|altpll_component|auto_generated|pll1|clk[0] ; inst4|altpll_component|auto_generated|pll1|clk[0] ; 28.936       ; -0.032     ; 2.041      ;
; 26.850 ; data_out_module:inst1|j[5] ; data_out_module:inst1|j[2]          ; inst4|altpll_component|auto_generated|pll1|clk[0] ; inst4|altpll_component|auto_generated|pll1|clk[0] ; 28.936       ; -0.032     ; 2.041      ;
; 26.879 ; data_out_module:inst1|j[7] ; data_out_module_3:inst2|data_outpin ; inst4|altpll_component|auto_generated|pll1|clk[0] ; inst4|altpll_component|auto_generated|pll1|clk[0] ; 28.936       ; -0.047     ; 1.997      ;
; 26.880 ; data_out_module:inst1|j[7] ; data_out_module_5:inst6|data_outpin ; inst4|altpll_component|auto_generated|pll1|clk[0] ; inst4|altpll_component|auto_generated|pll1|clk[0] ; 28.936       ; -0.047     ; 1.996      ;
; 26.881 ; data_out_module:inst1|j[7] ; data_out_module_6:inst7|data_outpin ; inst4|altpll_component|auto_generated|pll1|clk[0] ; inst4|altpll_component|auto_generated|pll1|clk[0] ; 28.936       ; -0.047     ; 1.995      ;
; 26.882 ; data_out_module:inst1|j[7] ; data_out_module_7:inst8|data_outpin ; inst4|altpll_component|auto_generated|pll1|clk[0] ; inst4|altpll_component|auto_generated|pll1|clk[0] ; 28.936       ; -0.047     ; 1.994      ;
; 26.883 ; data_out_module:inst1|j[4] ; data_out_module:inst1|j[8]          ; inst4|altpll_component|auto_generated|pll1|clk[0] ; inst4|altpll_component|auto_generated|pll1|clk[0] ; 28.936       ; -0.036     ; 2.004      ;
; 26.884 ; data_out_module:inst1|j[9] ; data_out_module:inst1|j[8]          ; inst4|altpll_component|auto_generated|pll1|clk[0] ; inst4|altpll_component|auto_generated|pll1|clk[0] ; 28.936       ; -0.036     ; 2.003      ;
; 26.884 ; data_out_module:inst1|j[7] ; data_out_module_2:inst3|data_outpin ; inst4|altpll_component|auto_generated|pll1|clk[0] ; inst4|altpll_component|auto_generated|pll1|clk[0] ; 28.936       ; -0.047     ; 1.992      ;
; 26.885 ; data_out_module:inst1|j[8] ; data_out_module:inst1|j[0]          ; inst4|altpll_component|auto_generated|pll1|clk[0] ; inst4|altpll_component|auto_generated|pll1|clk[0] ; 28.936       ; -0.032     ; 2.006      ;
; 26.885 ; data_out_module:inst1|j[8] ; data_out_module:inst1|j[3]          ; inst4|altpll_component|auto_generated|pll1|clk[0] ; inst4|altpll_component|auto_generated|pll1|clk[0] ; 28.936       ; -0.032     ; 2.006      ;
; 26.885 ; data_out_module:inst1|j[8] ; data_out_module:inst1|j[1]          ; inst4|altpll_component|auto_generated|pll1|clk[0] ; inst4|altpll_component|auto_generated|pll1|clk[0] ; 28.936       ; -0.032     ; 2.006      ;
; 26.885 ; data_out_module:inst1|j[8] ; data_out_module:inst1|j[2]          ; inst4|altpll_component|auto_generated|pll1|clk[0] ; inst4|altpll_component|auto_generated|pll1|clk[0] ; 28.936       ; -0.032     ; 2.006      ;
; 26.887 ; data_out_module:inst1|j[6] ; data_out_module:inst1|data_outpin   ; inst4|altpll_component|auto_generated|pll1|clk[0] ; inst4|altpll_component|auto_generated|pll1|clk[0] ; 28.936       ; -0.046     ; 1.990      ;
; 26.925 ; data_out_module:inst1|j[5] ; data_out_module:inst1|j[8]          ; inst4|altpll_component|auto_generated|pll1|clk[0] ; inst4|altpll_component|auto_generated|pll1|clk[0] ; 28.936       ; -0.036     ; 1.962      ;
; 26.960 ; data_out_module:inst1|j[8] ; data_out_module:inst1|j[8]          ; inst4|altpll_component|auto_generated|pll1|clk[0] ; inst4|altpll_component|auto_generated|pll1|clk[0] ; 28.936       ; -0.036     ; 1.927      ;
; 26.967 ; data_out_module:inst1|j[9] ; data_out_module:inst1|j[5]          ; inst4|altpll_component|auto_generated|pll1|clk[0] ; inst4|altpll_component|auto_generated|pll1|clk[0] ; 28.936       ; -0.036     ; 1.920      ;
; 26.967 ; data_out_module:inst1|j[9] ; data_out_module:inst1|j[7]          ; inst4|altpll_component|auto_generated|pll1|clk[0] ; inst4|altpll_component|auto_generated|pll1|clk[0] ; 28.936       ; -0.036     ; 1.920      ;
; 26.967 ; data_out_module:inst1|j[9] ; data_out_module:inst1|j[9]          ; inst4|altpll_component|auto_generated|pll1|clk[0] ; inst4|altpll_component|auto_generated|pll1|clk[0] ; 28.936       ; -0.036     ; 1.920      ;
; 26.969 ; data_out_module:inst1|j[9] ; data_out_module:inst1|j[4]          ; inst4|altpll_component|auto_generated|pll1|clk[0] ; inst4|altpll_component|auto_generated|pll1|clk[0] ; 28.936       ; -0.036     ; 1.918      ;
; 26.969 ; data_out_module:inst1|j[9] ; data_out_module:inst1|j[6]          ; inst4|altpll_component|auto_generated|pll1|clk[0] ; inst4|altpll_component|auto_generated|pll1|clk[0] ; 28.936       ; -0.036     ; 1.918      ;
; 26.974 ; data_out_module:inst1|j[4] ; data_out_module:inst1|j[5]          ; inst4|altpll_component|auto_generated|pll1|clk[0] ; inst4|altpll_component|auto_generated|pll1|clk[0] ; 28.936       ; -0.036     ; 1.913      ;
; 26.974 ; data_out_module:inst1|j[4] ; data_out_module:inst1|j[7]          ; inst4|altpll_component|auto_generated|pll1|clk[0] ; inst4|altpll_component|auto_generated|pll1|clk[0] ; 28.936       ; -0.036     ; 1.913      ;
; 26.975 ; data_out_module:inst1|j[4] ; data_out_module:inst1|j[9]          ; inst4|altpll_component|auto_generated|pll1|clk[0] ; inst4|altpll_component|auto_generated|pll1|clk[0] ; 28.936       ; -0.036     ; 1.912      ;
+--------+----------------------------+-------------------------------------+---------------------------------------------------+---------------------------------------------------+--------------+------------+------------+


+------------------------------------------------------------------------------------------------------------------------------------------------------------------------------------------------------------------+
; Fast 1200mV 0C Model Hold: 'inst4|altpll_component|auto_generated|pll1|clk[0]'                                                                                                                                   ;
+-------+----------------------------+----------------------------+---------------------------------------------------+---------------------------------------------------+--------------+------------+------------+
; Slack ; From Node                  ; To Node                    ; Launch Clock                                      ; Latch Clock                                       ; Relationship ; Clock Skew ; Data Delay ;
+-------+----------------------------+----------------------------+---------------------------------------------------+---------------------------------------------------+--------------+------------+------------+
; 0.186 ; data_out_module:inst1|j[0] ; data_out_module:inst1|j[0] ; inst4|altpll_component|auto_generated|pll1|clk[0] ; inst4|altpll_component|auto_generated|pll1|clk[0] ; 0.000        ; 0.037      ; 0.307      ;
; 0.186 ; data_out_module:inst1|j[3] ; data_out_module:inst1|j[3] ; inst4|altpll_component|auto_generated|pll1|clk[0] ; inst4|altpll_component|auto_generated|pll1|clk[0] ; 0.000        ; 0.037      ; 0.307      ;
; 0.186 ; data_out_module:inst1|j[1] ; data_out_module:inst1|j[1] ; inst4|altpll_component|auto_generated|pll1|clk[0] ; inst4|altpll_component|auto_generated|pll1|clk[0] ; 0.000        ; 0.037      ; 0.307      ;
; 0.186 ; data_out_module:inst1|j[2] ; data_out_module:inst1|j[2] ; inst4|altpll_component|auto_generated|pll1|clk[0] ; inst4|altpll_component|auto_generated|pll1|clk[0] ; 0.000        ; 0.037      ; 0.307      ;
; 0.187 ; data_out_module:inst1|j[8] ; data_out_module:inst1|j[8] ; inst4|altpll_component|auto_generated|pll1|clk[0] ; inst4|altpll_component|auto_generated|pll1|clk[0] ; 0.000        ; 0.036      ; 0.307      ;
; 0.187 ; data_out_module:inst1|j[4] ; data_out_module:inst1|j[4] ; inst4|altpll_component|auto_generated|pll1|clk[0] ; inst4|altpll_component|auto_generated|pll1|clk[0] ; 0.000        ; 0.036      ; 0.307      ;
; 0.187 ; data_out_module:inst1|j[5] ; data_out_module:inst1|j[5] ; inst4|altpll_component|auto_generated|pll1|clk[0] ; inst4|altpll_component|auto_generated|pll1|clk[0] ; 0.000        ; 0.036      ; 0.307      ;
; 0.187 ; data_out_module:inst1|j[6] ; data_out_module:inst1|j[6] ; inst4|altpll_component|auto_generated|pll1|clk[0] ; inst4|altpll_component|auto_generated|pll1|clk[0] ; 0.000        ; 0.036      ; 0.307      ;
; 0.187 ; data_out_module:inst1|j[7] ; data_out_module:inst1|j[7] ; inst4|altpll_component|auto_generated|pll1|clk[0] ; inst4|altpll_component|auto_generated|pll1|clk[0] ; 0.000        ; 0.036      ; 0.307      ;
; 0.187 ; data_out_module:inst1|j[9] ; data_out_module:inst1|j[9] ; inst4|altpll_component|auto_generated|pll1|clk[0] ; inst4|altpll_component|auto_generated|pll1|clk[0] ; 0.000        ; 0.036      ; 0.307      ;
; 0.192 ; sonic:inst|latch           ; sonic:inst|latchpin        ; inst4|altpll_component|auto_generated|pll1|clk[0] ; inst4|altpll_component|auto_generated|pll1|clk[0] ; 0.000        ; 0.037      ; 0.313      ;
; 0.200 ; sonic:inst|i[6]            ; sonic:inst|i[6]            ; inst4|altpll_component|auto_generated|pll1|clk[0] ; inst4|altpll_component|auto_generated|pll1|clk[0] ; 0.000        ; 0.037      ; 0.321      ;
; 0.207 ; sonic:inst|j[2]            ; sonic:inst|latch           ; inst4|altpll_component|auto_generated|pll1|clk[0] ; inst4|altpll_component|auto_generated|pll1|clk[0] ; 0.000        ; 0.037      ; 0.328      ;
; 0.255 ; sonic:inst|clock           ; sonic:inst|clockpin        ; inst4|altpll_component|auto_generated|pll1|clk[0] ; inst4|altpll_component|auto_generated|pll1|clk[0] ; 0.000        ; 0.037      ; 0.376      ;
; 0.260 ; sonic:inst|i[4]            ; sonic:inst|clock           ; inst4|altpll_component|auto_generated|pll1|clk[0] ; inst4|altpll_component|auto_generated|pll1|clk[0] ; 0.000        ; 0.037      ; 0.381      ;
; 0.297 ; sonic:inst|j[6]            ; sonic:inst|j[6]            ; inst4|altpll_component|auto_generated|pll1|clk[0] ; inst4|altpll_component|auto_generated|pll1|clk[0] ; 0.000        ; 0.037      ; 0.418      ;
; 0.297 ; data_out_module:inst1|i[5] ; data_out_module:inst1|i[5] ; inst4|altpll_component|auto_generated|pll1|clk[0] ; inst4|altpll_component|auto_generated|pll1|clk[0] ; 0.000        ; 0.037      ; 0.418      ;
; 0.297 ; data_out_module:inst1|i[3] ; data_out_module:inst1|i[3] ; inst4|altpll_component|auto_generated|pll1|clk[0] ; inst4|altpll_component|auto_generated|pll1|clk[0] ; 0.000        ; 0.037      ; 0.418      ;
; 0.298 ; sonic:inst|j[5]            ; sonic:inst|j[5]            ; inst4|altpll_component|auto_generated|pll1|clk[0] ; inst4|altpll_component|auto_generated|pll1|clk[0] ; 0.000        ; 0.037      ; 0.419      ;
; 0.299 ; data_out_module:inst1|i[7] ; data_out_module:inst1|i[7] ; inst4|altpll_component|auto_generated|pll1|clk[0] ; inst4|altpll_component|auto_generated|pll1|clk[0] ; 0.000        ; 0.037      ; 0.420      ;
; 0.299 ; data_out_module:inst1|i[6] ; data_out_module:inst1|i[6] ; inst4|altpll_component|auto_generated|pll1|clk[0] ; inst4|altpll_component|auto_generated|pll1|clk[0] ; 0.000        ; 0.037      ; 0.420      ;
; 0.299 ; data_out_module:inst1|i[2] ; data_out_module:inst1|i[2] ; inst4|altpll_component|auto_generated|pll1|clk[0] ; inst4|altpll_component|auto_generated|pll1|clk[0] ; 0.000        ; 0.037      ; 0.420      ;
; 0.300 ; data_out_module:inst1|i[4] ; data_out_module:inst1|i[4] ; inst4|altpll_component|auto_generated|pll1|clk[0] ; inst4|altpll_component|auto_generated|pll1|clk[0] ; 0.000        ; 0.037      ; 0.421      ;
; 0.303 ; sonic:inst|j[2]            ; sonic:inst|j[2]            ; inst4|altpll_component|auto_generated|pll1|clk[0] ; inst4|altpll_component|auto_generated|pll1|clk[0] ; 0.000        ; 0.037      ; 0.424      ;
; 0.303 ; sonic:inst|i[5]            ; sonic:inst|i[5]            ; inst4|altpll_component|auto_generated|pll1|clk[0] ; inst4|altpll_component|auto_generated|pll1|clk[0] ; 0.000        ; 0.037      ; 0.424      ;
; 0.304 ; sonic:inst|i[4]            ; sonic:inst|i[4]            ; inst4|altpll_component|auto_generated|pll1|clk[0] ; inst4|altpll_component|auto_generated|pll1|clk[0] ; 0.000        ; 0.037      ; 0.425      ;
; 0.306 ; sonic:inst|i[2]            ; sonic:inst|i[2]            ; inst4|altpll_component|auto_generated|pll1|clk[0] ; inst4|altpll_component|auto_generated|pll1|clk[0] ; 0.000        ; 0.037      ; 0.427      ;
; 0.308 ; sonic:inst|i[1]            ; sonic:inst|i[1]            ; inst4|altpll_component|auto_generated|pll1|clk[0] ; inst4|altpll_component|auto_generated|pll1|clk[0] ; 0.000        ; 0.037      ; 0.429      ;
; 0.308 ; sonic:inst|i[3]            ; sonic:inst|i[3]            ; inst4|altpll_component|auto_generated|pll1|clk[0] ; inst4|altpll_component|auto_generated|pll1|clk[0] ; 0.000        ; 0.037      ; 0.429      ;
; 0.350 ; sonic:inst|j[1]            ; sonic:inst|latch           ; inst4|altpll_component|auto_generated|pll1|clk[0] ; inst4|altpll_component|auto_generated|pll1|clk[0] ; 0.000        ; 0.037      ; 0.471      ;
; 0.355 ; sonic:inst|j[0]            ; sonic:inst|latch           ; inst4|altpll_component|auto_generated|pll1|clk[0] ; inst4|altpll_component|auto_generated|pll1|clk[0] ; 0.000        ; 0.037      ; 0.476      ;
; 0.356 ; sonic:inst|i[6]            ; sonic:inst|clock           ; inst4|altpll_component|auto_generated|pll1|clk[0] ; inst4|altpll_component|auto_generated|pll1|clk[0] ; 0.000        ; 0.037      ; 0.477      ;
; 0.361 ; data_out_module:inst1|i[0] ; data_out_module:inst1|i[0] ; inst4|altpll_component|auto_generated|pll1|clk[0] ; inst4|altpll_component|auto_generated|pll1|clk[0] ; 0.000        ; 0.037      ; 0.482      ;
; 0.388 ; sonic:inst|j[2]            ; sonic:inst|j[1]            ; inst4|altpll_component|auto_generated|pll1|clk[0] ; inst4|altpll_component|auto_generated|pll1|clk[0] ; 0.000        ; 0.037      ; 0.509      ;
; 0.388 ; sonic:inst|i[0]            ; sonic:inst|i[0]            ; inst4|altpll_component|auto_generated|pll1|clk[0] ; inst4|altpll_component|auto_generated|pll1|clk[0] ; 0.000        ; 0.037      ; 0.509      ;
; 0.389 ; sonic:inst|j[2]            ; sonic:inst|j[3]            ; inst4|altpll_component|auto_generated|pll1|clk[0] ; inst4|altpll_component|auto_generated|pll1|clk[0] ; 0.000        ; 0.037      ; 0.510      ;
; 0.389 ; sonic:inst|j[2]            ; sonic:inst|j[4]            ; inst4|altpll_component|auto_generated|pll1|clk[0] ; inst4|altpll_component|auto_generated|pll1|clk[0] ; 0.000        ; 0.037      ; 0.510      ;
; 0.391 ; sonic:inst|j[2]            ; sonic:inst|j[0]            ; inst4|altpll_component|auto_generated|pll1|clk[0] ; inst4|altpll_component|auto_generated|pll1|clk[0] ; 0.000        ; 0.037      ; 0.512      ;
; 0.423 ; data_out_module:inst1|i[5] ; data_out_module:inst1|i[1] ; inst4|altpll_component|auto_generated|pll1|clk[0] ; inst4|altpll_component|auto_generated|pll1|clk[0] ; 0.000        ; 0.037      ; 0.544      ;
; 0.423 ; data_out_module:inst1|i[5] ; data_out_module:inst1|i[0] ; inst4|altpll_component|auto_generated|pll1|clk[0] ; inst4|altpll_component|auto_generated|pll1|clk[0] ; 0.000        ; 0.037      ; 0.544      ;
; 0.438 ; data_out_module:inst1|i[1] ; data_out_module:inst1|i[0] ; inst4|altpll_component|auto_generated|pll1|clk[0] ; inst4|altpll_component|auto_generated|pll1|clk[0] ; 0.000        ; 0.037      ; 0.559      ;
; 0.444 ; sonic:inst|j[5]            ; sonic:inst|latch           ; inst4|altpll_component|auto_generated|pll1|clk[0] ; inst4|altpll_component|auto_generated|pll1|clk[0] ; 0.000        ; 0.037      ; 0.565      ;
; 0.446 ; data_out_module:inst1|i[5] ; data_out_module:inst1|i[6] ; inst4|altpll_component|auto_generated|pll1|clk[0] ; inst4|altpll_component|auto_generated|pll1|clk[0] ; 0.000        ; 0.037      ; 0.567      ;
; 0.446 ; data_out_module:inst1|i[3] ; data_out_module:inst1|i[4] ; inst4|altpll_component|auto_generated|pll1|clk[0] ; inst4|altpll_component|auto_generated|pll1|clk[0] ; 0.000        ; 0.037      ; 0.567      ;
; 0.447 ; sonic:inst|j[5]            ; sonic:inst|j[6]            ; inst4|altpll_component|auto_generated|pll1|clk[0] ; inst4|altpll_component|auto_generated|pll1|clk[0] ; 0.000        ; 0.037      ; 0.568      ;
; 0.449 ; data_out_module:inst1|i[1] ; data_out_module:inst1|i[2] ; inst4|altpll_component|auto_generated|pll1|clk[0] ; inst4|altpll_component|auto_generated|pll1|clk[0] ; 0.000        ; 0.037      ; 0.570      ;
; 0.452 ; sonic:inst|i[5]            ; sonic:inst|i[6]            ; inst4|altpll_component|auto_generated|pll1|clk[0] ; inst4|altpll_component|auto_generated|pll1|clk[0] ; 0.000        ; 0.037      ; 0.573      ;
; 0.452 ; sonic:inst|j[1]            ; sonic:inst|j[2]            ; inst4|altpll_component|auto_generated|pll1|clk[0] ; inst4|altpll_component|auto_generated|pll1|clk[0] ; 0.000        ; 0.037      ; 0.573      ;
; 0.455 ; data_out_module:inst1|i[1] ; data_out_module:inst1|i[1] ; inst4|altpll_component|auto_generated|pll1|clk[0] ; inst4|altpll_component|auto_generated|pll1|clk[0] ; 0.000        ; 0.037      ; 0.576      ;
; 0.457 ; data_out_module:inst1|i[2] ; data_out_module:inst1|i[3] ; inst4|altpll_component|auto_generated|pll1|clk[0] ; inst4|altpll_component|auto_generated|pll1|clk[0] ; 0.000        ; 0.037      ; 0.578      ;
; 0.457 ; data_out_module:inst1|i[6] ; data_out_module:inst1|i[7] ; inst4|altpll_component|auto_generated|pll1|clk[0] ; inst4|altpll_component|auto_generated|pll1|clk[0] ; 0.000        ; 0.037      ; 0.578      ;
; 0.457 ; sonic:inst|i[3]            ; sonic:inst|i[4]            ; inst4|altpll_component|auto_generated|pll1|clk[0] ; inst4|altpll_component|auto_generated|pll1|clk[0] ; 0.000        ; 0.037      ; 0.578      ;
; 0.457 ; sonic:inst|i[1]            ; sonic:inst|i[2]            ; inst4|altpll_component|auto_generated|pll1|clk[0] ; inst4|altpll_component|auto_generated|pll1|clk[0] ; 0.000        ; 0.037      ; 0.578      ;
; 0.458 ; data_out_module:inst1|i[4] ; data_out_module:inst1|i[5] ; inst4|altpll_component|auto_generated|pll1|clk[0] ; inst4|altpll_component|auto_generated|pll1|clk[0] ; 0.000        ; 0.037      ; 0.579      ;
; 0.460 ; sonic:inst|j[4]            ; sonic:inst|j[5]            ; inst4|altpll_component|auto_generated|pll1|clk[0] ; inst4|altpll_component|auto_generated|pll1|clk[0] ; 0.000        ; 0.037      ; 0.581      ;
; 0.460 ; data_out_module:inst1|i[2] ; data_out_module:inst1|i[4] ; inst4|altpll_component|auto_generated|pll1|clk[0] ; inst4|altpll_component|auto_generated|pll1|clk[0] ; 0.000        ; 0.037      ; 0.581      ;
; 0.461 ; data_out_module:inst1|i[4] ; data_out_module:inst1|i[6] ; inst4|altpll_component|auto_generated|pll1|clk[0] ; inst4|altpll_component|auto_generated|pll1|clk[0] ; 0.000        ; 0.037      ; 0.582      ;
; 0.462 ; sonic:inst|i[4]            ; sonic:inst|i[5]            ; inst4|altpll_component|auto_generated|pll1|clk[0] ; inst4|altpll_component|auto_generated|pll1|clk[0] ; 0.000        ; 0.037      ; 0.583      ;
; 0.462 ; data_out_module:inst1|i[0] ; data_out_module:inst1|i[1] ; inst4|altpll_component|auto_generated|pll1|clk[0] ; inst4|altpll_component|auto_generated|pll1|clk[0] ; 0.000        ; 0.037      ; 0.583      ;
; 0.463 ; sonic:inst|j[4]            ; sonic:inst|j[6]            ; inst4|altpll_component|auto_generated|pll1|clk[0] ; inst4|altpll_component|auto_generated|pll1|clk[0] ; 0.000        ; 0.037      ; 0.584      ;
; 0.463 ; data_out_module:inst1|i[0] ; data_out_module:inst1|i[2] ; inst4|altpll_component|auto_generated|pll1|clk[0] ; inst4|altpll_component|auto_generated|pll1|clk[0] ; 0.000        ; 0.037      ; 0.584      ;
; 0.464 ; sonic:inst|i[2]            ; sonic:inst|i[3]            ; inst4|altpll_component|auto_generated|pll1|clk[0] ; inst4|altpll_component|auto_generated|pll1|clk[0] ; 0.000        ; 0.037      ; 0.585      ;
; 0.465 ; sonic:inst|i[4]            ; sonic:inst|i[6]            ; inst4|altpll_component|auto_generated|pll1|clk[0] ; inst4|altpll_component|auto_generated|pll1|clk[0] ; 0.000        ; 0.037      ; 0.586      ;
; 0.467 ; sonic:inst|j[0]            ; sonic:inst|j[2]            ; inst4|altpll_component|auto_generated|pll1|clk[0] ; inst4|altpll_component|auto_generated|pll1|clk[0] ; 0.000        ; 0.037      ; 0.588      ;
; 0.467 ; sonic:inst|i[2]            ; sonic:inst|i[4]            ; inst4|altpll_component|auto_generated|pll1|clk[0] ; inst4|altpll_component|auto_generated|pll1|clk[0] ; 0.000        ; 0.037      ; 0.588      ;
; 0.481 ; sonic:inst|i[2]            ; sonic:inst|clock           ; inst4|altpll_component|auto_generated|pll1|clk[0] ; inst4|altpll_component|auto_generated|pll1|clk[0] ; 0.000        ; 0.037      ; 0.602      ;
; 0.481 ; sonic:inst|i[5]            ; sonic:inst|clock           ; inst4|altpll_component|auto_generated|pll1|clk[0] ; inst4|altpll_component|auto_generated|pll1|clk[0] ; 0.000        ; 0.037      ; 0.602      ;
; 0.482 ; data_out_module:inst1|i[4] ; data_out_module:inst1|i[1] ; inst4|altpll_component|auto_generated|pll1|clk[0] ; inst4|altpll_component|auto_generated|pll1|clk[0] ; 0.000        ; 0.037      ; 0.603      ;
; 0.482 ; data_out_module:inst1|i[4] ; data_out_module:inst1|i[0] ; inst4|altpll_component|auto_generated|pll1|clk[0] ; inst4|altpll_component|auto_generated|pll1|clk[0] ; 0.000        ; 0.037      ; 0.603      ;
; 0.493 ; data_out_module:inst1|i[2] ; data_out_module:inst1|i[0] ; inst4|altpll_component|auto_generated|pll1|clk[0] ; inst4|altpll_component|auto_generated|pll1|clk[0] ; 0.000        ; 0.037      ; 0.614      ;
; 0.494 ; data_out_module:inst1|i[3] ; data_out_module:inst1|i[0] ; inst4|altpll_component|auto_generated|pll1|clk[0] ; inst4|altpll_component|auto_generated|pll1|clk[0] ; 0.000        ; 0.037      ; 0.615      ;
; 0.498 ; sonic:inst|j[6]            ; sonic:inst|latch           ; inst4|altpll_component|auto_generated|pll1|clk[0] ; inst4|altpll_component|auto_generated|pll1|clk[0] ; 0.000        ; 0.037      ; 0.619      ;
; 0.500 ; sonic:inst|j[1]            ; sonic:inst|j[1]            ; inst4|altpll_component|auto_generated|pll1|clk[0] ; inst4|altpll_component|auto_generated|pll1|clk[0] ; 0.000        ; 0.037      ; 0.621      ;
; 0.501 ; sonic:inst|j[1]            ; sonic:inst|j[3]            ; inst4|altpll_component|auto_generated|pll1|clk[0] ; inst4|altpll_component|auto_generated|pll1|clk[0] ; 0.000        ; 0.037      ; 0.622      ;
; 0.501 ; sonic:inst|j[1]            ; sonic:inst|j[4]            ; inst4|altpll_component|auto_generated|pll1|clk[0] ; inst4|altpll_component|auto_generated|pll1|clk[0] ; 0.000        ; 0.037      ; 0.622      ;
; 0.502 ; sonic:inst|j[1]            ; sonic:inst|j[0]            ; inst4|altpll_component|auto_generated|pll1|clk[0] ; inst4|altpll_component|auto_generated|pll1|clk[0] ; 0.000        ; 0.037      ; 0.623      ;
; 0.509 ; data_out_module:inst1|i[5] ; data_out_module:inst1|i[7] ; inst4|altpll_component|auto_generated|pll1|clk[0] ; inst4|altpll_component|auto_generated|pll1|clk[0] ; 0.000        ; 0.037      ; 0.630      ;
; 0.509 ; data_out_module:inst1|i[3] ; data_out_module:inst1|i[5] ; inst4|altpll_component|auto_generated|pll1|clk[0] ; inst4|altpll_component|auto_generated|pll1|clk[0] ; 0.000        ; 0.037      ; 0.630      ;
; 0.511 ; sonic:inst|j[3]            ; sonic:inst|j[5]            ; inst4|altpll_component|auto_generated|pll1|clk[0] ; inst4|altpll_component|auto_generated|pll1|clk[0] ; 0.000        ; 0.037      ; 0.632      ;
; 0.512 ; data_out_module:inst1|i[1] ; data_out_module:inst1|i[3] ; inst4|altpll_component|auto_generated|pll1|clk[0] ; inst4|altpll_component|auto_generated|pll1|clk[0] ; 0.000        ; 0.037      ; 0.633      ;
; 0.512 ; data_out_module:inst1|i[3] ; data_out_module:inst1|i[6] ; inst4|altpll_component|auto_generated|pll1|clk[0] ; inst4|altpll_component|auto_generated|pll1|clk[0] ; 0.000        ; 0.037      ; 0.633      ;
; 0.513 ; sonic:inst|i[6]            ; sonic:inst|i[4]            ; inst4|altpll_component|auto_generated|pll1|clk[0] ; inst4|altpll_component|auto_generated|pll1|clk[0] ; 0.000        ; 0.037      ; 0.634      ;
; 0.513 ; sonic:inst|i[6]            ; sonic:inst|i[0]            ; inst4|altpll_component|auto_generated|pll1|clk[0] ; inst4|altpll_component|auto_generated|pll1|clk[0] ; 0.000        ; 0.037      ; 0.634      ;
; 0.513 ; sonic:inst|i[6]            ; sonic:inst|i[1]            ; inst4|altpll_component|auto_generated|pll1|clk[0] ; inst4|altpll_component|auto_generated|pll1|clk[0] ; 0.000        ; 0.037      ; 0.634      ;
; 0.513 ; sonic:inst|i[6]            ; sonic:inst|i[2]            ; inst4|altpll_component|auto_generated|pll1|clk[0] ; inst4|altpll_component|auto_generated|pll1|clk[0] ; 0.000        ; 0.037      ; 0.634      ;
; 0.513 ; sonic:inst|i[6]            ; sonic:inst|i[3]            ; inst4|altpll_component|auto_generated|pll1|clk[0] ; inst4|altpll_component|auto_generated|pll1|clk[0] ; 0.000        ; 0.037      ; 0.634      ;
; 0.513 ; sonic:inst|i[6]            ; sonic:inst|i[5]            ; inst4|altpll_component|auto_generated|pll1|clk[0] ; inst4|altpll_component|auto_generated|pll1|clk[0] ; 0.000        ; 0.037      ; 0.634      ;
; 0.514 ; sonic:inst|j[3]            ; sonic:inst|j[6]            ; inst4|altpll_component|auto_generated|pll1|clk[0] ; inst4|altpll_component|auto_generated|pll1|clk[0] ; 0.000        ; 0.037      ; 0.635      ;
; 0.515 ; sonic:inst|j[4]            ; sonic:inst|j[4]            ; inst4|altpll_component|auto_generated|pll1|clk[0] ; inst4|altpll_component|auto_generated|pll1|clk[0] ; 0.000        ; 0.037      ; 0.636      ;
; 0.515 ; data_out_module:inst1|i[1] ; data_out_module:inst1|i[4] ; inst4|altpll_component|auto_generated|pll1|clk[0] ; inst4|altpll_component|auto_generated|pll1|clk[0] ; 0.000        ; 0.037      ; 0.636      ;
; 0.520 ; sonic:inst|i[3]            ; sonic:inst|i[5]            ; inst4|altpll_component|auto_generated|pll1|clk[0] ; inst4|altpll_component|auto_generated|pll1|clk[0] ; 0.000        ; 0.037      ; 0.641      ;
; 0.520 ; sonic:inst|i[1]            ; sonic:inst|i[3]            ; inst4|altpll_component|auto_generated|pll1|clk[0] ; inst4|altpll_component|auto_generated|pll1|clk[0] ; 0.000        ; 0.037      ; 0.641      ;
; 0.523 ; sonic:inst|i[3]            ; sonic:inst|i[6]            ; inst4|altpll_component|auto_generated|pll1|clk[0] ; inst4|altpll_component|auto_generated|pll1|clk[0] ; 0.000        ; 0.037      ; 0.644      ;
; 0.523 ; sonic:inst|i[1]            ; sonic:inst|i[4]            ; inst4|altpll_component|auto_generated|pll1|clk[0] ; inst4|altpll_component|auto_generated|pll1|clk[0] ; 0.000        ; 0.037      ; 0.644      ;
; 0.523 ; data_out_module:inst1|i[2] ; data_out_module:inst1|i[5] ; inst4|altpll_component|auto_generated|pll1|clk[0] ; inst4|altpll_component|auto_generated|pll1|clk[0] ; 0.000        ; 0.037      ; 0.644      ;
; 0.524 ; data_out_module:inst1|i[4] ; data_out_module:inst1|i[7] ; inst4|altpll_component|auto_generated|pll1|clk[0] ; inst4|altpll_component|auto_generated|pll1|clk[0] ; 0.000        ; 0.037      ; 0.645      ;
; 0.526 ; data_out_module:inst1|i[0] ; data_out_module:inst1|i[3] ; inst4|altpll_component|auto_generated|pll1|clk[0] ; inst4|altpll_component|auto_generated|pll1|clk[0] ; 0.000        ; 0.037      ; 0.647      ;
; 0.526 ; data_out_module:inst1|i[2] ; data_out_module:inst1|i[6] ; inst4|altpll_component|auto_generated|pll1|clk[0] ; inst4|altpll_component|auto_generated|pll1|clk[0] ; 0.000        ; 0.037      ; 0.647      ;
; 0.527 ; sonic:inst|j[2]            ; sonic:inst|j[5]            ; inst4|altpll_component|auto_generated|pll1|clk[0] ; inst4|altpll_component|auto_generated|pll1|clk[0] ; 0.000        ; 0.037      ; 0.648      ;
; 0.529 ; data_out_module:inst1|i[0] ; data_out_module:inst1|i[4] ; inst4|altpll_component|auto_generated|pll1|clk[0] ; inst4|altpll_component|auto_generated|pll1|clk[0] ; 0.000        ; 0.037      ; 0.650      ;
+-------+----------------------------+----------------------------+---------------------------------------------------+---------------------------------------------------+--------------+------------+------------+


+-----------------------------------------------------------------------------------------------------------------------------------------------+
; Fast 1200mV 0C Model Minimum Pulse Width: 'clk_in'                                                                                            ;
+--------+--------------+----------------+------------------+--------+------------+-------------------------------------------------------------+
; Slack  ; Actual Width ; Required Width ; Type             ; Clock  ; Clock Edge ; Target                                                      ;
+--------+--------------+----------------+------------------+--------+------------+-------------------------------------------------------------+
; 9.594  ; 9.594        ; 0.000          ; Low Pulse Width  ; clk_in ; Rise       ; inst4|altpll_component|auto_generated|pll1|clk[0]           ;
; 9.594  ; 9.594        ; 0.000          ; Low Pulse Width  ; clk_in ; Rise       ; inst4|altpll_component|auto_generated|pll1|observablevcoout ;
; 9.620  ; 9.620        ; 0.000          ; Low Pulse Width  ; clk_in ; Rise       ; clk_in~input|o                                              ;
; 9.622  ; 9.622        ; 0.000          ; Low Pulse Width  ; clk_in ; Rise       ; inst4|altpll_component|auto_generated|pll1|inclk[0]         ;
; 10.000 ; 10.000       ; 0.000          ; High Pulse Width ; clk_in ; Rise       ; clk_in~input|i                                              ;
; 10.000 ; 10.000       ; 0.000          ; Low Pulse Width  ; clk_in ; Rise       ; clk_in~input|i                                              ;
; 10.377 ; 10.377       ; 0.000          ; High Pulse Width ; clk_in ; Rise       ; inst4|altpll_component|auto_generated|pll1|inclk[0]         ;
; 10.380 ; 10.380       ; 0.000          ; High Pulse Width ; clk_in ; Rise       ; clk_in~input|o                                              ;
; 10.404 ; 10.404       ; 0.000          ; High Pulse Width ; clk_in ; Rise       ; inst4|altpll_component|auto_generated|pll1|clk[0]           ;
; 10.404 ; 10.404       ; 0.000          ; High Pulse Width ; clk_in ; Rise       ; inst4|altpll_component|auto_generated|pll1|observablevcoout ;
; 16.000 ; 20.000       ; 4.000          ; Port Rate        ; clk_in ; Rise       ; clk_in                                                      ;
+--------+--------------+----------------+------------------+--------+------------+-------------------------------------------------------------+


+------------------------------------------------------------------------------------------------------------------------------------------------------------------+
; Fast 1200mV 0C Model Minimum Pulse Width: 'inst4|altpll_component|auto_generated|pll1|clk[0]'                                                                    ;
+--------+--------------+----------------+------------------+---------------------------------------------------+------------+-------------------------------------+
; Slack  ; Actual Width ; Required Width ; Type             ; Clock                                             ; Clock Edge ; Target                              ;
+--------+--------------+----------------+------------------+---------------------------------------------------+------------+-------------------------------------+
; 14.264 ; 14.448       ; 0.184          ; Low Pulse Width  ; inst4|altpll_component|auto_generated|pll1|clk[0] ; Rise       ; data_out_module:inst1|i[0]          ;
; 14.264 ; 14.448       ; 0.184          ; Low Pulse Width  ; inst4|altpll_component|auto_generated|pll1|clk[0] ; Rise       ; data_out_module:inst1|i[1]          ;
; 14.264 ; 14.448       ; 0.184          ; Low Pulse Width  ; inst4|altpll_component|auto_generated|pll1|clk[0] ; Rise       ; data_out_module:inst1|i[2]          ;
; 14.264 ; 14.448       ; 0.184          ; Low Pulse Width  ; inst4|altpll_component|auto_generated|pll1|clk[0] ; Rise       ; data_out_module:inst1|i[3]          ;
; 14.264 ; 14.448       ; 0.184          ; Low Pulse Width  ; inst4|altpll_component|auto_generated|pll1|clk[0] ; Rise       ; data_out_module:inst1|i[4]          ;
; 14.264 ; 14.448       ; 0.184          ; Low Pulse Width  ; inst4|altpll_component|auto_generated|pll1|clk[0] ; Rise       ; data_out_module:inst1|i[5]          ;
; 14.264 ; 14.448       ; 0.184          ; Low Pulse Width  ; inst4|altpll_component|auto_generated|pll1|clk[0] ; Rise       ; data_out_module:inst1|i[6]          ;
; 14.264 ; 14.448       ; 0.184          ; Low Pulse Width  ; inst4|altpll_component|auto_generated|pll1|clk[0] ; Rise       ; data_out_module:inst1|i[7]          ;
; 14.264 ; 14.448       ; 0.184          ; Low Pulse Width  ; inst4|altpll_component|auto_generated|pll1|clk[0] ; Rise       ; data_out_module:inst1|j[0]          ;
; 14.264 ; 14.448       ; 0.184          ; Low Pulse Width  ; inst4|altpll_component|auto_generated|pll1|clk[0] ; Rise       ; data_out_module:inst1|j[1]          ;
; 14.264 ; 14.448       ; 0.184          ; Low Pulse Width  ; inst4|altpll_component|auto_generated|pll1|clk[0] ; Rise       ; data_out_module:inst1|j[2]          ;
; 14.264 ; 14.448       ; 0.184          ; Low Pulse Width  ; inst4|altpll_component|auto_generated|pll1|clk[0] ; Rise       ; data_out_module:inst1|j[3]          ;
; 14.264 ; 14.448       ; 0.184          ; Low Pulse Width  ; inst4|altpll_component|auto_generated|pll1|clk[0] ; Rise       ; sonic:inst|clock                    ;
; 14.264 ; 14.448       ; 0.184          ; Low Pulse Width  ; inst4|altpll_component|auto_generated|pll1|clk[0] ; Rise       ; sonic:inst|clockpin                 ;
; 14.264 ; 14.448       ; 0.184          ; Low Pulse Width  ; inst4|altpll_component|auto_generated|pll1|clk[0] ; Rise       ; sonic:inst|i[0]                     ;
; 14.264 ; 14.448       ; 0.184          ; Low Pulse Width  ; inst4|altpll_component|auto_generated|pll1|clk[0] ; Rise       ; sonic:inst|i[1]                     ;
; 14.264 ; 14.448       ; 0.184          ; Low Pulse Width  ; inst4|altpll_component|auto_generated|pll1|clk[0] ; Rise       ; sonic:inst|i[2]                     ;
; 14.264 ; 14.448       ; 0.184          ; Low Pulse Width  ; inst4|altpll_component|auto_generated|pll1|clk[0] ; Rise       ; sonic:inst|i[3]                     ;
; 14.264 ; 14.448       ; 0.184          ; Low Pulse Width  ; inst4|altpll_component|auto_generated|pll1|clk[0] ; Rise       ; sonic:inst|i[4]                     ;
; 14.264 ; 14.448       ; 0.184          ; Low Pulse Width  ; inst4|altpll_component|auto_generated|pll1|clk[0] ; Rise       ; sonic:inst|i[5]                     ;
; 14.264 ; 14.448       ; 0.184          ; Low Pulse Width  ; inst4|altpll_component|auto_generated|pll1|clk[0] ; Rise       ; sonic:inst|i[6]                     ;
; 14.264 ; 14.448       ; 0.184          ; Low Pulse Width  ; inst4|altpll_component|auto_generated|pll1|clk[0] ; Rise       ; sonic:inst|j[0]                     ;
; 14.264 ; 14.448       ; 0.184          ; Low Pulse Width  ; inst4|altpll_component|auto_generated|pll1|clk[0] ; Rise       ; sonic:inst|j[1]                     ;
; 14.264 ; 14.448       ; 0.184          ; Low Pulse Width  ; inst4|altpll_component|auto_generated|pll1|clk[0] ; Rise       ; sonic:inst|j[2]                     ;
; 14.264 ; 14.448       ; 0.184          ; Low Pulse Width  ; inst4|altpll_component|auto_generated|pll1|clk[0] ; Rise       ; sonic:inst|j[3]                     ;
; 14.264 ; 14.448       ; 0.184          ; Low Pulse Width  ; inst4|altpll_component|auto_generated|pll1|clk[0] ; Rise       ; sonic:inst|j[4]                     ;
; 14.264 ; 14.448       ; 0.184          ; Low Pulse Width  ; inst4|altpll_component|auto_generated|pll1|clk[0] ; Rise       ; sonic:inst|j[5]                     ;
; 14.264 ; 14.448       ; 0.184          ; Low Pulse Width  ; inst4|altpll_component|auto_generated|pll1|clk[0] ; Rise       ; sonic:inst|j[6]                     ;
; 14.264 ; 14.448       ; 0.184          ; Low Pulse Width  ; inst4|altpll_component|auto_generated|pll1|clk[0] ; Rise       ; sonic:inst|latch                    ;
; 14.264 ; 14.448       ; 0.184          ; Low Pulse Width  ; inst4|altpll_component|auto_generated|pll1|clk[0] ; Rise       ; sonic:inst|latchpin                 ;
; 14.265 ; 14.449       ; 0.184          ; Low Pulse Width  ; inst4|altpll_component|auto_generated|pll1|clk[0] ; Rise       ; data_out_module:inst1|j[4]          ;
; 14.265 ; 14.449       ; 0.184          ; Low Pulse Width  ; inst4|altpll_component|auto_generated|pll1|clk[0] ; Rise       ; data_out_module:inst1|j[5]          ;
; 14.265 ; 14.449       ; 0.184          ; Low Pulse Width  ; inst4|altpll_component|auto_generated|pll1|clk[0] ; Rise       ; data_out_module:inst1|j[6]          ;
; 14.265 ; 14.449       ; 0.184          ; Low Pulse Width  ; inst4|altpll_component|auto_generated|pll1|clk[0] ; Rise       ; data_out_module:inst1|j[7]          ;
; 14.265 ; 14.449       ; 0.184          ; Low Pulse Width  ; inst4|altpll_component|auto_generated|pll1|clk[0] ; Rise       ; data_out_module:inst1|j[8]          ;
; 14.265 ; 14.449       ; 0.184          ; Low Pulse Width  ; inst4|altpll_component|auto_generated|pll1|clk[0] ; Rise       ; data_out_module:inst1|j[9]          ;
; 14.266 ; 14.482       ; 0.216          ; High Pulse Width ; inst4|altpll_component|auto_generated|pll1|clk[0] ; Rise       ; data_out_module:inst1|data_outpin   ;
; 14.266 ; 14.482       ; 0.216          ; High Pulse Width ; inst4|altpll_component|auto_generated|pll1|clk[0] ; Rise       ; data_out_module_2:inst3|data_outpin ;
; 14.266 ; 14.482       ; 0.216          ; High Pulse Width ; inst4|altpll_component|auto_generated|pll1|clk[0] ; Rise       ; data_out_module_3:inst2|data_outpin ;
; 14.266 ; 14.482       ; 0.216          ; High Pulse Width ; inst4|altpll_component|auto_generated|pll1|clk[0] ; Rise       ; data_out_module_4:inst5|data_outpin ;
; 14.266 ; 14.482       ; 0.216          ; High Pulse Width ; inst4|altpll_component|auto_generated|pll1|clk[0] ; Rise       ; data_out_module_5:inst6|data_outpin ;
; 14.266 ; 14.482       ; 0.216          ; High Pulse Width ; inst4|altpll_component|auto_generated|pll1|clk[0] ; Rise       ; data_out_module_6:inst7|data_outpin ;
; 14.266 ; 14.482       ; 0.216          ; High Pulse Width ; inst4|altpll_component|auto_generated|pll1|clk[0] ; Rise       ; data_out_module_7:inst8|data_outpin ;
; 14.266 ; 14.482       ; 0.216          ; High Pulse Width ; inst4|altpll_component|auto_generated|pll1|clk[0] ; Rise       ; data_out_module_8:inst9|data_outpin ;
; 14.267 ; 14.451       ; 0.184          ; Low Pulse Width  ; inst4|altpll_component|auto_generated|pll1|clk[0] ; Rise       ; data_out_module:inst1|data_outpin   ;
; 14.267 ; 14.451       ; 0.184          ; Low Pulse Width  ; inst4|altpll_component|auto_generated|pll1|clk[0] ; Rise       ; data_out_module_2:inst3|data_outpin ;
; 14.267 ; 14.451       ; 0.184          ; Low Pulse Width  ; inst4|altpll_component|auto_generated|pll1|clk[0] ; Rise       ; data_out_module_3:inst2|data_outpin ;
; 14.267 ; 14.451       ; 0.184          ; Low Pulse Width  ; inst4|altpll_component|auto_generated|pll1|clk[0] ; Rise       ; data_out_module_4:inst5|data_outpin ;
; 14.267 ; 14.451       ; 0.184          ; Low Pulse Width  ; inst4|altpll_component|auto_generated|pll1|clk[0] ; Rise       ; data_out_module_5:inst6|data_outpin ;
; 14.267 ; 14.451       ; 0.184          ; Low Pulse Width  ; inst4|altpll_component|auto_generated|pll1|clk[0] ; Rise       ; data_out_module_6:inst7|data_outpin ;
; 14.267 ; 14.451       ; 0.184          ; Low Pulse Width  ; inst4|altpll_component|auto_generated|pll1|clk[0] ; Rise       ; data_out_module_7:inst8|data_outpin ;
; 14.267 ; 14.451       ; 0.184          ; Low Pulse Width  ; inst4|altpll_component|auto_generated|pll1|clk[0] ; Rise       ; data_out_module_8:inst9|data_outpin ;
; 14.268 ; 14.484       ; 0.216          ; High Pulse Width ; inst4|altpll_component|auto_generated|pll1|clk[0] ; Rise       ; data_out_module:inst1|j[4]          ;
; 14.268 ; 14.484       ; 0.216          ; High Pulse Width ; inst4|altpll_component|auto_generated|pll1|clk[0] ; Rise       ; data_out_module:inst1|j[5]          ;
; 14.268 ; 14.484       ; 0.216          ; High Pulse Width ; inst4|altpll_component|auto_generated|pll1|clk[0] ; Rise       ; data_out_module:inst1|j[6]          ;
; 14.268 ; 14.484       ; 0.216          ; High Pulse Width ; inst4|altpll_component|auto_generated|pll1|clk[0] ; Rise       ; data_out_module:inst1|j[7]          ;
; 14.268 ; 14.484       ; 0.216          ; High Pulse Width ; inst4|altpll_component|auto_generated|pll1|clk[0] ; Rise       ; data_out_module:inst1|j[8]          ;
; 14.268 ; 14.484       ; 0.216          ; High Pulse Width ; inst4|altpll_component|auto_generated|pll1|clk[0] ; Rise       ; data_out_module:inst1|j[9]          ;
; 14.269 ; 14.485       ; 0.216          ; High Pulse Width ; inst4|altpll_component|auto_generated|pll1|clk[0] ; Rise       ; data_out_module:inst1|i[0]          ;
; 14.269 ; 14.485       ; 0.216          ; High Pulse Width ; inst4|altpll_component|auto_generated|pll1|clk[0] ; Rise       ; data_out_module:inst1|i[1]          ;
; 14.269 ; 14.485       ; 0.216          ; High Pulse Width ; inst4|altpll_component|auto_generated|pll1|clk[0] ; Rise       ; data_out_module:inst1|i[2]          ;
; 14.269 ; 14.485       ; 0.216          ; High Pulse Width ; inst4|altpll_component|auto_generated|pll1|clk[0] ; Rise       ; data_out_module:inst1|i[3]          ;
; 14.269 ; 14.485       ; 0.216          ; High Pulse Width ; inst4|altpll_component|auto_generated|pll1|clk[0] ; Rise       ; data_out_module:inst1|i[4]          ;
; 14.269 ; 14.485       ; 0.216          ; High Pulse Width ; inst4|altpll_component|auto_generated|pll1|clk[0] ; Rise       ; data_out_module:inst1|i[5]          ;
; 14.269 ; 14.485       ; 0.216          ; High Pulse Width ; inst4|altpll_component|auto_generated|pll1|clk[0] ; Rise       ; data_out_module:inst1|i[6]          ;
; 14.269 ; 14.485       ; 0.216          ; High Pulse Width ; inst4|altpll_component|auto_generated|pll1|clk[0] ; Rise       ; data_out_module:inst1|i[7]          ;
; 14.269 ; 14.485       ; 0.216          ; High Pulse Width ; inst4|altpll_component|auto_generated|pll1|clk[0] ; Rise       ; data_out_module:inst1|j[0]          ;
; 14.269 ; 14.485       ; 0.216          ; High Pulse Width ; inst4|altpll_component|auto_generated|pll1|clk[0] ; Rise       ; data_out_module:inst1|j[1]          ;
; 14.269 ; 14.485       ; 0.216          ; High Pulse Width ; inst4|altpll_component|auto_generated|pll1|clk[0] ; Rise       ; data_out_module:inst1|j[2]          ;
; 14.269 ; 14.485       ; 0.216          ; High Pulse Width ; inst4|altpll_component|auto_generated|pll1|clk[0] ; Rise       ; data_out_module:inst1|j[3]          ;
; 14.269 ; 14.485       ; 0.216          ; High Pulse Width ; inst4|altpll_component|auto_generated|pll1|clk[0] ; Rise       ; sonic:inst|clock                    ;
; 14.269 ; 14.485       ; 0.216          ; High Pulse Width ; inst4|altpll_component|auto_generated|pll1|clk[0] ; Rise       ; sonic:inst|clockpin                 ;
; 14.269 ; 14.485       ; 0.216          ; High Pulse Width ; inst4|altpll_component|auto_generated|pll1|clk[0] ; Rise       ; sonic:inst|i[0]                     ;
; 14.269 ; 14.485       ; 0.216          ; High Pulse Width ; inst4|altpll_component|auto_generated|pll1|clk[0] ; Rise       ; sonic:inst|i[1]                     ;
; 14.269 ; 14.485       ; 0.216          ; High Pulse Width ; inst4|altpll_component|auto_generated|pll1|clk[0] ; Rise       ; sonic:inst|i[2]                     ;
; 14.269 ; 14.485       ; 0.216          ; High Pulse Width ; inst4|altpll_component|auto_generated|pll1|clk[0] ; Rise       ; sonic:inst|i[3]                     ;
; 14.269 ; 14.485       ; 0.216          ; High Pulse Width ; inst4|altpll_component|auto_generated|pll1|clk[0] ; Rise       ; sonic:inst|i[4]                     ;
; 14.269 ; 14.485       ; 0.216          ; High Pulse Width ; inst4|altpll_component|auto_generated|pll1|clk[0] ; Rise       ; sonic:inst|i[5]                     ;
; 14.269 ; 14.485       ; 0.216          ; High Pulse Width ; inst4|altpll_component|auto_generated|pll1|clk[0] ; Rise       ; sonic:inst|i[6]                     ;
; 14.269 ; 14.485       ; 0.216          ; High Pulse Width ; inst4|altpll_component|auto_generated|pll1|clk[0] ; Rise       ; sonic:inst|j[0]                     ;
; 14.269 ; 14.485       ; 0.216          ; High Pulse Width ; inst4|altpll_component|auto_generated|pll1|clk[0] ; Rise       ; sonic:inst|j[1]                     ;
; 14.269 ; 14.485       ; 0.216          ; High Pulse Width ; inst4|altpll_component|auto_generated|pll1|clk[0] ; Rise       ; sonic:inst|j[2]                     ;
; 14.269 ; 14.485       ; 0.216          ; High Pulse Width ; inst4|altpll_component|auto_generated|pll1|clk[0] ; Rise       ; sonic:inst|j[3]                     ;
; 14.269 ; 14.485       ; 0.216          ; High Pulse Width ; inst4|altpll_component|auto_generated|pll1|clk[0] ; Rise       ; sonic:inst|j[4]                     ;
; 14.269 ; 14.485       ; 0.216          ; High Pulse Width ; inst4|altpll_component|auto_generated|pll1|clk[0] ; Rise       ; sonic:inst|j[5]                     ;
; 14.269 ; 14.485       ; 0.216          ; High Pulse Width ; inst4|altpll_component|auto_generated|pll1|clk[0] ; Rise       ; sonic:inst|j[6]                     ;
; 14.269 ; 14.485       ; 0.216          ; High Pulse Width ; inst4|altpll_component|auto_generated|pll1|clk[0] ; Rise       ; sonic:inst|latch                    ;
; 14.269 ; 14.485       ; 0.216          ; High Pulse Width ; inst4|altpll_component|auto_generated|pll1|clk[0] ; Rise       ; sonic:inst|latchpin                 ;
; 14.444 ; 14.444       ; 0.000          ; Low Pulse Width  ; inst4|altpll_component|auto_generated|pll1|clk[0] ; Rise       ; inst1|i[0]|clk                      ;
; 14.444 ; 14.444       ; 0.000          ; Low Pulse Width  ; inst4|altpll_component|auto_generated|pll1|clk[0] ; Rise       ; inst1|i[1]|clk                      ;
; 14.444 ; 14.444       ; 0.000          ; Low Pulse Width  ; inst4|altpll_component|auto_generated|pll1|clk[0] ; Rise       ; inst1|i[2]|clk                      ;
; 14.444 ; 14.444       ; 0.000          ; Low Pulse Width  ; inst4|altpll_component|auto_generated|pll1|clk[0] ; Rise       ; inst1|i[3]|clk                      ;
; 14.444 ; 14.444       ; 0.000          ; Low Pulse Width  ; inst4|altpll_component|auto_generated|pll1|clk[0] ; Rise       ; inst1|i[4]|clk                      ;
; 14.444 ; 14.444       ; 0.000          ; Low Pulse Width  ; inst4|altpll_component|auto_generated|pll1|clk[0] ; Rise       ; inst1|i[5]|clk                      ;
; 14.444 ; 14.444       ; 0.000          ; Low Pulse Width  ; inst4|altpll_component|auto_generated|pll1|clk[0] ; Rise       ; inst1|i[6]|clk                      ;
; 14.444 ; 14.444       ; 0.000          ; Low Pulse Width  ; inst4|altpll_component|auto_generated|pll1|clk[0] ; Rise       ; inst1|i[7]|clk                      ;
; 14.444 ; 14.444       ; 0.000          ; Low Pulse Width  ; inst4|altpll_component|auto_generated|pll1|clk[0] ; Rise       ; inst1|j[0]|clk                      ;
; 14.444 ; 14.444       ; 0.000          ; Low Pulse Width  ; inst4|altpll_component|auto_generated|pll1|clk[0] ; Rise       ; inst1|j[1]|clk                      ;
; 14.444 ; 14.444       ; 0.000          ; Low Pulse Width  ; inst4|altpll_component|auto_generated|pll1|clk[0] ; Rise       ; inst1|j[2]|clk                      ;
; 14.444 ; 14.444       ; 0.000          ; Low Pulse Width  ; inst4|altpll_component|auto_generated|pll1|clk[0] ; Rise       ; inst1|j[3]|clk                      ;
+--------+--------------+----------------+------------------+---------------------------------------------------+------------+-------------------------------------+


+-------------------------------------------------------------------------------------------------------------+
; Clock to Output Times                                                                                       ;
+---------------+------------+-------+-------+------------+---------------------------------------------------+
; Data Port     ; Clock Port ; Rise  ; Fall  ; Clock Edge ; Clock Reference                                   ;
+---------------+------------+-------+-------+------------+---------------------------------------------------+
; clockpin      ; clk_in     ; 2.034 ; 2.085 ; Rise       ; inst4|altpll_component|auto_generated|pll1|clk[0] ;
; data_outpin   ; clk_in     ; 2.561 ; 2.702 ; Rise       ; inst4|altpll_component|auto_generated|pll1|clk[0] ;
; data_outpin_2 ; clk_in     ; 2.496 ; 2.622 ; Rise       ; inst4|altpll_component|auto_generated|pll1|clk[0] ;
; data_outpin_3 ; clk_in     ; 2.673 ; 2.829 ; Rise       ; inst4|altpll_component|auto_generated|pll1|clk[0] ;
; data_outpin_4 ; clk_in     ; 4.001 ; 4.241 ; Rise       ; inst4|altpll_component|auto_generated|pll1|clk[0] ;
; data_outpin_5 ; clk_in     ; 2.690 ; 2.839 ; Rise       ; inst4|altpll_component|auto_generated|pll1|clk[0] ;
; data_outpin_6 ; clk_in     ; 2.689 ; 2.844 ; Rise       ; inst4|altpll_component|auto_generated|pll1|clk[0] ;
; data_outpin_7 ; clk_in     ; 2.306 ; 2.418 ; Rise       ; inst4|altpll_component|auto_generated|pll1|clk[0] ;
; data_outpin_8 ; clk_in     ; 3.672 ; 3.877 ; Rise       ; inst4|altpll_component|auto_generated|pll1|clk[0] ;
; latchpin      ; clk_in     ; 1.949 ; 1.994 ; Rise       ; inst4|altpll_component|auto_generated|pll1|clk[0] ;
+---------------+------------+-------+-------+------------+---------------------------------------------------+


+-------------------------------------------------------------------------------------------------------------+
; Minimum Clock to Output Times                                                                               ;
+---------------+------------+-------+-------+------------+---------------------------------------------------+
; Data Port     ; Clock Port ; Rise  ; Fall  ; Clock Edge ; Clock Reference                                   ;
+---------------+------------+-------+-------+------------+---------------------------------------------------+
; clockpin      ; clk_in     ; 1.776 ; 1.825 ; Rise       ; inst4|altpll_component|auto_generated|pll1|clk[0] ;
; data_outpin   ; clk_in     ; 2.281 ; 2.416 ; Rise       ; inst4|altpll_component|auto_generated|pll1|clk[0] ;
; data_outpin_2 ; clk_in     ; 2.221 ; 2.343 ; Rise       ; inst4|altpll_component|auto_generated|pll1|clk[0] ;
; data_outpin_3 ; clk_in     ; 2.390 ; 2.542 ; Rise       ; inst4|altpll_component|auto_generated|pll1|clk[0] ;
; data_outpin_4 ; clk_in     ; 3.701 ; 3.933 ; Rise       ; inst4|altpll_component|auto_generated|pll1|clk[0] ;
; data_outpin_5 ; clk_in     ; 2.405 ; 2.548 ; Rise       ; inst4|altpll_component|auto_generated|pll1|clk[0] ;
; data_outpin_6 ; clk_in     ; 2.406 ; 2.556 ; Rise       ; inst4|altpll_component|auto_generated|pll1|clk[0] ;
; data_outpin_7 ; clk_in     ; 2.039 ; 2.146 ; Rise       ; inst4|altpll_component|auto_generated|pll1|clk[0] ;
; data_outpin_8 ; clk_in     ; 3.385 ; 3.584 ; Rise       ; inst4|altpll_component|auto_generated|pll1|clk[0] ;
; latchpin      ; clk_in     ; 1.693 ; 1.737 ; Rise       ; inst4|altpll_component|auto_generated|pll1|clk[0] ;
+---------------+------------+-------+-------+------------+---------------------------------------------------+


---------------------------------------------
; Fast 1200mV 0C Model Metastability Report ;
---------------------------------------------
No synchronizer chains to report.


+----------------------------------------------------------------------------------------------------------------+
; Multicorner Timing Analysis Summary                                                                            ;
+----------------------------------------------------+--------+-------+----------+---------+---------------------+
; Clock                                              ; Setup  ; Hold  ; Recovery ; Removal ; Minimum Pulse Width ;
+----------------------------------------------------+--------+-------+----------+---------+---------------------+
; Worst-case Slack                                   ; 20.678 ; 0.186 ; N/A      ; N/A     ; 9.594               ;
;  clk_in                                            ; N/A    ; N/A   ; N/A      ; N/A     ; 9.594               ;
;  inst4|altpll_component|auto_generated|pll1|clk[0] ; 20.678 ; 0.186 ; N/A      ; N/A     ; 14.184              ;
; Design-wide TNS                                    ; 0.0    ; 0.0   ; 0.0      ; 0.0     ; 0.0                 ;
;  clk_in                                            ; N/A    ; N/A   ; N/A      ; N/A     ; 0.000               ;
;  inst4|altpll_component|auto_generated|pll1|clk[0] ; 0.000  ; 0.000 ; N/A      ; N/A     ; 0.000               ;
+----------------------------------------------------+--------+-------+----------+---------+---------------------+


+-------------------------------------------------------------------------------------------------------------+
; Clock to Output Times                                                                                       ;
+---------------+------------+-------+-------+------------+---------------------------------------------------+
; Data Port     ; Clock Port ; Rise  ; Fall  ; Clock Edge ; Clock Reference                                   ;
+---------------+------------+-------+-------+------------+---------------------------------------------------+
; clockpin      ; clk_in     ; 4.530 ; 4.437 ; Rise       ; inst4|altpll_component|auto_generated|pll1|clk[0] ;
; data_outpin   ; clk_in     ; 5.673 ; 5.582 ; Rise       ; inst4|altpll_component|auto_generated|pll1|clk[0] ;
; data_outpin_2 ; clk_in     ; 5.576 ; 5.449 ; Rise       ; inst4|altpll_component|auto_generated|pll1|clk[0] ;
; data_outpin_3 ; clk_in     ; 5.995 ; 5.882 ; Rise       ; inst4|altpll_component|auto_generated|pll1|clk[0] ;
; data_outpin_4 ; clk_in     ; 8.411 ; 8.236 ; Rise       ; inst4|altpll_component|auto_generated|pll1|clk[0] ;
; data_outpin_5 ; clk_in     ; 6.024 ; 5.879 ; Rise       ; inst4|altpll_component|auto_generated|pll1|clk[0] ;
; data_outpin_6 ; clk_in     ; 6.015 ; 5.870 ; Rise       ; inst4|altpll_component|auto_generated|pll1|clk[0] ;
; data_outpin_7 ; clk_in     ; 5.081 ; 5.049 ; Rise       ; inst4|altpll_component|auto_generated|pll1|clk[0] ;
; data_outpin_8 ; clk_in     ; 7.724 ; 7.601 ; Rise       ; inst4|altpll_component|auto_generated|pll1|clk[0] ;
; latchpin      ; clk_in     ; 4.273 ; 4.241 ; Rise       ; inst4|altpll_component|auto_generated|pll1|clk[0] ;
+---------------+------------+-------+-------+------------+---------------------------------------------------+


+-------------------------------------------------------------------------------------------------------------+
; Minimum Clock to Output Times                                                                               ;
+---------------+------------+-------+-------+------------+---------------------------------------------------+
; Data Port     ; Clock Port ; Rise  ; Fall  ; Clock Edge ; Clock Reference                                   ;
+---------------+------------+-------+-------+------------+---------------------------------------------------+
; clockpin      ; clk_in     ; 1.776 ; 1.825 ; Rise       ; inst4|altpll_component|auto_generated|pll1|clk[0] ;
; data_outpin   ; clk_in     ; 2.281 ; 2.416 ; Rise       ; inst4|altpll_component|auto_generated|pll1|clk[0] ;
; data_outpin_2 ; clk_in     ; 2.221 ; 2.343 ; Rise       ; inst4|altpll_component|auto_generated|pll1|clk[0] ;
; data_outpin_3 ; clk_in     ; 2.390 ; 2.542 ; Rise       ; inst4|altpll_component|auto_generated|pll1|clk[0] ;
; data_outpin_4 ; clk_in     ; 3.701 ; 3.933 ; Rise       ; inst4|altpll_component|auto_generated|pll1|clk[0] ;
; data_outpin_5 ; clk_in     ; 2.405 ; 2.548 ; Rise       ; inst4|altpll_component|auto_generated|pll1|clk[0] ;
; data_outpin_6 ; clk_in     ; 2.406 ; 2.556 ; Rise       ; inst4|altpll_component|auto_generated|pll1|clk[0] ;
; data_outpin_7 ; clk_in     ; 2.039 ; 2.146 ; Rise       ; inst4|altpll_component|auto_generated|pll1|clk[0] ;
; data_outpin_8 ; clk_in     ; 3.385 ; 3.584 ; Rise       ; inst4|altpll_component|auto_generated|pll1|clk[0] ;
; latchpin      ; clk_in     ; 1.693 ; 1.737 ; Rise       ; inst4|altpll_component|auto_generated|pll1|clk[0] ;
+---------------+------------+-------+-------+------------+---------------------------------------------------+


+------------------------------------------------------------------------------------------------------------------------------------------------------------------------------------------------------------------------------------------------------------------------------------------------------------------------------------------------------------------------------------------------------------------+
; Board Trace Model Assignments                                                                                                                                                                                                                                                                                                                                                                                    ;
+---------------+--------------+-------------------+-------------------------+-------------------------+---------------+---------------------+----------------+------------------+--------+------------------+------------------------+------------------------+--------------+---------------+-----------------+-------+---------------------+--------------------+---------------+-----------------+-------------+
; Pin           ; I/O Standard ; Near Tline Length ; Near Tline L per Length ; Near Tline C per Length ; Near Series R ; Near Differential R ; Near Pull-up R ; Near Pull-down R ; Near C ; Far Tline Length ; Far Tline L per Length ; Far Tline C per Length ; Far Series R ; Far Pull-up R ; Far Pull-down R ; Far C ; Termination Voltage ; Far Differential R ; EBD File Name ; EBD Signal Name ; EBD Far-end ;
+---------------+--------------+-------------------+-------------------------+-------------------------+---------------+---------------------+----------------+------------------+--------+------------------+------------------------+------------------------+--------------+---------------+-----------------+-------+---------------------+--------------------+---------------+-----------------+-------------+
; latchpin      ; 2.5 V        ; 0 in              ; 0 H/in                  ; 0 F/in                  ; short         ; -                   ; open           ; open             ; open   ; 0 in             ; 0 H/in                 ; 0 F/in                 ; short        ; open          ; open            ; open  ; 0 V                 ; -                  ; n/a           ; n/a             ; n/a         ;
; clockpin      ; 2.5 V        ; 0 in              ; 0 H/in                  ; 0 F/in                  ; short         ; -                   ; open           ; open             ; open   ; 0 in             ; 0 H/in                 ; 0 F/in                 ; short        ; open          ; open            ; open  ; 0 V                 ; -                  ; n/a           ; n/a             ; n/a         ;
; data_outpin   ; 2.5 V        ; 0 in              ; 0 H/in                  ; 0 F/in                  ; short         ; -                   ; open           ; open             ; open   ; 0 in             ; 0 H/in                 ; 0 F/in                 ; short        ; open          ; open            ; open  ; 0 V                 ; -                  ; n/a           ; n/a             ; n/a         ;
; data_outpin_2 ; 2.5 V        ; 0 in              ; 0 H/in                  ; 0 F/in                  ; short         ; -                   ; open           ; open             ; open   ; 0 in             ; 0 H/in                 ; 0 F/in                 ; short        ; open          ; open            ; open  ; 0 V                 ; -                  ; n/a           ; n/a             ; n/a         ;
; data_outpin_3 ; 2.5 V        ; 0 in              ; 0 H/in                  ; 0 F/in                  ; short         ; -                   ; open           ; open             ; open   ; 0 in             ; 0 H/in                 ; 0 F/in                 ; short        ; open          ; open            ; open  ; 0 V                 ; -                  ; n/a           ; n/a             ; n/a         ;
; data_outpin_4 ; 2.5 V        ; 0 in              ; 0 H/in                  ; 0 F/in                  ; short         ; -                   ; open           ; open             ; open   ; 0 in             ; 0 H/in                 ; 0 F/in                 ; short        ; open          ; open            ; open  ; 0 V                 ; -                  ; n/a           ; n/a             ; n/a         ;
; data_outpin_5 ; 2.5 V        ; 0 in              ; 0 H/in                  ; 0 F/in                  ; short         ; -                   ; open           ; open             ; open   ; 0 in             ; 0 H/in                 ; 0 F/in                 ; short        ; open          ; open            ; open  ; 0 V                 ; -                  ; n/a           ; n/a             ; n/a         ;
; data_outpin_6 ; 2.5 V        ; 0 in              ; 0 H/in                  ; 0 F/in                  ; short         ; -                   ; open           ; open             ; open   ; 0 in             ; 0 H/in                 ; 0 F/in                 ; short        ; open          ; open            ; open  ; 0 V                 ; -                  ; n/a           ; n/a             ; n/a         ;
; data_outpin_7 ; 2.5 V        ; 0 in              ; 0 H/in                  ; 0 F/in                  ; short         ; -                   ; open           ; open             ; open   ; 0 in             ; 0 H/in                 ; 0 F/in                 ; short        ; open          ; open            ; open  ; 0 V                 ; -                  ; n/a           ; n/a             ; n/a         ;
; data_outpin_8 ; 2.5 V        ; 0 in              ; 0 H/in                  ; 0 F/in                  ; short         ; -                   ; open           ; open             ; open   ; 0 in             ; 0 H/in                 ; 0 F/in                 ; short        ; open          ; open            ; open  ; 0 V                 ; -                  ; n/a           ; n/a             ; n/a         ;
+---------------+--------------+-------------------+-------------------------+-------------------------+---------------+---------------------+----------------+------------------+--------+------------------+------------------------+------------------------+--------------+---------------+-----------------+-------+---------------------+--------------------+---------------+-----------------+-------------+


+----------------------------------------------------------------------------+
; Input Transition Times                                                     ;
+-------------------------+--------------+-----------------+-----------------+
; Pin                     ; I/O Standard ; 10-90 Rise Time ; 90-10 Fall Time ;
+-------------------------+--------------+-----------------+-----------------+
; clk_in                  ; 2.5 V        ; 2000 ps         ; 2000 ps         ;
; ~ALTERA_ASDO_DATA1~     ; 2.5 V        ; 2000 ps         ; 2000 ps         ;
; ~ALTERA_FLASH_nCE_nCSO~ ; 2.5 V        ; 2000 ps         ; 2000 ps         ;
; ~ALTERA_DATA0~          ; 2.5 V        ; 2000 ps         ; 2000 ps         ;
+-------------------------+--------------+-----------------+-----------------+


+--------------------------------------------------------------------------------------------------------------------------------------------------------------------------------------------------------------------------------------------------------------------------------------------------------------------------------------------------------------------------------------------------------------------------------------------------------------------------------------------------------------------------------------------------------------------------------------------------------------------------------------------------------------------------------------------+
; Signal Integrity Metrics (Slow 1200mv 0c Model)                                                                                                                                                                                                                                                                                                                                                                                                                                                                                                                                                                                                                                            ;
+---------------+--------------+---------------------+---------------------+------------------------------+------------------------------+---------------------+---------------------+--------------------------------------+--------------------------------------+-----------------------------+-----------------------------+----------------------------+----------------------------+-----------------------------+-----------------------------+--------------------+--------------------+-------------------------------------+-------------------------------------+----------------------------+----------------------------+---------------------------+---------------------------+
; Pin           ; I/O Standard ; Board Delay on Rise ; Board Delay on Fall ; Steady State Voh at FPGA Pin ; Steady State Vol at FPGA Pin ; Voh Max at FPGA Pin ; Vol Min at FPGA Pin ; Ringback Voltage on Rise at FPGA Pin ; Ringback Voltage on Fall at FPGA Pin ; 10-90 Rise Time at FPGA Pin ; 90-10 Fall Time at FPGA Pin ; Monotonic Rise at FPGA Pin ; Monotonic Fall at FPGA Pin ; Steady State Voh at Far-end ; Steady State Vol at Far-end ; Voh Max at Far-end ; Vol Min at Far-end ; Ringback Voltage on Rise at Far-end ; Ringback Voltage on Fall at Far-end ; 10-90 Rise Time at Far-end ; 90-10 Fall Time at Far-end ; Monotonic Rise at Far-end ; Monotonic Fall at Far-end ;
+---------------+--------------+---------------------+---------------------+------------------------------+------------------------------+---------------------+---------------------+--------------------------------------+--------------------------------------+-----------------------------+-----------------------------+----------------------------+----------------------------+-----------------------------+-----------------------------+--------------------+--------------------+-------------------------------------+-------------------------------------+----------------------------+----------------------------+---------------------------+---------------------------+
; latchpin      ; 2.5 V        ; 0 s                 ; 0 s                 ; 2.32 V                       ; 2.07e-09 V                   ; 2.38 V              ; -0.0073 V           ; 0.097 V                              ; 0.018 V                              ; 4.24e-10 s                  ; 3.65e-10 s                  ; No                         ; Yes                        ; 2.32 V                      ; 2.07e-09 V                  ; 2.38 V             ; -0.0073 V          ; 0.097 V                             ; 0.018 V                             ; 4.24e-10 s                 ; 3.65e-10 s                 ; No                        ; Yes                       ;
; clockpin      ; 2.5 V        ; 0 s                 ; 0 s                 ; 2.32 V                       ; 2.07e-09 V                   ; 2.38 V              ; -0.0073 V           ; 0.097 V                              ; 0.018 V                              ; 4.24e-10 s                  ; 3.65e-10 s                  ; No                         ; Yes                        ; 2.32 V                      ; 2.07e-09 V                  ; 2.38 V             ; -0.0073 V          ; 0.097 V                             ; 0.018 V                             ; 4.24e-10 s                 ; 3.65e-10 s                 ; No                        ; Yes                       ;
; data_outpin   ; 2.5 V        ; 0 s                 ; 0 s                 ; 2.32 V                       ; 2.07e-09 V                   ; 2.38 V              ; -0.0073 V           ; 0.097 V                              ; 0.018 V                              ; 4.24e-10 s                  ; 3.65e-10 s                  ; No                         ; Yes                        ; 2.32 V                      ; 2.07e-09 V                  ; 2.38 V             ; -0.0073 V          ; 0.097 V                             ; 0.018 V                             ; 4.24e-10 s                 ; 3.65e-10 s                 ; No                        ; Yes                       ;
; data_outpin_2 ; 2.5 V        ; 0 s                 ; 0 s                 ; 2.32 V                       ; 2.07e-09 V                   ; 2.36 V              ; -0.00737 V          ; 0.209 V                              ; 0.012 V                              ; 5.22e-10 s                  ; 5.33e-10 s                  ; Yes                        ; Yes                        ; 2.32 V                      ; 2.07e-09 V                  ; 2.36 V             ; -0.00737 V         ; 0.209 V                             ; 0.012 V                             ; 5.22e-10 s                 ; 5.33e-10 s                 ; Yes                       ; Yes                       ;
; data_outpin_3 ; 2.5 V        ; 0 s                 ; 0 s                 ; 2.32 V                       ; 2.07e-09 V                   ; 2.36 V              ; -0.00737 V          ; 0.209 V                              ; 0.012 V                              ; 5.22e-10 s                  ; 5.33e-10 s                  ; Yes                        ; Yes                        ; 2.32 V                      ; 2.07e-09 V                  ; 2.36 V             ; -0.00737 V         ; 0.209 V                             ; 0.012 V                             ; 5.22e-10 s                 ; 5.33e-10 s                 ; Yes                       ; Yes                       ;
; data_outpin_4 ; 2.5 V        ; 0 s                 ; 0 s                 ; 2.32 V                       ; 2.07e-09 V                   ; 2.33 V              ; -0.00421 V          ; 0.165 V                              ; 0.078 V                              ; 3.11e-09 s                  ; 2.85e-09 s                  ; Yes                        ; Yes                        ; 2.32 V                      ; 2.07e-09 V                  ; 2.33 V             ; -0.00421 V         ; 0.165 V                             ; 0.078 V                             ; 3.11e-09 s                 ; 2.85e-09 s                 ; Yes                       ; Yes                       ;
; data_outpin_5 ; 2.5 V        ; 0 s                 ; 0 s                 ; 2.32 V                       ; 2.07e-09 V                   ; 2.38 V              ; -0.0073 V           ; 0.097 V                              ; 0.018 V                              ; 4.24e-10 s                  ; 3.65e-10 s                  ; No                         ; Yes                        ; 2.32 V                      ; 2.07e-09 V                  ; 2.38 V             ; -0.0073 V          ; 0.097 V                             ; 0.018 V                             ; 4.24e-10 s                 ; 3.65e-10 s                 ; No                        ; Yes                       ;
; data_outpin_6 ; 2.5 V        ; 0 s                 ; 0 s                 ; 2.32 V                       ; 2.07e-09 V                   ; 2.36 V              ; -0.00737 V          ; 0.209 V                              ; 0.012 V                              ; 5.22e-10 s                  ; 5.33e-10 s                  ; Yes                        ; Yes                        ; 2.32 V                      ; 2.07e-09 V                  ; 2.36 V             ; -0.00737 V         ; 0.209 V                             ; 0.012 V                             ; 5.22e-10 s                 ; 5.33e-10 s                 ; Yes                       ; Yes                       ;
; data_outpin_7 ; 2.5 V        ; 0 s                 ; 0 s                 ; 2.32 V                       ; 2.07e-09 V                   ; 2.36 V              ; -0.00737 V          ; 0.209 V                              ; 0.012 V                              ; 5.22e-10 s                  ; 5.33e-10 s                  ; Yes                        ; Yes                        ; 2.32 V                      ; 2.07e-09 V                  ; 2.36 V             ; -0.00737 V         ; 0.209 V                             ; 0.012 V                             ; 5.22e-10 s                 ; 5.33e-10 s                 ; Yes                       ; Yes                       ;
; data_outpin_8 ; 2.5 V        ; 0 s                 ; 0 s                 ; 2.32 V                       ; 2.07e-09 V                   ; 2.33 V              ; -0.00421 V          ; 0.165 V                              ; 0.078 V                              ; 3.11e-09 s                  ; 2.85e-09 s                  ; Yes                        ; Yes                        ; 2.32 V                      ; 2.07e-09 V                  ; 2.33 V             ; -0.00421 V         ; 0.165 V                             ; 0.078 V                             ; 3.11e-09 s                 ; 2.85e-09 s                 ; Yes                       ; Yes                       ;
+---------------+--------------+---------------------+---------------------+------------------------------+------------------------------+---------------------+---------------------+--------------------------------------+--------------------------------------+-----------------------------+-----------------------------+----------------------------+----------------------------+-----------------------------+-----------------------------+--------------------+--------------------+-------------------------------------+-------------------------------------+----------------------------+----------------------------+---------------------------+---------------------------+


+--------------------------------------------------------------------------------------------------------------------------------------------------------------------------------------------------------------------------------------------------------------------------------------------------------------------------------------------------------------------------------------------------------------------------------------------------------------------------------------------------------------------------------------------------------------------------------------------------------------------------------------------------------------------------------------------+
; Signal Integrity Metrics (Slow 1200mv 85c Model)                                                                                                                                                                                                                                                                                                                                                                                                                                                                                                                                                                                                                                           ;
+---------------+--------------+---------------------+---------------------+------------------------------+------------------------------+---------------------+---------------------+--------------------------------------+--------------------------------------+-----------------------------+-----------------------------+----------------------------+----------------------------+-----------------------------+-----------------------------+--------------------+--------------------+-------------------------------------+-------------------------------------+----------------------------+----------------------------+---------------------------+---------------------------+
; Pin           ; I/O Standard ; Board Delay on Rise ; Board Delay on Fall ; Steady State Voh at FPGA Pin ; Steady State Vol at FPGA Pin ; Voh Max at FPGA Pin ; Vol Min at FPGA Pin ; Ringback Voltage on Rise at FPGA Pin ; Ringback Voltage on Fall at FPGA Pin ; 10-90 Rise Time at FPGA Pin ; 90-10 Fall Time at FPGA Pin ; Monotonic Rise at FPGA Pin ; Monotonic Fall at FPGA Pin ; Steady State Voh at Far-end ; Steady State Vol at Far-end ; Voh Max at Far-end ; Vol Min at Far-end ; Ringback Voltage on Rise at Far-end ; Ringback Voltage on Fall at Far-end ; 10-90 Rise Time at Far-end ; 90-10 Fall Time at Far-end ; Monotonic Rise at Far-end ; Monotonic Fall at Far-end ;
+---------------+--------------+---------------------+---------------------+------------------------------+------------------------------+---------------------+---------------------+--------------------------------------+--------------------------------------+-----------------------------+-----------------------------+----------------------------+----------------------------+-----------------------------+-----------------------------+--------------------+--------------------+-------------------------------------+-------------------------------------+----------------------------+----------------------------+---------------------------+---------------------------+
; latchpin      ; 2.5 V        ; 0 s                 ; 0 s                 ; 2.32 V                       ; 1.93e-07 V                   ; 2.35 V              ; -0.00834 V          ; 0.127 V                              ; 0.035 V                              ; 4.7e-10 s                   ; 4.64e-10 s                  ; Yes                        ; Yes                        ; 2.32 V                      ; 1.93e-07 V                  ; 2.35 V             ; -0.00834 V         ; 0.127 V                             ; 0.035 V                             ; 4.7e-10 s                  ; 4.64e-10 s                 ; Yes                       ; Yes                       ;
; clockpin      ; 2.5 V        ; 0 s                 ; 0 s                 ; 2.32 V                       ; 1.93e-07 V                   ; 2.35 V              ; -0.00834 V          ; 0.127 V                              ; 0.035 V                              ; 4.7e-10 s                   ; 4.64e-10 s                  ; Yes                        ; Yes                        ; 2.32 V                      ; 1.93e-07 V                  ; 2.35 V             ; -0.00834 V         ; 0.127 V                             ; 0.035 V                             ; 4.7e-10 s                  ; 4.64e-10 s                 ; Yes                       ; Yes                       ;
; data_outpin   ; 2.5 V        ; 0 s                 ; 0 s                 ; 2.32 V                       ; 1.93e-07 V                   ; 2.35 V              ; -0.00834 V          ; 0.127 V                              ; 0.035 V                              ; 4.7e-10 s                   ; 4.64e-10 s                  ; Yes                        ; Yes                        ; 2.32 V                      ; 1.93e-07 V                  ; 2.35 V             ; -0.00834 V         ; 0.127 V                             ; 0.035 V                             ; 4.7e-10 s                  ; 4.64e-10 s                 ; Yes                       ; Yes                       ;
; data_outpin_2 ; 2.5 V        ; 0 s                 ; 0 s                 ; 2.32 V                       ; 1.93e-07 V                   ; 2.34 V              ; -0.00869 V          ; 0.14 V                               ; 0.046 V                              ; 6.89e-10 s                  ; 6.56e-10 s                  ; Yes                        ; Yes                        ; 2.32 V                      ; 1.93e-07 V                  ; 2.34 V             ; -0.00869 V         ; 0.14 V                              ; 0.046 V                             ; 6.89e-10 s                 ; 6.56e-10 s                 ; Yes                       ; Yes                       ;
; data_outpin_3 ; 2.5 V        ; 0 s                 ; 0 s                 ; 2.32 V                       ; 1.93e-07 V                   ; 2.34 V              ; -0.00869 V          ; 0.14 V                               ; 0.046 V                              ; 6.89e-10 s                  ; 6.56e-10 s                  ; Yes                        ; Yes                        ; 2.32 V                      ; 1.93e-07 V                  ; 2.34 V             ; -0.00869 V         ; 0.14 V                              ; 0.046 V                             ; 6.89e-10 s                 ; 6.56e-10 s                 ; Yes                       ; Yes                       ;
; data_outpin_4 ; 2.5 V        ; 0 s                 ; 0 s                 ; 2.32 V                       ; 1.93e-07 V                   ; 2.33 V              ; -0.0022 V           ; 0.088 V                              ; 0.056 V                              ; 3.76e-09 s                  ; 3.48e-09 s                  ; Yes                        ; Yes                        ; 2.32 V                      ; 1.93e-07 V                  ; 2.33 V             ; -0.0022 V          ; 0.088 V                             ; 0.056 V                             ; 3.76e-09 s                 ; 3.48e-09 s                 ; Yes                       ; Yes                       ;
; data_outpin_5 ; 2.5 V        ; 0 s                 ; 0 s                 ; 2.32 V                       ; 1.93e-07 V                   ; 2.35 V              ; -0.00834 V          ; 0.127 V                              ; 0.035 V                              ; 4.7e-10 s                   ; 4.64e-10 s                  ; Yes                        ; Yes                        ; 2.32 V                      ; 1.93e-07 V                  ; 2.35 V             ; -0.00834 V         ; 0.127 V                             ; 0.035 V                             ; 4.7e-10 s                  ; 4.64e-10 s                 ; Yes                       ; Yes                       ;
; data_outpin_6 ; 2.5 V        ; 0 s                 ; 0 s                 ; 2.32 V                       ; 1.93e-07 V                   ; 2.34 V              ; -0.00869 V          ; 0.14 V                               ; 0.046 V                              ; 6.89e-10 s                  ; 6.56e-10 s                  ; Yes                        ; Yes                        ; 2.32 V                      ; 1.93e-07 V                  ; 2.34 V             ; -0.00869 V         ; 0.14 V                              ; 0.046 V                             ; 6.89e-10 s                 ; 6.56e-10 s                 ; Yes                       ; Yes                       ;
; data_outpin_7 ; 2.5 V        ; 0 s                 ; 0 s                 ; 2.32 V                       ; 1.93e-07 V                   ; 2.34 V              ; -0.00869 V          ; 0.14 V                               ; 0.046 V                              ; 6.89e-10 s                  ; 6.56e-10 s                  ; Yes                        ; Yes                        ; 2.32 V                      ; 1.93e-07 V                  ; 2.34 V             ; -0.00869 V         ; 0.14 V                              ; 0.046 V                             ; 6.89e-10 s                 ; 6.56e-10 s                 ; Yes                       ; Yes                       ;
; data_outpin_8 ; 2.5 V        ; 0 s                 ; 0 s                 ; 2.32 V                       ; 1.93e-07 V                   ; 2.33 V              ; -0.0022 V           ; 0.088 V                              ; 0.056 V                              ; 3.76e-09 s                  ; 3.48e-09 s                  ; Yes                        ; Yes                        ; 2.32 V                      ; 1.93e-07 V                  ; 2.33 V             ; -0.0022 V          ; 0.088 V                             ; 0.056 V                             ; 3.76e-09 s                 ; 3.48e-09 s                 ; Yes                       ; Yes                       ;
+---------------+--------------+---------------------+---------------------+------------------------------+------------------------------+---------------------+---------------------+--------------------------------------+--------------------------------------+-----------------------------+-----------------------------+----------------------------+----------------------------+-----------------------------+-----------------------------+--------------------+--------------------+-------------------------------------+-------------------------------------+----------------------------+----------------------------+---------------------------+---------------------------+


+--------------------------------------------------------------------------------------------------------------------------------------------------------------------------------------------------------------------------------------------------------------------------------------------------------------------------------------------------------------------------------------------------------------------------------------------------------------------------------------------------------------------------------------------------------------------------------------------------------------------------------------------------------------------------------------------+
; Signal Integrity Metrics (Fast 1200mv 0c Model)                                                                                                                                                                                                                                                                                                                                                                                                                                                                                                                                                                                                                                            ;
+---------------+--------------+---------------------+---------------------+------------------------------+------------------------------+---------------------+---------------------+--------------------------------------+--------------------------------------+-----------------------------+-----------------------------+----------------------------+----------------------------+-----------------------------+-----------------------------+--------------------+--------------------+-------------------------------------+-------------------------------------+----------------------------+----------------------------+---------------------------+---------------------------+
; Pin           ; I/O Standard ; Board Delay on Rise ; Board Delay on Fall ; Steady State Voh at FPGA Pin ; Steady State Vol at FPGA Pin ; Voh Max at FPGA Pin ; Vol Min at FPGA Pin ; Ringback Voltage on Rise at FPGA Pin ; Ringback Voltage on Fall at FPGA Pin ; 10-90 Rise Time at FPGA Pin ; 90-10 Fall Time at FPGA Pin ; Monotonic Rise at FPGA Pin ; Monotonic Fall at FPGA Pin ; Steady State Voh at Far-end ; Steady State Vol at Far-end ; Voh Max at Far-end ; Vol Min at Far-end ; Ringback Voltage on Rise at Far-end ; Ringback Voltage on Fall at Far-end ; 10-90 Rise Time at Far-end ; 90-10 Fall Time at Far-end ; Monotonic Rise at Far-end ; Monotonic Fall at Far-end ;
+---------------+--------------+---------------------+---------------------+------------------------------+------------------------------+---------------------+---------------------+--------------------------------------+--------------------------------------+-----------------------------+-----------------------------+----------------------------+----------------------------+-----------------------------+-----------------------------+--------------------+--------------------+-------------------------------------+-------------------------------------+----------------------------+----------------------------+---------------------------+---------------------------+
; latchpin      ; 2.5 V        ; 0 s                 ; 0 s                 ; 2.62 V                       ; 2.74e-08 V                   ; 2.73 V              ; -0.0384 V           ; 0.169 V                              ; 0.089 V                              ; 2.7e-10 s                   ; 2.62e-10 s                  ; Yes                        ; Yes                        ; 2.62 V                      ; 2.74e-08 V                  ; 2.73 V             ; -0.0384 V          ; 0.169 V                             ; 0.089 V                             ; 2.7e-10 s                  ; 2.62e-10 s                 ; Yes                       ; Yes                       ;
; clockpin      ; 2.5 V        ; 0 s                 ; 0 s                 ; 2.62 V                       ; 2.74e-08 V                   ; 2.73 V              ; -0.0384 V           ; 0.169 V                              ; 0.089 V                              ; 2.7e-10 s                   ; 2.62e-10 s                  ; Yes                        ; Yes                        ; 2.62 V                      ; 2.74e-08 V                  ; 2.73 V             ; -0.0384 V          ; 0.169 V                             ; 0.089 V                             ; 2.7e-10 s                  ; 2.62e-10 s                 ; Yes                       ; Yes                       ;
; data_outpin   ; 2.5 V        ; 0 s                 ; 0 s                 ; 2.62 V                       ; 2.74e-08 V                   ; 2.73 V              ; -0.0384 V           ; 0.169 V                              ; 0.089 V                              ; 2.7e-10 s                   ; 2.62e-10 s                  ; Yes                        ; Yes                        ; 2.62 V                      ; 2.74e-08 V                  ; 2.73 V             ; -0.0384 V          ; 0.169 V                             ; 0.089 V                             ; 2.7e-10 s                  ; 2.62e-10 s                 ; Yes                       ; Yes                       ;
; data_outpin_2 ; 2.5 V        ; 0 s                 ; 0 s                 ; 2.62 V                       ; 2.74e-08 V                   ; 2.71 V              ; -0.0317 V           ; 0.148 V                              ; 0.064 V                              ; 4.51e-10 s                  ; 4.15e-10 s                  ; No                         ; Yes                        ; 2.62 V                      ; 2.74e-08 V                  ; 2.71 V             ; -0.0317 V          ; 0.148 V                             ; 0.064 V                             ; 4.51e-10 s                 ; 4.15e-10 s                 ; No                        ; Yes                       ;
; data_outpin_3 ; 2.5 V        ; 0 s                 ; 0 s                 ; 2.62 V                       ; 2.74e-08 V                   ; 2.71 V              ; -0.0317 V           ; 0.148 V                              ; 0.064 V                              ; 4.51e-10 s                  ; 4.15e-10 s                  ; No                         ; Yes                        ; 2.62 V                      ; 2.74e-08 V                  ; 2.71 V             ; -0.0317 V          ; 0.148 V                             ; 0.064 V                             ; 4.51e-10 s                 ; 4.15e-10 s                 ; No                        ; Yes                       ;
; data_outpin_4 ; 2.5 V        ; 0 s                 ; 0 s                 ; 2.62 V                       ; 2.74e-08 V                   ; 2.64 V              ; -0.0117 V           ; 0.202 V                              ; 0.176 V                              ; 2.38e-09 s                  ; 2.22e-09 s                  ; No                         ; Yes                        ; 2.62 V                      ; 2.74e-08 V                  ; 2.64 V             ; -0.0117 V          ; 0.202 V                             ; 0.176 V                             ; 2.38e-09 s                 ; 2.22e-09 s                 ; No                        ; Yes                       ;
; data_outpin_5 ; 2.5 V        ; 0 s                 ; 0 s                 ; 2.62 V                       ; 2.74e-08 V                   ; 2.73 V              ; -0.0384 V           ; 0.169 V                              ; 0.089 V                              ; 2.7e-10 s                   ; 2.62e-10 s                  ; Yes                        ; Yes                        ; 2.62 V                      ; 2.74e-08 V                  ; 2.73 V             ; -0.0384 V          ; 0.169 V                             ; 0.089 V                             ; 2.7e-10 s                  ; 2.62e-10 s                 ; Yes                       ; Yes                       ;
; data_outpin_6 ; 2.5 V        ; 0 s                 ; 0 s                 ; 2.62 V                       ; 2.74e-08 V                   ; 2.71 V              ; -0.0317 V           ; 0.148 V                              ; 0.064 V                              ; 4.51e-10 s                  ; 4.15e-10 s                  ; No                         ; Yes                        ; 2.62 V                      ; 2.74e-08 V                  ; 2.71 V             ; -0.0317 V          ; 0.148 V                             ; 0.064 V                             ; 4.51e-10 s                 ; 4.15e-10 s                 ; No                        ; Yes                       ;
; data_outpin_7 ; 2.5 V        ; 0 s                 ; 0 s                 ; 2.62 V                       ; 2.74e-08 V                   ; 2.71 V              ; -0.0317 V           ; 0.148 V                              ; 0.064 V                              ; 4.51e-10 s                  ; 4.15e-10 s                  ; No                         ; Yes                        ; 2.62 V                      ; 2.74e-08 V                  ; 2.71 V             ; -0.0317 V          ; 0.148 V                             ; 0.064 V                             ; 4.51e-10 s                 ; 4.15e-10 s                 ; No                        ; Yes                       ;
; data_outpin_8 ; 2.5 V        ; 0 s                 ; 0 s                 ; 2.62 V                       ; 2.74e-08 V                   ; 2.64 V              ; -0.0117 V           ; 0.202 V                              ; 0.176 V                              ; 2.38e-09 s                  ; 2.22e-09 s                  ; No                         ; Yes                        ; 2.62 V                      ; 2.74e-08 V                  ; 2.64 V             ; -0.0117 V          ; 0.202 V                             ; 0.176 V                             ; 2.38e-09 s                 ; 2.22e-09 s                 ; No                        ; Yes                       ;
+---------------+--------------+---------------------+---------------------+------------------------------+------------------------------+---------------------+---------------------+--------------------------------------+--------------------------------------+-----------------------------+-----------------------------+----------------------------+----------------------------+-----------------------------+-----------------------------+--------------------+--------------------+-------------------------------------+-------------------------------------+----------------------------+----------------------------+---------------------------+---------------------------+


+---------------------------------------------------------------------------------------------------------------------------------------------------+
; Setup Transfers                                                                                                                                   ;
+---------------------------------------------------+---------------------------------------------------+----------+----------+----------+----------+
; From Clock                                        ; To Clock                                          ; RR Paths ; FR Paths ; RF Paths ; FF Paths ;
+---------------------------------------------------+---------------------------------------------------+----------+----------+----------+----------+
; inst4|altpll_component|auto_generated|pll1|clk[0] ; inst4|altpll_component|auto_generated|pll1|clk[0] ; 1123     ; 0        ; 0        ; 0        ;
+---------------------------------------------------+---------------------------------------------------+----------+----------+----------+----------+
Entries labeled "false path" only account for clock-to-clock false paths and not path-based false paths. As a result, actual path counts may be lower than reported.


+---------------------------------------------------------------------------------------------------------------------------------------------------+
; Hold Transfers                                                                                                                                    ;
+---------------------------------------------------+---------------------------------------------------+----------+----------+----------+----------+
; From Clock                                        ; To Clock                                          ; RR Paths ; FR Paths ; RF Paths ; FF Paths ;
+---------------------------------------------------+---------------------------------------------------+----------+----------+----------+----------+
; inst4|altpll_component|auto_generated|pll1|clk[0] ; inst4|altpll_component|auto_generated|pll1|clk[0] ; 1123     ; 0        ; 0        ; 0        ;
+---------------------------------------------------+---------------------------------------------------+----------+----------+----------+----------+
Entries labeled "false path" only account for clock-to-clock false paths and not path-based false paths. As a result, actual path counts may be lower than reported.


---------------
; Report TCCS ;
---------------
No dedicated SERDES Transmitter circuitry present in device or used in design


---------------
; Report RSKM ;
---------------
No non-DPA dedicated SERDES Receiver circuitry present in device or used in design


+------------------------------------------------+
; Unconstrained Paths                            ;
+---------------------------------+-------+------+
; Property                        ; Setup ; Hold ;
+---------------------------------+-------+------+
; Illegal Clocks                  ; 0     ; 0    ;
; Unconstrained Clocks            ; 0     ; 0    ;
; Unconstrained Input Ports       ; 0     ; 0    ;
; Unconstrained Input Port Paths  ; 0     ; 0    ;
; Unconstrained Output Ports      ; 10    ; 10   ;
; Unconstrained Output Port Paths ; 10    ; 10   ;
+---------------------------------+-------+------+


+------------------------------------+
; TimeQuest Timing Analyzer Messages ;
+------------------------------------+
Info: *******************************************************************
Info: Running Quartus II 64-Bit TimeQuest Timing Analyzer
    Info: Version 13.1.0 Build 162 10/23/2013 SJ Web Edition
    Info: Processing started: Fri Aug 16 12:30:27 2024
Info: Command: quartus_sta sonic -c sonic
Info: qsta_default_script.tcl version: #1
Info (20030): Parallel compilation is enabled and will use 6 of the 6 processors detected
Info (21077): Low junction temperature is 0 degrees C
Info (21077): High junction temperature is 85 degrees C
Critical Warning (332012): Synopsys Design Constraints File file not found: 'sonic.sdc'. A Synopsys Design Constraints File is required by the TimeQuest Timing Analyzer to get proper timing constraints. Without it, the Compiler will not properly optimize the design.
Info (332142): No user constrained generated clocks found in the design. Calling "derive_pll_clocks -create_base_clocks"
Info (332110): Deriving PLL clocks
    Info (332110): create_clock -period 20.000 -waveform {0.000 10.000} -name clk_in clk_in
    Info (332110): create_generated_clock -source {inst4|altpll_component|auto_generated|pll1|inclk[0]} -divide_by 68 -multiply_by 47 -duty_cycle 50.00 -name {inst4|altpll_component|auto_generated|pll1|clk[0]} {inst4|altpll_component|auto_generated|pll1|clk[0]}
Info (332142): No user constrained base clocks found in the design. Calling "derive_clocks -period 1.0"
Info (332096): The command derive_clocks did not find any clocks to derive.  No clocks were created or changed.
Info (332143): No user constrained clock uncertainty found in the design. Calling "derive_clock_uncertainty"
Info (332123): Deriving Clock Uncertainty. Please refer to report_sdc in TimeQuest to see clock uncertainties.
Info: Found TIMEQUEST_REPORT_SCRIPT_INCLUDE_DEFAULT_ANALYSIS = ON
Info: Analyzing Slow 1200mV 85C Model
Info (332146): Worst-case setup slack is 20.678
    Info (332119):     Slack       End Point TNS Clock 
    Info (332119): ========= =================== =====================
    Info (332119):    20.678               0.000 inst4|altpll_component|auto_generated|pll1|clk[0] 
Info (332146): Worst-case hold slack is 0.453
    Info (332119):     Slack       End Point TNS Clock 
    Info (332119): ========= =================== =====================
    Info (332119):     0.453               0.000 inst4|altpll_component|auto_generated|pll1|clk[0] 
Info (332140): No Recovery paths to report
Info (332140): No Removal paths to report
Info (332146): Worst-case minimum pulse width slack is 9.934
    Info (332119):     Slack       End Point TNS Clock 
    Info (332119): ========= =================== =====================
    Info (332119):     9.934               0.000 clk_in 
    Info (332119):    14.186               0.000 inst4|altpll_component|auto_generated|pll1|clk[0] 
Info: Analyzing Slow 1200mV 0C Model
Info (334003): Started post-fitting delay annotation
Info (334004): Delay annotation completed successfully
Info (332123): Deriving Clock Uncertainty. Please refer to report_sdc in TimeQuest to see clock uncertainties.
Info (332146): Worst-case setup slack is 21.209
    Info (332119):     Slack       End Point TNS Clock 
    Info (332119): ========= =================== =====================
    Info (332119):    21.209               0.000 inst4|altpll_component|auto_generated|pll1|clk[0] 
Info (332146): Worst-case hold slack is 0.401
    Info (332119):     Slack       End Point TNS Clock 
    Info (332119): ========= =================== =====================
    Info (332119):     0.401               0.000 inst4|altpll_component|auto_generated|pll1|clk[0] 
Info (332140): No Recovery paths to report
Info (332140): No Removal paths to report
Info (332146): Worst-case minimum pulse width slack is 9.943
    Info (332119):     Slack       End Point TNS Clock 
    Info (332119): ========= =================== =====================
    Info (332119):     9.943               0.000 clk_in 
    Info (332119):    14.184               0.000 inst4|altpll_component|auto_generated|pll1|clk[0] 
Info: Analyzing Fast 1200mV 0C Model
Info (332123): Deriving Clock Uncertainty. Please refer to report_sdc in TimeQuest to see clock uncertainties.
Info (332146): Worst-case setup slack is 25.300
    Info (332119):     Slack       End Point TNS Clock 
    Info (332119): ========= =================== =====================
    Info (332119):    25.300               0.000 inst4|altpll_component|auto_generated|pll1|clk[0] 
Info (332146): Worst-case hold slack is 0.186
    Info (332119):     Slack       End Point TNS Clock 
    Info (332119): ========= =================== =====================
    Info (332119):     0.186               0.000 inst4|altpll_component|auto_generated|pll1|clk[0] 
Info (332140): No Recovery paths to report
Info (332140): No Removal paths to report
Info (332146): Worst-case minimum pulse width slack is 9.594
    Info (332119):     Slack       End Point TNS Clock 
    Info (332119): ========= =================== =====================
    Info (332119):     9.594               0.000 clk_in 
    Info (332119):    14.264               0.000 inst4|altpll_component|auto_generated|pll1|clk[0] 
Info (332102): Design is not fully constrained for setup requirements
Info (332102): Design is not fully constrained for hold requirements
Info: Quartus II 64-Bit TimeQuest Timing Analyzer was successful. 0 errors, 1 warning
    Info: Peak virtual memory: 4686 megabytes
    Info: Processing ended: Fri Aug 16 12:30:30 2024
    Info: Elapsed time: 00:00:03
    Info: Total CPU time (on all processors): 00:00:02


