Fitter report for sonic
Fri Aug 16 12:30:22 2024
Quartus II 64-Bit Version 13.1.0 Build 162 10/23/2013 SJ Web Edition


---------------------
; Table of Contents ;
---------------------
  1. Legal Notice
  2. Fitter Summary
  3. Fitter Settings
  4. Parallel Compilation
  5. I/O Assignment Warnings
  6. Incremental Compilation Preservation Summary
  7. Incremental Compilation Partition Settings
  8. Incremental Compilation Placement Preservation
  9. Pin-Out File
 10. Fitter Resource Usage Summary
 11. Fitter Partition Statistics
 12. Input Pins
 13. Output Pins
 14. Dual Purpose and Dedicated Pins
 15. I/O Bank Usage
 16. All Package Pins
 17. PLL Summary
 18. PLL Usage
 19. Fitter Resource Utilization by Entity
 20. Delay Chain Summary
 21. Pad To Core Delay Chain Fanout
 22. Control Signals
 23. Global & Other Fast Signals
 24. Non-Global High Fan-Out Signals
 25. Routing Usage Summary
 26. LAB Logic Elements
 27. LAB-wide Signals
 28. LAB Signals Sourced
 29. LAB Signals Sourced Out
 30. LAB Distinct Inputs
 31. I/O Rules Summary
 32. I/O Rules Details
 33. I/O Rules Matrix
 34. Fitter Device Options
 35. Operating Settings and Conditions
 36. Fitter Messages
 37. Fitter Suppressed Messages



----------------
; Legal Notice ;
----------------
Copyright (C) 1991-2013 Altera Corporation
Your use of Altera Corporation's design tools, logic functions 
and other software and tools, and its AMPP partner logic 
functions, and any output files from any of the foregoing 
(including device programming or simulation files), and any 
associated documentation or information are expressly subject 
to the terms and conditions of the Altera Program License 
Subscription Agreement, Altera MegaCore Function License 
Agreement, or other applicable license agreement, including, 
without limitation, that your use is for the sole purpose of 
programming logic devices manufactured by Altera and sold by 
Altera or its authorized distributors.  Please refer to the 
applicable agreement for further details.



+---------------------------------------------------------------------------------+
; Fitter Summary                                                                  ;
+------------------------------------+--------------------------------------------+
; Fitter Status                      ; Successful - Fri Aug 16 12:30:22 2024      ;
; Quartus II 64-Bit Version          ; 13.1.0 Build 162 10/23/2013 SJ Web Edition ;
; Revision Name                      ; sonic                                      ;
; Top-level Entity Name              ; Block1                                     ;
; Family                             ; Cyclone IV E                               ;
; Device                             ; EP4CE6E22C8                                ;
; Timing Models                      ; Final                                      ;
; Total logic elements               ; 111 / 6,272 ( 2 % )                        ;
;     Total combinational functions  ; 103 / 6,272 ( 2 % )                        ;
;     Dedicated logic registers      ; 44 / 6,272 ( < 1 % )                       ;
; Total registers                    ; 44                                         ;
; Total pins                         ; 11 / 92 ( 12 % )                           ;
; Total virtual pins                 ; 0                                          ;
; Total memory bits                  ; 0 / 276,480 ( 0 % )                        ;
; Embedded Multiplier 9-bit elements ; 0 / 30 ( 0 % )                             ;
; Total PLLs                         ; 1 / 2 ( 50 % )                             ;
+------------------------------------+--------------------------------------------+


+------------------------------------------------------------------------------------------------------------------------------------------+
; Fitter Settings                                                                                                                          ;
+----------------------------------------------------------------------------+---------------------+---------------------------------------+
; Option                                                                     ; Setting             ; Default Value                         ;
+----------------------------------------------------------------------------+---------------------+---------------------------------------+
; Device                                                                     ; EP4CE6E22C8         ;                                       ;
; Minimum Core Junction Temperature                                          ; 0                   ;                                       ;
; Maximum Core Junction Temperature                                          ; 85                  ;                                       ;
; Fit Attempts to Skip                                                       ; 0                   ; 0.0                                   ;
; Device I/O Standard                                                        ; 2.5 V               ;                                       ;
; Reserve all unused pins                                                    ; As input tri-stated ; As input tri-stated with weak pull-up ;
; Use smart compilation                                                      ; Off                 ; Off                                   ;
; Enable parallel Assembler and TimeQuest Timing Analyzer during compilation ; On                  ; On                                    ;
; Enable compact report table                                                ; Off                 ; Off                                   ;
; Auto Merge PLLs                                                            ; On                  ; On                                    ;
; Router Timing Optimization Level                                           ; Normal              ; Normal                                ;
; Perform Clocking Topology Analysis During Routing                          ; Off                 ; Off                                   ;
; Placement Effort Multiplier                                                ; 1.0                 ; 1.0                                   ;
; Router Effort Multiplier                                                   ; 1.0                 ; 1.0                                   ;
; Optimize Hold Timing                                                       ; All Paths           ; All Paths                             ;
; Optimize Multi-Corner Timing                                               ; On                  ; On                                    ;
; PowerPlay Power Optimization                                               ; Normal compilation  ; Normal compilation                    ;
; SSN Optimization                                                           ; Off                 ; Off                                   ;
; Optimize Timing                                                            ; Normal compilation  ; Normal compilation                    ;
; Optimize Timing for ECOs                                                   ; Off                 ; Off                                   ;
; Regenerate full fit report during ECO compiles                             ; Off                 ; Off                                   ;
; Optimize IOC Register Placement for Timing                                 ; Normal              ; Normal                                ;
; Limit to One Fitting Attempt                                               ; Off                 ; Off                                   ;
; Final Placement Optimizations                                              ; Automatically       ; Automatically                         ;
; Fitter Aggressive Routability Optimizations                                ; Automatically       ; Automatically                         ;
; Fitter Initial Placement Seed                                              ; 1                   ; 1                                     ;
; PCI I/O                                                                    ; Off                 ; Off                                   ;
; Weak Pull-Up Resistor                                                      ; Off                 ; Off                                   ;
; Enable Bus-Hold Circuitry                                                  ; Off                 ; Off                                   ;
; Auto Packed Registers                                                      ; Auto                ; Auto                                  ;
; Auto Delay Chains                                                          ; On                  ; On                                    ;
; Auto Delay Chains for High Fanout Input Pins                               ; Off                 ; Off                                   ;
; Allow Single-ended Buffer for Differential-XSTL Input                      ; Off                 ; Off                                   ;
; Treat Bidirectional Pin as Output Pin                                      ; Off                 ; Off                                   ;
; Perform Physical Synthesis for Combinational Logic for Fitting             ; Off                 ; Off                                   ;
; Perform Physical Synthesis for Combinational Logic for Performance         ; Off                 ; Off                                   ;
; Perform Register Duplication for Performance                               ; Off                 ; Off                                   ;
; Perform Logic to Memory Mapping for Fitting                                ; Off                 ; Off                                   ;
; Perform Register Retiming for Performance                                  ; Off                 ; Off                                   ;
; Perform Asynchronous Signal Pipelining                                     ; Off                 ; Off                                   ;
; Fitter Effort                                                              ; Auto Fit            ; Auto Fit                              ;
; Physical Synthesis Effort Level                                            ; Normal              ; Normal                                ;
; Logic Cell Insertion - Logic Duplication                                   ; Auto                ; Auto                                  ;
; Auto Register Duplication                                                  ; Auto                ; Auto                                  ;
; Auto Global Clock                                                          ; On                  ; On                                    ;
; Auto Global Register Control Signals                                       ; On                  ; On                                    ;
; Synchronizer Identification                                                ; Off                 ; Off                                   ;
; Enable Beneficial Skew Optimization                                        ; On                  ; On                                    ;
; Optimize Design for Metastability                                          ; On                  ; On                                    ;
; Force Fitter to Avoid Periphery Placement Warnings                         ; Off                 ; Off                                   ;
; Enable input tri-state on active configuration pins in user mode           ; Off                 ; Off                                   ;
+----------------------------------------------------------------------------+---------------------+---------------------------------------+


+------------------------------------------+
; Parallel Compilation                     ;
+----------------------------+-------------+
; Processors                 ; Number      ;
+----------------------------+-------------+
; Number detected on machine ; 6           ;
; Maximum allowed            ; 6           ;
;                            ;             ;
; Average used               ; 1.00        ;
; Maximum used               ; 6           ;
;                            ;             ;
; Usage by Processor         ; % Time Used ;
;     Processor 1            ; 100.0%      ;
;     Processors 2-6         ; < 0.1%      ;
+----------------------------+-------------+


+------------------------------------------------------+
; I/O Assignment Warnings                              ;
+---------------+--------------------------------------+
; Pin Name      ; Reason                               ;
+---------------+--------------------------------------+
; latchpin      ; Missing drive strength and slew rate ;
; clockpin      ; Missing drive strength and slew rate ;
; data_outpin   ; Missing drive strength and slew rate ;
; data_outpin_2 ; Missing drive strength and slew rate ;
; data_outpin_3 ; Missing drive strength and slew rate ;
; data_outpin_4 ; Missing drive strength and slew rate ;
; data_outpin_5 ; Missing drive strength and slew rate ;
; data_outpin_6 ; Missing drive strength and slew rate ;
; data_outpin_7 ; Missing drive strength and slew rate ;
; data_outpin_8 ; Missing drive strength and slew rate ;
+---------------+--------------------------------------+


+--------------------------------------------------------------------------------------------------+
; Incremental Compilation Preservation Summary                                                     ;
+---------------------+--------------------+----------------------------+--------------------------+
; Type                ; Total [A + B]      ; From Design Partitions [A] ; From Rapid Recompile [B] ;
+---------------------+--------------------+----------------------------+--------------------------+
; Placement (by node) ;                    ;                            ;                          ;
;     -- Requested    ; 0.00 % ( 0 / 178 ) ; 0.00 % ( 0 / 178 )         ; 0.00 % ( 0 / 178 )       ;
;     -- Achieved     ; 0.00 % ( 0 / 178 ) ; 0.00 % ( 0 / 178 )         ; 0.00 % ( 0 / 178 )       ;
;                     ;                    ;                            ;                          ;
; Routing (by net)    ;                    ;                            ;                          ;
;     -- Requested    ; 0.00 % ( 0 / 0 )   ; 0.00 % ( 0 / 0 )           ; 0.00 % ( 0 / 0 )         ;
;     -- Achieved     ; 0.00 % ( 0 / 0 )   ; 0.00 % ( 0 / 0 )           ; 0.00 % ( 0 / 0 )         ;
+---------------------+--------------------+----------------------------+--------------------------+


+----------------------------------------------------------------------------------------------------------------------------------------------------------------------------------------+
; Incremental Compilation Partition Settings                                                                                                                                             ;
+--------------------------------+----------------+-------------------+-------------------------+------------------------+------------------------------+--------------------------------+
; Partition Name                 ; Partition Type ; Netlist Type Used ; Preservation Level Used ; Netlist Type Requested ; Preservation Level Requested ; Contents                       ;
+--------------------------------+----------------+-------------------+-------------------------+------------------------+------------------------------+--------------------------------+
; Top                            ; User-created   ; Source File       ; N/A                     ; Source File            ; N/A                          ;                                ;
; hard_block:auto_generated_inst ; Auto-generated ; Source File       ; N/A                     ; Source File            ; N/A                          ; hard_block:auto_generated_inst ;
+--------------------------------+----------------+-------------------+-------------------------+------------------------+------------------------------+--------------------------------+


+------------------------------------------------------------------------------------------------------------------------------------+
; Incremental Compilation Placement Preservation                                                                                     ;
+--------------------------------+-----------------------+-------------------------+-------------------+---------------------+-------+
; Partition Name                 ; Preservation Achieved ; Preservation Level Used ; Netlist Type Used ; Preservation Method ; Notes ;
+--------------------------------+-----------------------+-------------------------+-------------------+---------------------+-------+
; Top                            ; 0.00 % ( 0 / 170 )    ; N/A                     ; Source File       ; N/A                 ;       ;
; hard_block:auto_generated_inst ; 0.00 % ( 0 / 8 )      ; N/A                     ; Source File       ; N/A                 ;       ;
+--------------------------------+-----------------------+-------------------------+-------------------+---------------------+-------+


+--------------+
; Pin-Out File ;
+--------------+
The pin-out file can be found in C:/Users/johnj/Documents/GitHub/Altera_FPGA/sonic_update_240815/output_files/sonic.pin.


+--------------------------------------------------------------------+
; Fitter Resource Usage Summary                                      ;
+---------------------------------------------+----------------------+
; Resource                                    ; Usage                ;
+---------------------------------------------+----------------------+
; Total logic elements                        ; 111 / 6,272 ( 2 % )  ;
;     -- Combinational with no register       ; 67                   ;
;     -- Register only                        ; 8                    ;
;     -- Combinational with a register        ; 36                   ;
;                                             ;                      ;
; Logic element usage by number of LUT inputs ;                      ;
;     -- 4 input functions                    ; 52                   ;
;     -- 3 input functions                    ; 13                   ;
;     -- <=2 input functions                  ; 38                   ;
;     -- Register only                        ; 8                    ;
;                                             ;                      ;
; Logic elements by mode                      ;                      ;
;     -- normal mode                          ; 75                   ;
;     -- arithmetic mode                      ; 28                   ;
;                                             ;                      ;
; Total registers*                            ; 44 / 6,684 ( < 1 % ) ;
;     -- Dedicated logic registers            ; 44 / 6,272 ( < 1 % ) ;
;     -- I/O registers                        ; 0 / 412 ( 0 % )      ;
;                                             ;                      ;
; Total LABs:  partially or completely used   ; 8 / 392 ( 2 % )      ;
; Virtual pins                                ; 0                    ;
; I/O pins                                    ; 11 / 92 ( 12 % )     ;
;     -- Clock pins                           ; 1 / 3 ( 33 % )       ;
;     -- Dedicated input pins                 ; 0 / 9 ( 0 % )        ;
;                                             ;                      ;
; Global signals                              ; 1                    ;
; M9Ks                                        ; 0 / 30 ( 0 % )       ;
; Total block memory bits                     ; 0 / 276,480 ( 0 % )  ;
; Total block memory implementation bits      ; 0 / 276,480 ( 0 % )  ;
; Embedded Multiplier 9-bit elements          ; 0 / 30 ( 0 % )       ;
; PLLs                                        ; 1 / 2 ( 50 % )       ;
; Global clocks                               ; 1 / 10 ( 10 % )      ;
; JTAGs                                       ; 0 / 1 ( 0 % )        ;
; CRC blocks                                  ; 0 / 1 ( 0 % )        ;
; ASMI blocks                                 ; 0 / 1 ( 0 % )        ;
; Impedance control blocks                    ; 0 / 4 ( 0 % )        ;
; Average interconnect usage (total/H/V)      ; 0% / 0% / 0%         ;
; Peak interconnect usage (total/H/V)         ; 0% / 0% / 0%         ;
; Maximum fan-out                             ; 44                   ;
; Highest non-global fan-out                  ; 17                   ;
; Total fan-out                               ; 449                  ;
; Average fan-out                             ; 2.43                 ;
+---------------------------------------------+----------------------+
*  Register count does not include registers inside RAM blocks or DSP blocks.



+----------------------------------------------------------------------------------------------------+
; Fitter Partition Statistics                                                                        ;
+---------------------------------------------+---------------------+--------------------------------+
; Statistic                                   ; Top                 ; hard_block:auto_generated_inst ;
+---------------------------------------------+---------------------+--------------------------------+
; Difficulty Clustering Region                ; Low                 ; Low                            ;
;                                             ;                     ;                                ;
; Total logic elements                        ; 111 / 6272 ( 2 % )  ; 0 / 6272 ( 0 % )               ;
;     -- Combinational with no register       ; 67                  ; 0                              ;
;     -- Register only                        ; 8                   ; 0                              ;
;     -- Combinational with a register        ; 36                  ; 0                              ;
;                                             ;                     ;                                ;
; Logic element usage by number of LUT inputs ;                     ;                                ;
;     -- 4 input functions                    ; 52                  ; 0                              ;
;     -- 3 input functions                    ; 13                  ; 0                              ;
;     -- <=2 input functions                  ; 38                  ; 0                              ;
;     -- Register only                        ; 8                   ; 0                              ;
;                                             ;                     ;                                ;
; Logic elements by mode                      ;                     ;                                ;
;     -- normal mode                          ; 75                  ; 0                              ;
;     -- arithmetic mode                      ; 28                  ; 0                              ;
;                                             ;                     ;                                ;
; Total registers                             ; 44                  ; 0                              ;
;     -- Dedicated logic registers            ; 44 / 6272 ( < 1 % ) ; 0 / 6272 ( 0 % )               ;
;     -- I/O registers                        ; 0                   ; 0                              ;
;                                             ;                     ;                                ;
; Total LABs:  partially or completely used   ; 8 / 392 ( 2 % )     ; 0 / 392 ( 0 % )                ;
;                                             ;                     ;                                ;
; Virtual pins                                ; 0                   ; 0                              ;
; I/O pins                                    ; 11                  ; 0                              ;
; Embedded Multiplier 9-bit elements          ; 0 / 30 ( 0 % )      ; 0 / 30 ( 0 % )                 ;
; Total memory bits                           ; 0                   ; 0                              ;
; Total RAM block bits                        ; 0                   ; 0                              ;
; PLL                                         ; 0 / 2 ( 0 % )       ; 1 / 2 ( 50 % )                 ;
; Clock control block                         ; 0 / 12 ( 0 % )      ; 1 / 12 ( 8 % )                 ;
;                                             ;                     ;                                ;
; Connections                                 ;                     ;                                ;
;     -- Input Connections                    ; 44                  ; 1                              ;
;     -- Registered Input Connections         ; 44                  ; 0                              ;
;     -- Output Connections                   ; 1                   ; 44                             ;
;     -- Registered Output Connections        ; 0                   ; 0                              ;
;                                             ;                     ;                                ;
; Internal Connections                        ;                     ;                                ;
;     -- Total Connections                    ; 444                 ; 50                             ;
;     -- Registered Connections               ; 245                 ; 0                              ;
;                                             ;                     ;                                ;
; External Connections                        ;                     ;                                ;
;     -- Top                                  ; 0                   ; 45                             ;
;     -- hard_block:auto_generated_inst       ; 45                  ; 0                              ;
;                                             ;                     ;                                ;
; Partition Interface                         ;                     ;                                ;
;     -- Input Ports                          ; 1                   ; 1                              ;
;     -- Output Ports                         ; 10                  ; 1                              ;
;     -- Bidir Ports                          ; 0                   ; 0                              ;
;                                             ;                     ;                                ;
; Registered Ports                            ;                     ;                                ;
;     -- Registered Input Ports               ; 0                   ; 0                              ;
;     -- Registered Output Ports              ; 0                   ; 0                              ;
;                                             ;                     ;                                ;
; Port Connectivity                           ;                     ;                                ;
;     -- Input Ports driven by GND            ; 0                   ; 0                              ;
;     -- Output Ports driven by GND           ; 0                   ; 0                              ;
;     -- Input Ports driven by VCC            ; 0                   ; 0                              ;
;     -- Output Ports driven by VCC           ; 0                   ; 0                              ;
;     -- Input Ports with no Source           ; 0                   ; 0                              ;
;     -- Output Ports with no Source          ; 0                   ; 0                              ;
;     -- Input Ports with no Fanout           ; 0                   ; 0                              ;
;     -- Output Ports with no Fanout          ; 0                   ; 0                              ;
+---------------------------------------------+---------------------+--------------------------------+


+-----------------------------------------------------------------------------------------------------------------------------------------------------------------------------------------------------------------------------------------------------------------------------+
; Input Pins                                                                                                                                                                                                                                                                  ;
+--------+-------+----------+--------------+--------------+--------------+-----------------------+--------------------+--------+----------------+---------------+-----------------+----------+--------------+--------------+---------------------------+----------------------+
; Name   ; Pin # ; I/O Bank ; X coordinate ; Y coordinate ; Z coordinate ; Combinational Fan-Out ; Registered Fan-Out ; Global ; Input Register ; Power Up High ; PCI I/O Enabled ; Bus Hold ; Weak Pull Up ; I/O Standard ; Termination Control Block ; Location assigned by ;
+--------+-------+----------+--------------+--------------+--------------+-----------------------+--------------------+--------+----------------+---------------+-----------------+----------+--------------+--------------+---------------------------+----------------------+
; clk_in ; 23    ; 1        ; 0            ; 11           ; 7            ; 1                     ; 0                  ; no     ; no             ; no            ; yes             ; no       ; Off          ; 2.5 V        ; --                        ; User                 ;
+--------+-------+----------+--------------+--------------+--------------+-----------------------+--------------------+--------+----------------+---------------+-----------------+----------+--------------+--------------+---------------------------+----------------------+


+----------------------------------------------------------------------------------------------------------------------------------------------------------------------------------------------------------------------------------------------------------------------------------------------------------------------------------------------------------------------------------------------------------------------------------------------------------------+
; Output Pins                                                                                                                                                                                                                                                                                                                                                                                                                                                    ;
+---------------+-------+----------+--------------+--------------+--------------+-----------------+------------------------+---------------+-----------+-----------------+------------+---------------+----------+--------------+--------------+------------------+-----------------------------------+---------------------------+----------------------------+-----------------------------+----------------------+----------------------+---------------------+
; Name          ; Pin # ; I/O Bank ; X coordinate ; Y coordinate ; Z coordinate ; Output Register ; Output Enable Register ; Power Up High ; Slew Rate ; PCI I/O Enabled ; Open Drain ; TRI Primitive ; Bus Hold ; Weak Pull Up ; I/O Standard ; Current Strength ; Termination                       ; Termination Control Block ; Output Buffer Pre-emphasis ; Voltage Output Differential ; Location assigned by ; Output Enable Source ; Output Enable Group ;
+---------------+-------+----------+--------------+--------------+--------------+-----------------+------------------------+---------------+-----------+-----------------+------------+---------------+----------+--------------+--------------+------------------+-----------------------------------+---------------------------+----------------------------+-----------------------------+----------------------+----------------------+---------------------+
; clockpin      ; 1     ; 1        ; 0            ; 23           ; 0            ; no              ; no                     ; no            ; 2         ; no              ; no         ; no            ; no       ; Off          ; 2.5 V        ; Default          ; Series 50 Ohm without Calibration ; --                        ; no                         ; no                          ; User                 ; -                    ; -                   ;
; data_outpin   ; 3     ; 1        ; 0            ; 23           ; 14           ; no              ; no                     ; no            ; 2         ; no              ; no         ; no            ; no       ; Off          ; 2.5 V        ; Default          ; Series 50 Ohm without Calibration ; --                        ; no                         ; no                          ; User                 ; -                    ; -                   ;
; data_outpin_2 ; 10    ; 1        ; 0            ; 18           ; 14           ; no              ; no                     ; no            ; 2         ; no              ; no         ; no            ; no       ; Off          ; 2.5 V        ; Default          ; Series 50 Ohm without Calibration ; --                        ; no                         ; no                          ; User                 ; -                    ; -                   ;
; data_outpin_3 ; 28    ; 2        ; 0            ; 9            ; 7            ; no              ; no                     ; no            ; 2         ; no              ; no         ; no            ; no       ; Off          ; 2.5 V        ; Default          ; Series 50 Ohm without Calibration ; --                        ; no                         ; no                          ; User                 ; -                    ; -                   ;
; data_outpin_4 ; 31    ; 2        ; 0            ; 7            ; 0            ; no              ; no                     ; no            ; 2         ; no              ; no         ; no            ; no       ; Off          ; 2.5 V        ; Default          ; Series 50 Ohm without Calibration ; --                        ; no                         ; no                          ; User                 ; -                    ; -                   ;
; data_outpin_5 ; 32    ; 2        ; 0            ; 6            ; 14           ; no              ; no                     ; no            ; 2         ; no              ; no         ; no            ; no       ; Off          ; 2.5 V        ; Default          ; Series 50 Ohm without Calibration ; --                        ; no                         ; no                          ; User                 ; -                    ; -                   ;
; data_outpin_6 ; 30    ; 2        ; 0            ; 8            ; 14           ; no              ; no                     ; no            ; 2         ; no              ; no         ; no            ; no       ; Off          ; 2.5 V        ; Default          ; Series 50 Ohm without Calibration ; --                        ; no                         ; no                          ; User                 ; -                    ; -                   ;
; data_outpin_7 ; 11    ; 1        ; 0            ; 18           ; 21           ; no              ; no                     ; no            ; 2         ; no              ; no         ; no            ; no       ; Off          ; 2.5 V        ; Default          ; Series 50 Ohm without Calibration ; --                        ; no                         ; no                          ; User                 ; -                    ; -                   ;
; data_outpin_8 ; 7     ; 1        ; 0            ; 21           ; 7            ; no              ; no                     ; no            ; 2         ; no              ; no         ; no            ; no       ; Off          ; 2.5 V        ; Default          ; Series 50 Ohm without Calibration ; --                        ; no                         ; no                          ; User                 ; -                    ; -                   ;
; latchpin      ; 2     ; 1        ; 0            ; 23           ; 7            ; no              ; no                     ; no            ; 2         ; no              ; no         ; no            ; no       ; Off          ; 2.5 V        ; Default          ; Series 50 Ohm without Calibration ; --                        ; no                         ; no                          ; User                 ; -                    ; -                   ;
+---------------+-------+----------+--------------+--------------+--------------+-----------------+------------------------+---------------+-----------+-----------------+------------+---------------+----------+--------------+--------------+------------------+-----------------------------------+---------------------------+----------------------------+-----------------------------+----------------------+----------------------+---------------------+


+--------------------------------------------------------------------------------------------------------------------+
; Dual Purpose and Dedicated Pins                                                                                    ;
+----------+-----------------------------+---------------------+-------------------------+---------------------------+
; Location ; Pin Name                    ; Reserved As         ; User Signal Name        ; Pin Type                  ;
+----------+-----------------------------+---------------------+-------------------------+---------------------------+
; 6        ; DIFFIO_L1n, DATA1, ASDO     ; As input tri-stated ; ~ALTERA_ASDO_DATA1~     ; Dual Purpose Pin          ;
; 8        ; DIFFIO_L2p, FLASH_nCE, nCSO ; As input tri-stated ; ~ALTERA_FLASH_nCE_nCSO~ ; Dual Purpose Pin          ;
; 9        ; nSTATUS                     ; -                   ; -                       ; Dedicated Programming Pin ;
; 13       ; DATA0                       ; As input tri-stated ; ~ALTERA_DATA0~          ; Dual Purpose Pin          ;
; 14       ; nCONFIG                     ; -                   ; -                       ; Dedicated Programming Pin ;
; 21       ; nCE                         ; -                   ; -                       ; Dedicated Programming Pin ;
; 92       ; CONF_DONE                   ; -                   ; -                       ; Dedicated Programming Pin ;
; 94       ; MSEL0                       ; -                   ; -                       ; Dedicated Programming Pin ;
; 96       ; MSEL1                       ; -                   ; -                       ; Dedicated Programming Pin ;
; 97       ; MSEL2                       ; -                   ; -                       ; Dedicated Programming Pin ;
; 97       ; MSEL3                       ; -                   ; -                       ; Dedicated Programming Pin ;
+----------+-----------------------------+---------------------+-------------------------+---------------------------+


+------------------------------------------------------------+
; I/O Bank Usage                                             ;
+----------+------------------+---------------+--------------+
; I/O Bank ; Usage            ; VCCIO Voltage ; VREF Voltage ;
+----------+------------------+---------------+--------------+
; 1        ; 10 / 11 ( 91 % ) ; 2.5V          ; --           ;
; 2        ; 4 / 8 ( 50 % )   ; 2.5V          ; --           ;
; 3        ; 0 / 11 ( 0 % )   ; 2.5V          ; --           ;
; 4        ; 0 / 14 ( 0 % )   ; 2.5V          ; --           ;
; 5        ; 0 / 13 ( 0 % )   ; 2.5V          ; --           ;
; 6        ; 0 / 10 ( 0 % )   ; 2.5V          ; --           ;
; 7        ; 0 / 13 ( 0 % )   ; 2.5V          ; --           ;
; 8        ; 0 / 12 ( 0 % )   ; 2.5V          ; --           ;
+----------+------------------+---------------+--------------+


+-----------------------------------------------------------------------------------------------------------------------------------------------------------------------------------------+
; All Package Pins                                                                                                                                                                        ;
+----------+------------+----------+-----------------------------------------------------------+--------+--------------+---------+------------+-----------------+----------+--------------+
; Location ; Pad Number ; I/O Bank ; Pin Name/Usage                                            ; Dir.   ; I/O Standard ; Voltage ; I/O Type   ; User Assignment ; Bus Hold ; Weak Pull Up ;
+----------+------------+----------+-----------------------------------------------------------+--------+--------------+---------+------------+-----------------+----------+--------------+
; 1        ; 0          ; 1        ; clockpin                                                  ; output ; 2.5 V        ;         ; Row I/O    ; Y               ; no       ; Off          ;
; 2        ; 1          ; 1        ; latchpin                                                  ; output ; 2.5 V        ;         ; Row I/O    ; Y               ; no       ; Off          ;
; 3        ; 2          ; 1        ; data_outpin                                               ; output ; 2.5 V        ;         ; Row I/O    ; Y               ; no       ; Off          ;
; 4        ;            ;          ; GND                                                       ; gnd    ;              ;         ; --         ;                 ; --       ; --           ;
; 5        ;            ;          ; VCCINT                                                    ; power  ;              ; 1.2V    ; --         ;                 ; --       ; --           ;
; 6        ; 5          ; 1        ; ~ALTERA_ASDO_DATA1~ / RESERVED_INPUT_WITH_WEAK_PULLUP     ; input  ; 2.5 V        ;         ; Row I/O    ; N               ; no       ; On           ;
; 7        ; 6          ; 1        ; data_outpin_8                                             ; output ; 2.5 V        ;         ; Row I/O    ; Y               ; no       ; Off          ;
; 8        ; 7          ; 1        ; ~ALTERA_FLASH_nCE_nCSO~ / RESERVED_INPUT_WITH_WEAK_PULLUP ; input  ; 2.5 V        ;         ; Row I/O    ; N               ; no       ; On           ;
; 9        ; 9          ; 1        ; ^nSTATUS                                                  ;        ;              ;         ; --         ;                 ; --       ; --           ;
; 10       ; 13         ; 1        ; data_outpin_2                                             ; output ; 2.5 V        ;         ; Row I/O    ; Y               ; no       ; Off          ;
; 11       ; 14         ; 1        ; data_outpin_7                                             ; output ; 2.5 V        ;         ; Row I/O    ; Y               ; no       ; Off          ;
; 12       ; 15         ; 1        ; RESERVED_INPUT                                            ;        ;              ;         ; Row I/O    ;                 ; --       ; Off          ;
; 13       ; 16         ; 1        ; ~ALTERA_DATA0~ / RESERVED_INPUT_WITH_WEAK_PULLUP          ; input  ; 2.5 V        ;         ; Row I/O    ; N               ; no       ; On           ;
; 14       ; 17         ; 1        ; ^nCONFIG                                                  ;        ;              ;         ; --         ;                 ; --       ; --           ;
; 15       ; 18         ; 1        ; #TDI                                                      ; input  ;              ;         ; --         ;                 ; --       ; --           ;
; 16       ; 19         ; 1        ; #TCK                                                      ; input  ;              ;         ; --         ;                 ; --       ; --           ;
; 17       ;            ; 1        ; VCCIO1                                                    ; power  ;              ; 2.5V    ; --         ;                 ; --       ; --           ;
; 18       ; 20         ; 1        ; #TMS                                                      ; input  ;              ;         ; --         ;                 ; --       ; --           ;
; 19       ;            ;          ; GND                                                       ; gnd    ;              ;         ; --         ;                 ; --       ; --           ;
; 20       ; 21         ; 1        ; #TDO                                                      ; output ;              ;         ; --         ;                 ; --       ; --           ;
; 21       ; 22         ; 1        ; ^nCE                                                      ;        ;              ;         ; --         ;                 ; --       ; --           ;
; 22       ;            ;          ; GND                                                       ; gnd    ;              ;         ; --         ;                 ; --       ; --           ;
; 23       ; 24         ; 1        ; clk_in                                                    ; input  ; 2.5 V        ;         ; Row I/O    ; Y               ; no       ; Off          ;
; 24       ; 25         ; 2        ; GND+                                                      ;        ;              ;         ; Row I/O    ;                 ; --       ; --           ;
; 25       ; 26         ; 2        ; GND+                                                      ;        ;              ;         ; Row I/O    ;                 ; --       ; --           ;
; 26       ;            ; 2        ; VCCIO2                                                    ; power  ;              ; 2.5V    ; --         ;                 ; --       ; --           ;
; 27       ;            ;          ; GND                                                       ; gnd    ;              ;         ; --         ;                 ; --       ; --           ;
; 28       ; 31         ; 2        ; data_outpin_3                                             ; output ; 2.5 V        ;         ; Row I/O    ; Y               ; no       ; Off          ;
; 29       ;            ;          ; VCCINT                                                    ; power  ;              ; 1.2V    ; --         ;                 ; --       ; --           ;
; 30       ; 34         ; 2        ; data_outpin_6                                             ; output ; 2.5 V        ;         ; Row I/O    ; Y               ; no       ; Off          ;
; 31       ; 36         ; 2        ; data_outpin_4                                             ; output ; 2.5 V        ;         ; Row I/O    ; Y               ; no       ; Off          ;
; 32       ; 39         ; 2        ; data_outpin_5                                             ; output ; 2.5 V        ;         ; Row I/O    ; Y               ; no       ; Off          ;
; 33       ; 40         ; 2        ; RESERVED_INPUT                                            ;        ;              ;         ; Row I/O    ;                 ; no       ; Off          ;
; 34       ; 41         ; 2        ; RESERVED_INPUT                                            ;        ;              ;         ; Row I/O    ;                 ; no       ; Off          ;
; 35       ;            ; --       ; VCCA1                                                     ; power  ;              ; 2.5V    ; --         ;                 ; --       ; --           ;
; 36       ;            ;          ; GNDA1                                                     ; gnd    ;              ;         ; --         ;                 ; --       ; --           ;
; 37       ;            ;          ; VCCD_PLL1                                                 ; power  ;              ; 1.2V    ; --         ;                 ; --       ; --           ;
; 38       ; 45         ; 3        ; RESERVED_INPUT                                            ;        ;              ;         ; Column I/O ;                 ; no       ; Off          ;
; 39       ; 46         ; 3        ; RESERVED_INPUT                                            ;        ;              ;         ; Column I/O ;                 ; no       ; Off          ;
; 40       ;            ; 3        ; VCCIO3                                                    ; power  ;              ; 2.5V    ; --         ;                 ; --       ; --           ;
; 41       ;            ;          ; GND                                                       ; gnd    ;              ;         ; --         ;                 ; --       ; --           ;
; 42       ; 52         ; 3        ; RESERVED_INPUT                                            ;        ;              ;         ; Column I/O ;                 ; no       ; Off          ;
; 43       ; 53         ; 3        ; RESERVED_INPUT                                            ;        ;              ;         ; Column I/O ;                 ; no       ; Off          ;
; 44       ; 54         ; 3        ; RESERVED_INPUT                                            ;        ;              ;         ; Column I/O ;                 ; no       ; Off          ;
; 45       ;            ;          ; VCCINT                                                    ; power  ;              ; 1.2V    ; --         ;                 ; --       ; --           ;
; 46       ; 58         ; 3        ; RESERVED_INPUT                                            ;        ;              ;         ; Column I/O ;                 ; --       ; --           ;
; 47       ;            ; 3        ; VCCIO3                                                    ; power  ;              ; 2.5V    ; --         ;                 ; --       ; --           ;
; 48       ;            ;          ; GND                                                       ; gnd    ;              ;         ; --         ;                 ; --       ; --           ;
; 49       ; 68         ; 3        ; RESERVED_INPUT                                            ;        ;              ;         ; Column I/O ;                 ; no       ; Off          ;
; 50       ; 69         ; 3        ; RESERVED_INPUT                                            ;        ;              ;         ; Column I/O ;                 ; no       ; Off          ;
; 51       ; 70         ; 3        ; RESERVED_INPUT                                            ;        ;              ;         ; Column I/O ;                 ; no       ; Off          ;
; 52       ; 72         ; 3        ; RESERVED_INPUT                                            ;        ;              ;         ; Column I/O ;                 ; no       ; Off          ;
; 53       ; 73         ; 3        ; RESERVED_INPUT                                            ;        ;              ;         ; Column I/O ;                 ; no       ; Off          ;
; 54       ; 74         ; 4        ; RESERVED_INPUT                                            ;        ;              ;         ; Column I/O ;                 ; no       ; Off          ;
; 55       ; 75         ; 4        ; RESERVED_INPUT                                            ;        ;              ;         ; Column I/O ;                 ; no       ; Off          ;
; 56       ;            ; 4        ; VCCIO4                                                    ; power  ;              ; 2.5V    ; --         ;                 ; --       ; --           ;
; 57       ;            ;          ; GND                                                       ; gnd    ;              ;         ; --         ;                 ; --       ; --           ;
; 58       ; 80         ; 4        ; RESERVED_INPUT                                            ;        ;              ;         ; Column I/O ;                 ; no       ; Off          ;
; 59       ; 83         ; 4        ; RESERVED_INPUT                                            ;        ;              ;         ; Column I/O ;                 ; no       ; Off          ;
; 60       ; 84         ; 4        ; RESERVED_INPUT                                            ;        ;              ;         ; Column I/O ;                 ; no       ; Off          ;
; 61       ;            ;          ; VCCINT                                                    ; power  ;              ; 1.2V    ; --         ;                 ; --       ; --           ;
; 62       ;            ; 4        ; VCCIO4                                                    ; power  ;              ; 2.5V    ; --         ;                 ; --       ; --           ;
; 63       ;            ;          ; GND                                                       ; gnd    ;              ;         ; --         ;                 ; --       ; --           ;
; 64       ; 89         ; 4        ; RESERVED_INPUT                                            ;        ;              ;         ; Column I/O ;                 ; no       ; Off          ;
; 65       ; 90         ; 4        ; RESERVED_INPUT                                            ;        ;              ;         ; Column I/O ;                 ; --       ; --           ;
; 66       ; 93         ; 4        ; RESERVED_INPUT                                            ;        ;              ;         ; Column I/O ;                 ; no       ; Off          ;
; 67       ; 94         ; 4        ; RESERVED_INPUT                                            ;        ;              ;         ; Column I/O ;                 ; no       ; Off          ;
; 68       ; 96         ; 4        ; RESERVED_INPUT                                            ;        ;              ;         ; Column I/O ;                 ; no       ; Off          ;
; 69       ; 97         ; 4        ; RESERVED_INPUT                                            ;        ;              ;         ; Column I/O ;                 ; no       ; Off          ;
; 70       ; 98         ; 4        ; RESERVED_INPUT                                            ;        ;              ;         ; Column I/O ;                 ; no       ; Off          ;
; 71       ; 99         ; 4        ; RESERVED_INPUT                                            ;        ;              ;         ; Column I/O ;                 ; no       ; Off          ;
; 72       ; 100        ; 4        ; RESERVED_INPUT                                            ;        ;              ;         ; Column I/O ;                 ; no       ; Off          ;
; 73       ; 102        ; 5        ; RESERVED_INPUT                                            ;        ;              ;         ; Row I/O    ;                 ; no       ; Off          ;
; 74       ; 103        ; 5        ; RESERVED_INPUT                                            ;        ;              ;         ; Row I/O    ;                 ; no       ; Off          ;
; 75       ; 104        ; 5        ; RESERVED_INPUT                                            ;        ;              ;         ; Row I/O    ;                 ; no       ; Off          ;
; 76       ; 106        ; 5        ; RESERVED_INPUT                                            ;        ;              ;         ; Row I/O    ;                 ; no       ; Off          ;
; 77       ; 107        ; 5        ; RESERVED_INPUT                                            ;        ;              ;         ; Row I/O    ;                 ; no       ; Off          ;
; 78       ;            ;          ; VCCINT                                                    ; power  ;              ; 1.2V    ; --         ;                 ; --       ; --           ;
; 79       ;            ;          ; GND                                                       ; gnd    ;              ;         ; --         ;                 ; --       ; --           ;
; 80       ; 113        ; 5        ; RESERVED_INPUT                                            ;        ;              ;         ; Row I/O    ;                 ; --       ; --           ;
; 81       ;            ; 5        ; VCCIO5                                                    ; power  ;              ; 2.5V    ; --         ;                 ; --       ; --           ;
; 82       ;            ;          ; GND                                                       ; gnd    ;              ;         ; --         ;                 ; --       ; --           ;
; 83       ; 117        ; 5        ; RESERVED_INPUT                                            ;        ;              ;         ; Row I/O    ;                 ; no       ; Off          ;
; 84       ; 118        ; 5        ; RESERVED_INPUT                                            ;        ;              ;         ; Row I/O    ;                 ; no       ; Off          ;
; 85       ; 119        ; 5        ; RESERVED_INPUT                                            ;        ;              ;         ; Row I/O    ;                 ; no       ; Off          ;
; 86       ; 120        ; 5        ; RESERVED_INPUT                                            ;        ;              ;         ; Row I/O    ;                 ; no       ; Off          ;
; 87       ; 121        ; 5        ; RESERVED_INPUT                                            ;        ;              ;         ; Row I/O    ;                 ; no       ; Off          ;
; 88       ; 125        ; 5        ; GND+                                                      ;        ;              ;         ; Row I/O    ;                 ; --       ; --           ;
; 89       ; 126        ; 5        ; GND+                                                      ;        ;              ;         ; Row I/O    ;                 ; --       ; --           ;
; 90       ; 127        ; 6        ; GND+                                                      ;        ;              ;         ; Row I/O    ;                 ; --       ; --           ;
; 91       ; 128        ; 6        ; GND+                                                      ;        ;              ;         ; Row I/O    ;                 ; --       ; --           ;
; 92       ; 129        ; 6        ; ^CONF_DONE                                                ;        ;              ;         ; --         ;                 ; --       ; --           ;
; 93       ;            ; 6        ; VCCIO6                                                    ; power  ;              ; 2.5V    ; --         ;                 ; --       ; --           ;
; 94       ; 130        ; 6        ; ^MSEL0                                                    ;        ;              ;         ; --         ;                 ; --       ; --           ;
; 95       ;            ;          ; GND                                                       ; gnd    ;              ;         ; --         ;                 ; --       ; --           ;
; 96       ; 131        ; 6        ; ^MSEL1                                                    ;        ;              ;         ; --         ;                 ; --       ; --           ;
; 97       ; 132        ; 6        ; ^MSEL2                                                    ;        ;              ;         ; --         ;                 ; --       ; --           ;
; 97       ; 133        ; 6        ; ^MSEL3                                                    ;        ;              ;         ; --         ;                 ; --       ; --           ;
; 98       ; 136        ; 6        ; RESERVED_INPUT                                            ;        ;              ;         ; Row I/O    ;                 ; no       ; Off          ;
; 99       ; 137        ; 6        ; RESERVED_INPUT                                            ;        ;              ;         ; Row I/O    ;                 ; no       ; Off          ;
; 100      ; 138        ; 6        ; RESERVED_INPUT                                            ;        ;              ;         ; Row I/O    ;                 ; no       ; Off          ;
; 101      ; 139        ; 6        ; RESERVED_INPUT                                            ;        ;              ;         ; Row I/O    ;                 ; no       ; Off          ;
; 102      ;            ;          ; VCCINT                                                    ; power  ;              ; 1.2V    ; --         ;                 ; --       ; --           ;
; 103      ; 140        ; 6        ; RESERVED_INPUT                                            ;        ;              ;         ; Row I/O    ;                 ; no       ; Off          ;
; 104      ; 141        ; 6        ; RESERVED_INPUT                                            ;        ;              ;         ; Row I/O    ;                 ; no       ; Off          ;
; 105      ; 142        ; 6        ; RESERVED_INPUT                                            ;        ;              ;         ; Row I/O    ;                 ; --       ; --           ;
; 106      ; 146        ; 6        ; RESERVED_INPUT                                            ;        ;              ;         ; Row I/O    ;                 ; no       ; Off          ;
; 107      ;            ; --       ; VCCA2                                                     ; power  ;              ; 2.5V    ; --         ;                 ; --       ; --           ;
; 108      ;            ;          ; GNDA2                                                     ; gnd    ;              ;         ; --         ;                 ; --       ; --           ;
; 109      ;            ;          ; VCCD_PLL2                                                 ; power  ;              ; 1.2V    ; --         ;                 ; --       ; --           ;
; 110      ; 152        ; 7        ; RESERVED_INPUT                                            ;        ;              ;         ; Column I/O ;                 ; no       ; Off          ;
; 111      ; 154        ; 7        ; RESERVED_INPUT                                            ;        ;              ;         ; Column I/O ;                 ; no       ; Off          ;
; 112      ; 155        ; 7        ; RESERVED_INPUT                                            ;        ;              ;         ; Column I/O ;                 ; no       ; Off          ;
; 113      ; 156        ; 7        ; RESERVED_INPUT                                            ;        ;              ;         ; Column I/O ;                 ; no       ; Off          ;
; 114      ; 157        ; 7        ; RESERVED_INPUT                                            ;        ;              ;         ; Column I/O ;                 ; no       ; Off          ;
; 115      ; 158        ; 7        ; RESERVED_INPUT                                            ;        ;              ;         ; Column I/O ;                 ; no       ; Off          ;
; 116      ;            ;          ; VCCINT                                                    ; power  ;              ; 1.2V    ; --         ;                 ; --       ; --           ;
; 117      ;            ; 7        ; VCCIO7                                                    ; power  ;              ; 2.5V    ; --         ;                 ; --       ; --           ;
; 118      ;            ;          ; GND                                                       ; gnd    ;              ;         ; --         ;                 ; --       ; --           ;
; 119      ; 163        ; 7        ; RESERVED_INPUT                                            ;        ;              ;         ; Column I/O ;                 ; --       ; --           ;
; 120      ; 164        ; 7        ; RESERVED_INPUT                                            ;        ;              ;         ; Column I/O ;                 ; no       ; Off          ;
; 121      ; 165        ; 7        ; RESERVED_INPUT                                            ;        ;              ;         ; Column I/O ;                 ; no       ; Off          ;
; 122      ;            ; 7        ; VCCIO7                                                    ; power  ;              ; 2.5V    ; --         ;                 ; --       ; --           ;
; 123      ;            ;          ; GND                                                       ; gnd    ;              ;         ; --         ;                 ; --       ; --           ;
; 124      ; 173        ; 7        ; RESERVED_INPUT                                            ;        ;              ;         ; Column I/O ;                 ; no       ; Off          ;
; 125      ; 174        ; 7        ; RESERVED_INPUT                                            ;        ;              ;         ; Column I/O ;                 ; no       ; Off          ;
; 126      ; 175        ; 7        ; RESERVED_INPUT                                            ;        ;              ;         ; Column I/O ;                 ; no       ; Off          ;
; 127      ; 176        ; 7        ; RESERVED_INPUT                                            ;        ;              ;         ; Column I/O ;                 ; no       ; Off          ;
; 128      ; 177        ; 8        ; RESERVED_INPUT                                            ;        ;              ;         ; Column I/O ;                 ; no       ; Off          ;
; 129      ; 178        ; 8        ; RESERVED_INPUT                                            ;        ;              ;         ; Column I/O ;                 ; no       ; Off          ;
; 130      ;            ; 8        ; VCCIO8                                                    ; power  ;              ; 2.5V    ; --         ;                 ; --       ; --           ;
; 131      ;            ;          ; GND                                                       ; gnd    ;              ;         ; --         ;                 ; --       ; --           ;
; 132      ; 181        ; 8        ; RESERVED_INPUT                                            ;        ;              ;         ; Column I/O ;                 ; no       ; Off          ;
; 133      ; 182        ; 8        ; RESERVED_INPUT                                            ;        ;              ;         ; Column I/O ;                 ; no       ; Off          ;
; 134      ;            ;          ; VCCINT                                                    ; power  ;              ; 1.2V    ; --         ;                 ; --       ; --           ;
; 135      ; 185        ; 8        ; RESERVED_INPUT                                            ;        ;              ;         ; Column I/O ;                 ; no       ; Off          ;
; 136      ; 187        ; 8        ; RESERVED_INPUT                                            ;        ;              ;         ; Column I/O ;                 ; --       ; --           ;
; 137      ; 190        ; 8        ; RESERVED_INPUT                                            ;        ;              ;         ; Column I/O ;                 ; no       ; Off          ;
; 138      ; 191        ; 8        ; RESERVED_INPUT                                            ;        ;              ;         ; Column I/O ;                 ; no       ; Off          ;
; 139      ;            ; 8        ; VCCIO8                                                    ; power  ;              ; 2.5V    ; --         ;                 ; --       ; --           ;
; 140      ;            ;          ; GND                                                       ; gnd    ;              ;         ; --         ;                 ; --       ; --           ;
; 141      ; 195        ; 8        ; RESERVED_INPUT                                            ;        ;              ;         ; Column I/O ;                 ; no       ; Off          ;
; 142      ; 201        ; 8        ; RESERVED_INPUT                                            ;        ;              ;         ; Column I/O ;                 ; no       ; Off          ;
; 143      ; 202        ; 8        ; RESERVED_INPUT                                            ;        ;              ;         ; Column I/O ;                 ; no       ; Off          ;
; 144      ; 203        ; 8        ; RESERVED_INPUT                                            ;        ;              ;         ; Column I/O ;                 ; no       ; Off          ;
; EPAD     ;            ;          ; GND                                                       ;        ;              ;         ; --         ;                 ; --       ; --           ;
+----------+------------+----------+-----------------------------------------------------------+--------+--------------+---------+------------+-----------------+----------+--------------+
Note: Pin directions (input, output or bidir) are based on device operating in user mode.


+------------------------------------------------------------------------------------------------------------------+
; PLL Summary                                                                                                      ;
+-------------------------------+----------------------------------------------------------------------------------+
; Name                          ; MasterClock:inst4|altpll:altpll_component|MasterClock_altpll:auto_generated|pll1 ;
+-------------------------------+----------------------------------------------------------------------------------+
; SDC pin name                  ; inst4|altpll_component|auto_generated|pll1                                       ;
; PLL mode                      ; Normal                                                                           ;
; Compensate clock              ; clock0                                                                           ;
; Compensated input/output pins ; --                                                                               ;
; Switchover type               ; --                                                                               ;
; Input frequency 0             ; 50.0 MHz                                                                         ;
; Input frequency 1             ; --                                                                               ;
; Nominal PFD frequency         ; 12.5 MHz                                                                         ;
; Nominal VCO frequency         ; 587.5 MHz                                                                        ;
; VCO post scale K counter      ; 2                                                                                ;
; VCO frequency control         ; Auto                                                                             ;
; VCO phase shift step          ; 212 ps                                                                           ;
; VCO multiply                  ; --                                                                               ;
; VCO divide                    ; --                                                                               ;
; Freq min lock                 ; 25.53 MHz                                                                        ;
; Freq max lock                 ; 55.34 MHz                                                                        ;
; M VCO Tap                     ; 0                                                                                ;
; M Initial                     ; 1                                                                                ;
; M value                       ; 47                                                                               ;
; N value                       ; 4                                                                                ;
; Charge pump current           ; setting 1                                                                        ;
; Loop filter resistance        ; setting 20                                                                       ;
; Loop filter capacitance       ; setting 0                                                                        ;
; Bandwidth                     ; 450 kHz to 590 kHz                                                               ;
; Bandwidth type                ; Medium                                                                           ;
; Real time reconfigurable      ; Off                                                                              ;
; Scan chain MIF file           ; --                                                                               ;
; Preserve PLL counter order    ; Off                                                                              ;
; PLL location                  ; PLL_1                                                                            ;
; Inclk0 signal                 ; clk_in                                                                           ;
; Inclk1 signal                 ; --                                                                               ;
; Inclk0 signal type            ; Dedicated Pin                                                                    ;
; Inclk1 signal type            ; --                                                                               ;
+-------------------------------+----------------------------------------------------------------------------------+


+--------------------------------------------------------------------------------------------------------------------------------------------------------------------------------------------------------------------------------------------------------------------------------------------------------------------------+
; PLL Usage                                                                                                                                                                                                                                                                                                                ;
+----------------------------------------------------------------------------------------------+--------------+------+-----+------------------+-------------+------------------+------------+---------+---------------+------------+---------------+---------+---------+---------------------------------------------------+
; Name                                                                                         ; Output Clock ; Mult ; Div ; Output Frequency ; Phase Shift ; Phase Shift Step ; Duty Cycle ; Counter ; Counter Value ; High / Low ; Cascade Input ; Initial ; VCO Tap ; SDC Pin Name                                      ;
+----------------------------------------------------------------------------------------------+--------------+------+-----+------------------+-------------+------------------+------------+---------+---------------+------------+---------------+---------+---------+---------------------------------------------------+
; MasterClock:inst4|altpll:altpll_component|MasterClock_altpll:auto_generated|wire_pll1_clk[0] ; clock0       ; 47   ; 68  ; 34.56 MHz        ; 0 (0 ps)    ; 2.65 (212 ps)    ; 50/50      ; C0      ; 17            ; 9/8 Odd    ; --            ; 1       ; 0       ; inst4|altpll_component|auto_generated|pll1|clk[0] ;
+----------------------------------------------------------------------------------------------+--------------+------+-----+------------------+-------------+------------------+------------+---------+---------------+------------+---------------+---------+---------+---------------------------------------------------+


+---------------------------------------------------------------------------------------------------------------------------------------------------------------------------------------------------------------------------------------------------------------------------------------------------------------------------------------------------+
; Fitter Resource Utilization by Entity                                                                                                                                                                                                                                                                                                             ;
+----------------------------------------------+-------------+---------------------------+---------------+-------------+------+--------------+---------+-----------+------+--------------+--------------+-------------------+------------------+-------------------------------------------------------------------------------------+--------------+
; Compilation Hierarchy Node                   ; Logic Cells ; Dedicated Logic Registers ; I/O Registers ; Memory Bits ; M9Ks ; DSP Elements ; DSP 9x9 ; DSP 18x18 ; Pins ; Virtual Pins ; LUT-Only LCs ; Register-Only LCs ; LUT/Register LCs ; Full Hierarchy Name                                                                 ; Library Name ;
+----------------------------------------------+-------------+---------------------------+---------------+-------------+------+--------------+---------+-----------+------+--------------+--------------+-------------------+------------------+-------------------------------------------------------------------------------------+--------------+
; |Block1                                      ; 111 (0)     ; 44 (0)                    ; 0 (0)         ; 0           ; 0    ; 0            ; 0       ; 0         ; 11   ; 0            ; 67 (0)       ; 8 (0)             ; 36 (0)           ; |Block1                                                                             ; work         ;
;    |MasterClock:inst4|                       ; 0 (0)       ; 0 (0)                     ; 0 (0)         ; 0           ; 0    ; 0            ; 0       ; 0         ; 0    ; 0            ; 0 (0)        ; 0 (0)             ; 0 (0)            ; |Block1|MasterClock:inst4                                                           ; work         ;
;       |altpll:altpll_component|              ; 0 (0)       ; 0 (0)                     ; 0 (0)         ; 0           ; 0    ; 0            ; 0       ; 0         ; 0    ; 0            ; 0 (0)        ; 0 (0)             ; 0 (0)            ; |Block1|MasterClock:inst4|altpll:altpll_component                                   ; work         ;
;          |MasterClock_altpll:auto_generated| ; 0 (0)       ; 0 (0)                     ; 0 (0)         ; 0           ; 0    ; 0            ; 0       ; 0         ; 0    ; 0            ; 0 (0)        ; 0 (0)             ; 0 (0)            ; |Block1|MasterClock:inst4|altpll:altpll_component|MasterClock_altpll:auto_generated ; work         ;
;    |data_out_module:inst1|                   ; 59 (59)     ; 19 (19)                   ; 0 (0)         ; 0           ; 0    ; 0            ; 0       ; 0         ; 0    ; 0            ; 39 (39)      ; 1 (1)             ; 19 (19)          ; |Block1|data_out_module:inst1                                                       ; work         ;
;    |data_out_module_2:inst3|                 ; 1 (1)       ; 1 (1)                     ; 0 (0)         ; 0           ; 0    ; 0            ; 0       ; 0         ; 0    ; 0            ; 0 (0)        ; 1 (1)             ; 0 (0)            ; |Block1|data_out_module_2:inst3                                                     ; work         ;
;    |data_out_module_3:inst2|                 ; 1 (1)       ; 1 (1)                     ; 0 (0)         ; 0           ; 0    ; 0            ; 0       ; 0         ; 0    ; 0            ; 0 (0)        ; 1 (1)             ; 0 (0)            ; |Block1|data_out_module_3:inst2                                                     ; work         ;
;    |data_out_module_4:inst5|                 ; 18 (18)     ; 1 (1)                     ; 0 (0)         ; 0           ; 0    ; 0            ; 0       ; 0         ; 0    ; 0            ; 17 (17)      ; 0 (0)             ; 1 (1)            ; |Block1|data_out_module_4:inst5                                                     ; work         ;
;    |data_out_module_5:inst6|                 ; 1 (1)       ; 1 (1)                     ; 0 (0)         ; 0           ; 0    ; 0            ; 0       ; 0         ; 0    ; 0            ; 0 (0)        ; 1 (1)             ; 0 (0)            ; |Block1|data_out_module_5:inst6                                                     ; work         ;
;    |data_out_module_6:inst7|                 ; 1 (1)       ; 1 (1)                     ; 0 (0)         ; 0           ; 0    ; 0            ; 0       ; 0         ; 0    ; 0            ; 0 (0)        ; 1 (1)             ; 0 (0)            ; |Block1|data_out_module_6:inst7                                                     ; work         ;
;    |data_out_module_7:inst8|                 ; 1 (1)       ; 1 (1)                     ; 0 (0)         ; 0           ; 0    ; 0            ; 0       ; 0         ; 0    ; 0            ; 0 (0)        ; 1 (1)             ; 0 (0)            ; |Block1|data_out_module_7:inst8                                                     ; work         ;
;    |data_out_module_8:inst9|                 ; 1 (1)       ; 1 (1)                     ; 0 (0)         ; 0           ; 0    ; 0            ; 0       ; 0         ; 0    ; 0            ; 0 (0)        ; 0 (0)             ; 1 (1)            ; |Block1|data_out_module_8:inst9                                                     ; work         ;
;    |sonic:inst|                              ; 29 (29)     ; 18 (18)                   ; 0 (0)         ; 0           ; 0    ; 0            ; 0       ; 0         ; 0    ; 0            ; 11 (11)      ; 2 (2)             ; 16 (16)          ; |Block1|sonic:inst                                                                  ; work         ;
+----------------------------------------------+-------------+---------------------------+---------------+-------------+------+--------------+---------+-----------+------+--------------+--------------+-------------------+------------------+-------------------------------------------------------------------------------------+--------------+
Note: For table entries with two numbers listed, the numbers in parentheses indicate the number of resources of the given type used by the specific entity alone. The numbers listed outside of parentheses indicate the total resources of the given type used by the specific entity and all of its sub-entities in the hierarchy.


+-----------------------------------------------------------------------------------------------+
; Delay Chain Summary                                                                           ;
+---------------+----------+---------------+---------------+-----------------------+-----+------+
; Name          ; Pin Type ; Pad to Core 0 ; Pad to Core 1 ; Pad to Input Register ; TCO ; TCOE ;
+---------------+----------+---------------+---------------+-----------------------+-----+------+
; latchpin      ; Output   ; --            ; --            ; --                    ; --  ; --   ;
; clockpin      ; Output   ; --            ; --            ; --                    ; --  ; --   ;
; data_outpin   ; Output   ; --            ; --            ; --                    ; --  ; --   ;
; data_outpin_2 ; Output   ; --            ; --            ; --                    ; --  ; --   ;
; data_outpin_3 ; Output   ; --            ; --            ; --                    ; --  ; --   ;
; data_outpin_4 ; Output   ; --            ; --            ; --                    ; --  ; --   ;
; data_outpin_5 ; Output   ; --            ; --            ; --                    ; --  ; --   ;
; data_outpin_6 ; Output   ; --            ; --            ; --                    ; --  ; --   ;
; data_outpin_7 ; Output   ; --            ; --            ; --                    ; --  ; --   ;
; data_outpin_8 ; Output   ; --            ; --            ; --                    ; --  ; --   ;
; clk_in        ; Input    ; --            ; --            ; --                    ; --  ; --   ;
+---------------+----------+---------------+---------------+-----------------------+-----+------+


+---------------------------------------------------+
; Pad To Core Delay Chain Fanout                    ;
+---------------------+-------------------+---------+
; Source Pin / Fanout ; Pad To Core Index ; Setting ;
+---------------------+-------------------+---------+
; clk_in              ;                   ;         ;
+---------------------+-------------------+---------+


+------------------------------------------------------------------------------------------------------------------------------------------------------------------------------------------------------------------------+
; Control Signals                                                                                                                                                                                                        ;
+----------------------------------------------------------------------------------------------+------------------+---------+-------------+--------+----------------------+------------------+---------------------------+
; Name                                                                                         ; Location         ; Fan-Out ; Usage       ; Global ; Global Resource Used ; Global Line Name ; Enable Signal Source Name ;
+----------------------------------------------------------------------------------------------+------------------+---------+-------------+--------+----------------------+------------------+---------------------------+
; MasterClock:inst4|altpll:altpll_component|MasterClock_altpll:auto_generated|wire_pll1_clk[0] ; PLL_1            ; 44      ; Clock       ; yes    ; Global Clock         ; GCLK3            ; --                        ;
; clk_in                                                                                       ; PIN_23           ; 1       ; Clock       ; no     ; --                   ; --               ; --                        ;
; sonic:inst|Equal11~1                                                                         ; LCCOMB_X2_Y23_N2 ; 7       ; Sync. clear ; no     ; --                   ; --               ; --                        ;
+----------------------------------------------------------------------------------------------+------------------+---------+-------------+--------+----------------------+------------------+---------------------------+


+--------------------------------------------------------------------------------------------------------------------------------------------------------------------------------------------------------------------------------+
; Global & Other Fast Signals                                                                                                                                                                                                    ;
+----------------------------------------------------------------------------------------------+----------+---------+--------------------------------------+----------------------+------------------+---------------------------+
; Name                                                                                         ; Location ; Fan-Out ; Fan-Out Using Intentional Clock Skew ; Global Resource Used ; Global Line Name ; Enable Signal Source Name ;
+----------------------------------------------------------------------------------------------+----------+---------+--------------------------------------+----------------------+------------------+---------------------------+
; MasterClock:inst4|altpll:altpll_component|MasterClock_altpll:auto_generated|wire_pll1_clk[0] ; PLL_1    ; 44      ; 0                                    ; Global Clock         ; GCLK3            ; --                        ;
+----------------------------------------------------------------------------------------------+----------+---------+--------------------------------------+----------------------+------------------+---------------------------+


+-------------------------------------------------------------------------------------------------------+
; Non-Global High Fan-Out Signals                                                                       ;
+---------------------------------------------------------------------------------------------+---------+
; Name                                                                                        ; Fan-Out ;
+---------------------------------------------------------------------------------------------+---------+
; data_out_module:inst1|j[1]                                                                  ; 17      ;
; data_out_module:inst1|j[3]                                                                  ; 17      ;
; data_out_module:inst1|j[0]                                                                  ; 17      ;
; data_out_module:inst1|j[2]                                                                  ; 15      ;
; data_out_module:inst1|j[8]                                                                  ; 14      ;
; data_out_module:inst1|j[5]                                                                  ; 14      ;
; data_out_module:inst1|j[4]                                                                  ; 11      ;
; data_out_module:inst1|j[6]                                                                  ; 11      ;
; data_out_module:inst1|j[9]~1                                                                ; 10      ;
; data_out_module:inst1|j[9]~0                                                                ; 10      ;
; data_out_module:inst1|j[9]                                                                  ; 9       ;
; sonic:inst|Equal11~1                                                                        ; 7       ;
; data_out_module:inst1|Mux0~18                                                               ; 7       ;
; data_out_module:inst1|j[7]                                                                  ; 6       ;
; sonic:inst|Equal2~1                                                                         ; 4       ;
; data_out_module:inst1|Equal0~1                                                              ; 4       ;
; data_out_module:inst1|Equal0~0                                                              ; 4       ;
; sonic:inst|i[2]                                                                             ; 4       ;
; sonic:inst|i[0]                                                                             ; 4       ;
; sonic:inst|i[1]                                                                             ; 4       ;
; sonic:inst|i[3]                                                                             ; 4       ;
; sonic:inst|j[2]                                                                             ; 3       ;
; sonic:inst|j[0]                                                                             ; 3       ;
; sonic:inst|j[1]                                                                             ; 3       ;
; sonic:inst|i[6]                                                                             ; 3       ;
; sonic:inst|i[5]                                                                             ; 3       ;
; sonic:inst|i[4]                                                                             ; 3       ;
; data_out_module:inst1|Equal1~2                                                              ; 2       ;
; data_out_module:inst1|i[7]                                                                  ; 2       ;
; data_out_module:inst1|i[6]                                                                  ; 2       ;
; data_out_module:inst1|i[5]                                                                  ; 2       ;
; data_out_module:inst1|i[4]                                                                  ; 2       ;
; data_out_module:inst1|i[1]                                                                  ; 2       ;
; data_out_module:inst1|i[3]                                                                  ; 2       ;
; data_out_module:inst1|i[2]                                                                  ; 2       ;
; data_out_module:inst1|i[0]                                                                  ; 2       ;
; sonic:inst|Equal2~0                                                                         ; 2       ;
; sonic:inst|j[5]                                                                             ; 2       ;
; sonic:inst|j[6]                                                                             ; 2       ;
; sonic:inst|j[3]                                                                             ; 2       ;
; sonic:inst|j[4]                                                                             ; 2       ;
; data_out_module_4:inst5|Mux0~0                                                              ; 2       ;
; data_out_module:inst1|Mux0~16                                                               ; 2       ;
; data_out_module:inst1|Mux0~15                                                               ; 2       ;
; data_out_module:inst1|Mux0~11                                                               ; 2       ;
; data_out_module:inst1|Mux0~6                                                                ; 2       ;
; data_out_module:inst1|Mux0~5                                                                ; 2       ;
; data_out_module:inst1|Mux0~2                                                                ; 2       ;
; clk_in~input                                                                                ; 1       ;
; data_out_module:inst1|Mux0~20                                                               ; 1       ;
; data_out_module:inst1|Mux0~19                                                               ; 1       ;
; data_out_module:inst1|i~1                                                                   ; 1       ;
; data_out_module:inst1|i~0                                                                   ; 1       ;
; sonic:inst|Equal11~0                                                                        ; 1       ;
; sonic:inst|j~3                                                                              ; 1       ;
; sonic:inst|j~2                                                                              ; 1       ;
; sonic:inst|j~1                                                                              ; 1       ;
; sonic:inst|j~0                                                                              ; 1       ;
; data_out_module:inst1|j[9]~11                                                               ; 1       ;
; data_out_module:inst1|j[7]~10                                                               ; 1       ;
; data_out_module:inst1|j[4]~9                                                                ; 1       ;
; data_out_module:inst1|j[6]~8                                                                ; 1       ;
; data_out_module:inst1|j[8]~7                                                                ; 1       ;
; data_out_module:inst1|j[1]~6                                                                ; 1       ;
; data_out_module:inst1|j[3]~5                                                                ; 1       ;
; data_out_module:inst1|j[0]~4                                                                ; 1       ;
; data_out_module:inst1|j[2]~3                                                                ; 1       ;
; data_out_module:inst1|j[5]~2                                                                ; 1       ;
; data_out_module:inst1|Equal1~1                                                              ; 1       ;
; data_out_module:inst1|Equal1~0                                                              ; 1       ;
; sonic:inst|clock~3                                                                          ; 1       ;
; sonic:inst|clock~2                                                                          ; 1       ;
; sonic:inst|clock~1                                                                          ; 1       ;
; sonic:inst|clock~0                                                                          ; 1       ;
; sonic:inst|latch~0                                                                          ; 1       ;
; data_out_module_4:inst5|Mux0~17                                                             ; 1       ;
; data_out_module_4:inst5|Mux0~16                                                             ; 1       ;
; data_out_module_4:inst5|Mux0~15                                                             ; 1       ;
; data_out_module_4:inst5|Mux0~14                                                             ; 1       ;
; data_out_module_4:inst5|Mux0~13                                                             ; 1       ;
; data_out_module_4:inst5|Mux0~12                                                             ; 1       ;
; data_out_module_4:inst5|Mux0~11                                                             ; 1       ;
; data_out_module_4:inst5|Mux0~10                                                             ; 1       ;
; data_out_module_4:inst5|Mux0~9                                                              ; 1       ;
; data_out_module_4:inst5|Mux0~8                                                              ; 1       ;
; data_out_module_4:inst5|Mux0~7                                                              ; 1       ;
; data_out_module_4:inst5|Mux0~6                                                              ; 1       ;
; data_out_module_4:inst5|Mux0~5                                                              ; 1       ;
; data_out_module_4:inst5|Mux0~4                                                              ; 1       ;
; data_out_module_4:inst5|Mux0~3                                                              ; 1       ;
; data_out_module_4:inst5|Mux0~2                                                              ; 1       ;
; data_out_module_4:inst5|Mux0~1                                                              ; 1       ;
; data_out_module:inst1|Mux0~17                                                               ; 1       ;
; data_out_module:inst1|Mux0~14                                                               ; 1       ;
; data_out_module:inst1|Mux0~13                                                               ; 1       ;
; data_out_module:inst1|Mux0~12                                                               ; 1       ;
; data_out_module:inst1|Mux0~10                                                               ; 1       ;
; data_out_module:inst1|Mux0~9                                                                ; 1       ;
; data_out_module:inst1|Mux0~8                                                                ; 1       ;
; data_out_module:inst1|Mux0~7                                                                ; 1       ;
; data_out_module:inst1|Mux0~4                                                                ; 1       ;
; data_out_module:inst1|Mux0~3                                                                ; 1       ;
; data_out_module:inst1|Mux0~1                                                                ; 1       ;
; data_out_module:inst1|Mux0~0                                                                ; 1       ;
; sonic:inst|clock                                                                            ; 1       ;
; sonic:inst|latch                                                                            ; 1       ;
; data_out_module_8:inst9|data_outpin                                                         ; 1       ;
; data_out_module_7:inst8|data_outpin                                                         ; 1       ;
; data_out_module_6:inst7|data_outpin                                                         ; 1       ;
; data_out_module_5:inst6|data_outpin                                                         ; 1       ;
; data_out_module_4:inst5|data_outpin                                                         ; 1       ;
; data_out_module_3:inst2|data_outpin                                                         ; 1       ;
; data_out_module_2:inst3|data_outpin                                                         ; 1       ;
; data_out_module:inst1|data_outpin                                                           ; 1       ;
; sonic:inst|clockpin                                                                         ; 1       ;
; sonic:inst|latchpin                                                                         ; 1       ;
; data_out_module:inst1|Add0~14                                                               ; 1       ;
; data_out_module:inst1|Add0~13                                                               ; 1       ;
; data_out_module:inst1|Add0~12                                                               ; 1       ;
; data_out_module:inst1|Add0~11                                                               ; 1       ;
; data_out_module:inst1|Add0~10                                                               ; 1       ;
; data_out_module:inst1|Add0~9                                                                ; 1       ;
; data_out_module:inst1|Add0~8                                                                ; 1       ;
; data_out_module:inst1|Add0~7                                                                ; 1       ;
; data_out_module:inst1|Add0~6                                                                ; 1       ;
; data_out_module:inst1|Add0~5                                                                ; 1       ;
; data_out_module:inst1|Add0~4                                                                ; 1       ;
; data_out_module:inst1|Add0~3                                                                ; 1       ;
; data_out_module:inst1|Add0~2                                                                ; 1       ;
; data_out_module:inst1|Add0~1                                                                ; 1       ;
; data_out_module:inst1|Add0~0                                                                ; 1       ;
; sonic:inst|i[6]~19                                                                          ; 1       ;
; sonic:inst|i[5]~18                                                                          ; 1       ;
; sonic:inst|i[5]~17                                                                          ; 1       ;
; sonic:inst|i[4]~16                                                                          ; 1       ;
; sonic:inst|i[4]~15                                                                          ; 1       ;
; sonic:inst|i[3]~14                                                                          ; 1       ;
; sonic:inst|i[3]~13                                                                          ; 1       ;
; sonic:inst|i[2]~12                                                                          ; 1       ;
; sonic:inst|i[2]~11                                                                          ; 1       ;
; sonic:inst|i[1]~10                                                                          ; 1       ;
; sonic:inst|i[1]~9                                                                           ; 1       ;
; sonic:inst|i[0]~8                                                                           ; 1       ;
; sonic:inst|i[0]~7                                                                           ; 1       ;
; sonic:inst|Add0~12                                                                          ; 1       ;
; sonic:inst|Add0~11                                                                          ; 1       ;
; sonic:inst|Add0~10                                                                          ; 1       ;
; sonic:inst|Add0~9                                                                           ; 1       ;
; sonic:inst|Add0~8                                                                           ; 1       ;
; sonic:inst|Add0~7                                                                           ; 1       ;
; sonic:inst|Add0~6                                                                           ; 1       ;
; sonic:inst|Add0~5                                                                           ; 1       ;
; sonic:inst|Add0~4                                                                           ; 1       ;
; sonic:inst|Add0~3                                                                           ; 1       ;
; sonic:inst|Add0~2                                                                           ; 1       ;
; sonic:inst|Add0~1                                                                           ; 1       ;
; sonic:inst|Add0~0                                                                           ; 1       ;
; data_out_module:inst1|Add1~18                                                               ; 1       ;
; data_out_module:inst1|Add1~17                                                               ; 1       ;
; data_out_module:inst1|Add1~16                                                               ; 1       ;
; data_out_module:inst1|Add1~15                                                               ; 1       ;
; data_out_module:inst1|Add1~14                                                               ; 1       ;
; data_out_module:inst1|Add1~13                                                               ; 1       ;
; data_out_module:inst1|Add1~12                                                               ; 1       ;
; data_out_module:inst1|Add1~11                                                               ; 1       ;
; data_out_module:inst1|Add1~10                                                               ; 1       ;
; data_out_module:inst1|Add1~9                                                                ; 1       ;
; data_out_module:inst1|Add1~8                                                                ; 1       ;
; data_out_module:inst1|Add1~7                                                                ; 1       ;
; data_out_module:inst1|Add1~6                                                                ; 1       ;
; data_out_module:inst1|Add1~5                                                                ; 1       ;
; data_out_module:inst1|Add1~4                                                                ; 1       ;
; data_out_module:inst1|Add1~3                                                                ; 1       ;
; data_out_module:inst1|Add1~2                                                                ; 1       ;
; data_out_module:inst1|Add1~1                                                                ; 1       ;
; data_out_module:inst1|Add1~0                                                                ; 1       ;
; MasterClock:inst4|altpll:altpll_component|MasterClock_altpll:auto_generated|wire_pll1_fbout ; 1       ;
+---------------------------------------------------------------------------------------------+---------+


+-----------------------------------------------+
; Routing Usage Summary                         ;
+-----------------------+-----------------------+
; Routing Resource Type ; Usage                 ;
+-----------------------+-----------------------+
; Block interconnects   ; 72 / 32,401 ( < 1 % ) ;
; C16 interconnects     ; 1 / 1,326 ( < 1 % )   ;
; C4 interconnects      ; 34 / 21,816 ( < 1 % ) ;
; Direct links          ; 16 / 32,401 ( < 1 % ) ;
; Global clocks         ; 1 / 10 ( 10 % )       ;
; Local interconnects   ; 76 / 10,320 ( < 1 % ) ;
; R24 interconnects     ; 8 / 1,289 ( < 1 % )   ;
; R4 interconnects      ; 62 / 28,186 ( < 1 % ) ;
+-----------------------+-----------------------+


+---------------------------------------------------------------------------+
; LAB Logic Elements                                                        ;
+---------------------------------------------+-----------------------------+
; Number of Logic Elements  (Average = 13.88) ; Number of LABs  (Total = 8) ;
+---------------------------------------------+-----------------------------+
; 1                                           ; 0                           ;
; 2                                           ; 0                           ;
; 3                                           ; 0                           ;
; 4                                           ; 0                           ;
; 5                                           ; 1                           ;
; 6                                           ; 0                           ;
; 7                                           ; 0                           ;
; 8                                           ; 0                           ;
; 9                                           ; 0                           ;
; 10                                          ; 0                           ;
; 11                                          ; 0                           ;
; 12                                          ; 0                           ;
; 13                                          ; 0                           ;
; 14                                          ; 2                           ;
; 15                                          ; 2                           ;
; 16                                          ; 3                           ;
+---------------------------------------------+-----------------------------+


+------------------------------------------------------------------+
; LAB-wide Signals                                                 ;
+------------------------------------+-----------------------------+
; LAB-wide Signals  (Average = 0.88) ; Number of LABs  (Total = 8) ;
+------------------------------------+-----------------------------+
; 1 Clock                            ; 7                           ;
+------------------------------------+-----------------------------+


+----------------------------------------------------------------------------+
; LAB Signals Sourced                                                        ;
+----------------------------------------------+-----------------------------+
; Number of Signals Sourced  (Average = 19.38) ; Number of LABs  (Total = 8) ;
+----------------------------------------------+-----------------------------+
; 0                                            ; 0                           ;
; 1                                            ; 0                           ;
; 2                                            ; 0                           ;
; 3                                            ; 0                           ;
; 4                                            ; 0                           ;
; 5                                            ; 0                           ;
; 6                                            ; 0                           ;
; 7                                            ; 0                           ;
; 8                                            ; 0                           ;
; 9                                            ; 0                           ;
; 10                                           ; 1                           ;
; 11                                           ; 0                           ;
; 12                                           ; 0                           ;
; 13                                           ; 0                           ;
; 14                                           ; 0                           ;
; 15                                           ; 1                           ;
; 16                                           ; 0                           ;
; 17                                           ; 0                           ;
; 18                                           ; 0                           ;
; 19                                           ; 1                           ;
; 20                                           ; 1                           ;
; 21                                           ; 0                           ;
; 22                                           ; 2                           ;
; 23                                           ; 1                           ;
; 24                                           ; 1                           ;
+----------------------------------------------+-----------------------------+


+-------------------------------------------------------------------------------+
; LAB Signals Sourced Out                                                       ;
+-------------------------------------------------+-----------------------------+
; Number of Signals Sourced Out  (Average = 5.13) ; Number of LABs  (Total = 8) ;
+-------------------------------------------------+-----------------------------+
; 0                                               ; 0                           ;
; 1                                               ; 2                           ;
; 2                                               ; 1                           ;
; 3                                               ; 1                           ;
; 4                                               ; 1                           ;
; 5                                               ; 1                           ;
; 6                                               ; 0                           ;
; 7                                               ; 0                           ;
; 8                                               ; 0                           ;
; 9                                               ; 0                           ;
; 10                                              ; 1                           ;
; 11                                              ; 0                           ;
; 12                                              ; 0                           ;
; 13                                              ; 0                           ;
; 14                                              ; 0                           ;
; 15                                              ; 1                           ;
+-------------------------------------------------+-----------------------------+


+---------------------------------------------------------------------------+
; LAB Distinct Inputs                                                       ;
+---------------------------------------------+-----------------------------+
; Number of Distinct Inputs  (Average = 7.25) ; Number of LABs  (Total = 8) ;
+---------------------------------------------+-----------------------------+
; 0                                           ; 0                           ;
; 1                                           ; 2                           ;
; 2                                           ; 2                           ;
; 3                                           ; 0                           ;
; 4                                           ; 0                           ;
; 5                                           ; 0                           ;
; 6                                           ; 0                           ;
; 7                                           ; 1                           ;
; 8                                           ; 0                           ;
; 9                                           ; 0                           ;
; 10                                          ; 1                           ;
; 11                                          ; 0                           ;
; 12                                          ; 0                           ;
; 13                                          ; 0                           ;
; 14                                          ; 0                           ;
; 15                                          ; 1                           ;
; 16                                          ; 0                           ;
; 17                                          ; 0                           ;
; 18                                          ; 0                           ;
; 19                                          ; 0                           ;
; 20                                          ; 1                           ;
+---------------------------------------------+-----------------------------+


+------------------------------------------+
; I/O Rules Summary                        ;
+----------------------------------+-------+
; I/O Rules Statistic              ; Total ;
+----------------------------------+-------+
; Total I/O Rules                  ; 30    ;
; Number of I/O Rules Passed       ; 12    ;
; Number of I/O Rules Failed       ; 0     ;
; Number of I/O Rules Unchecked    ; 0     ;
; Number of I/O Rules Inapplicable ; 18    ;
+----------------------------------+-------+


+-----------------------------------------------------------------------------------------------------------------------------------------------------------------------------------------------------------------------------------------------------------------------------------------------------+
; I/O Rules Details                                                                                                                                                                                                                                                                                   ;
+--------------+-----------+-----------------------------------+------------------------------------------------------------------------------------------------------+----------+--------------------------------------------------------------------------+---------------------+-------------------+
; Status       ; ID        ; Category                          ; Rule Description                                                                                     ; Severity ; Information                                                              ; Area                ; Extra Information ;
+--------------+-----------+-----------------------------------+------------------------------------------------------------------------------------------------------+----------+--------------------------------------------------------------------------+---------------------+-------------------+
; Pass         ; IO_000001 ; Capacity Checks                   ; Number of pins in an I/O bank should not exceed the number of locations available.                   ; Critical ; 0 such failures found.                                                   ; I/O                 ;                   ;
; Inapplicable ; IO_000002 ; Capacity Checks                   ; Number of clocks in an I/O bank should not exceed the number of clocks available.                    ; Critical ; No Global Signal assignments found.                                      ; I/O                 ;                   ;
; Pass         ; IO_000003 ; Capacity Checks                   ; Number of pins in a Vrefgroup should not exceed the number of locations available.                   ; Critical ; 0 such failures found.                                                   ; I/O                 ;                   ;
; Inapplicable ; IO_000004 ; Voltage Compatibility Checks      ; The I/O bank should support the requested VCCIO.                                                     ; Critical ; No IOBANK_VCCIO assignments found.                                       ; I/O                 ;                   ;
; Inapplicable ; IO_000005 ; Voltage Compatibility Checks      ; The I/O bank should not have competing VREF values.                                                  ; Critical ; No VREF I/O Standard assignments found.                                  ; I/O                 ;                   ;
; Pass         ; IO_000006 ; Voltage Compatibility Checks      ; The I/O bank should not have competing VCCIO values.                                                 ; Critical ; 0 such failures found.                                                   ; I/O                 ;                   ;
; Pass         ; IO_000007 ; Valid Location Checks             ; Checks for unavailable locations.                                                                    ; Critical ; 0 such failures found.                                                   ; I/O                 ;                   ;
; Inapplicable ; IO_000008 ; Valid Location Checks             ; Checks for reserved locations.                                                                       ; Critical ; No reserved LogicLock region found.                                      ; I/O                 ;                   ;
; Pass         ; IO_000009 ; I/O Properties Checks for One I/O ; The location should support the requested I/O standard.                                              ; Critical ; 0 such failures found.                                                   ; I/O                 ;                   ;
; Pass         ; IO_000010 ; I/O Properties Checks for One I/O ; The location should support the requested I/O direction.                                             ; Critical ; 0 such failures found.                                                   ; I/O                 ;                   ;
; Inapplicable ; IO_000011 ; I/O Properties Checks for One I/O ; The location should support the requested Current Strength.                                          ; Critical ; No Current Strength assignments found.                                   ; I/O                 ;                   ;
; Pass         ; IO_000012 ; I/O Properties Checks for One I/O ; The location should support the requested On Chip Termination value.                                 ; Critical ; 0 such failures found.                                                   ; I/O                 ;                   ;
; Inapplicable ; IO_000013 ; I/O Properties Checks for One I/O ; The location should support the requested Bus Hold value.                                            ; Critical ; No Enable Bus-Hold Circuitry assignments found.                          ; I/O                 ;                   ;
; Inapplicable ; IO_000014 ; I/O Properties Checks for One I/O ; The location should support the requested Weak Pull Up value.                                        ; Critical ; No Weak Pull-Up Resistor assignments found.                              ; I/O                 ;                   ;
; Pass         ; IO_000015 ; I/O Properties Checks for One I/O ; The location should support the requested PCI Clamp Diode.                                           ; Critical ; 0 such failures found.                                                   ; I/O                 ;                   ;
; Inapplicable ; IO_000018 ; I/O Properties Checks for One I/O ; The I/O standard should support the requested Current Strength.                                      ; Critical ; No Current Strength assignments found.                                   ; I/O                 ;                   ;
; Pass         ; IO_000019 ; I/O Properties Checks for One I/O ; The I/O standard should support the requested On Chip Termination value.                             ; Critical ; 0 such failures found.                                                   ; I/O                 ;                   ;
; Pass         ; IO_000020 ; I/O Properties Checks for One I/O ; The I/O standard should support the requested PCI Clamp Diode.                                       ; Critical ; 0 such failures found.                                                   ; I/O                 ;                   ;
; Inapplicable ; IO_000021 ; I/O Properties Checks for One I/O ; The I/O standard should support the requested Weak Pull Up value.                                    ; Critical ; No Weak Pull-Up Resistor assignments found.                              ; I/O                 ;                   ;
; Inapplicable ; IO_000022 ; I/O Properties Checks for One I/O ; The I/O standard should support the requested Bus Hold value.                                        ; Critical ; No Enable Bus-Hold Circuitry assignments found.                          ; I/O                 ;                   ;
; Inapplicable ; IO_000023 ; I/O Properties Checks for One I/O ; The I/O standard should support the Open Drain value.                                                ; Critical ; No open drain assignments found.                                         ; I/O                 ;                   ;
; Pass         ; IO_000024 ; I/O Properties Checks for One I/O ; The I/O direction should support the On Chip Termination value.                                      ; Critical ; 0 such failures found.                                                   ; I/O                 ;                   ;
; Inapplicable ; IO_000026 ; I/O Properties Checks for One I/O ; On Chip Termination and Current Strength should not be used at the same time.                        ; Critical ; No Current Strength assignments found.                                   ; I/O                 ;                   ;
; Inapplicable ; IO_000027 ; I/O Properties Checks for One I/O ; Weak Pull Up and Bus Hold should not be used at the same time.                                       ; Critical ; No Enable Bus-Hold Circuitry or Weak Pull-Up Resistor assignments found. ; I/O                 ;                   ;
; Inapplicable ; IO_000045 ; I/O Properties Checks for One I/O ; The I/O standard should support the requested Slew Rate value.                                       ; Critical ; No Slew Rate assignments found.                                          ; I/O                 ;                   ;
; Inapplicable ; IO_000046 ; I/O Properties Checks for One I/O ; The location should support the requested Slew Rate value.                                           ; Critical ; No Slew Rate assignments found.                                          ; I/O                 ;                   ;
; Inapplicable ; IO_000047 ; I/O Properties Checks for One I/O ; On Chip Termination and Slew Rate should not be used at the same time.                               ; Critical ; No Slew Rate assignments found.                                          ; I/O                 ;                   ;
; Pass         ; IO_000033 ; Electromigration Checks           ; Current density for consecutive I/Os should not exceed 240mA for row I/Os and 240mA for column I/Os. ; Critical ; 0 such failures found.                                                   ; I/O                 ;                   ;
; Inapplicable ; IO_000034 ; SI Related Distance Checks        ; Single-ended outputs should be 5 LAB row(s) away from a differential I/O.                            ; High     ; No Differential I/O Standard assignments found.                          ; I/O                 ;                   ;
; Inapplicable ; IO_000042 ; SI Related SSO Limit Checks       ; No more than 20 outputs are allowed in a VREF group when VREF is being read from.                    ; High     ; No VREF I/O Standard assignments found.                                  ; I/O                 ;                   ;
; ----         ; ----      ; Disclaimer                        ; OCT rules are checked but not reported.                                                              ; None     ; ----                                                                     ; On Chip Termination ;                   ;
+--------------+-----------+-----------------------------------+------------------------------------------------------------------------------------------------------+----------+--------------------------------------------------------------------------+---------------------+-------------------+


+-----------------------------------------------------------------------------------------------------------------------------------------------------------------------------------------------------------------------------------------------------------------------------------------------------------------------------------------------------------------------------------------------------------------------------------------------------------------+
; I/O Rules Matrix                                                                                                                                                                                                                                                                                                                                                                                                                                                ;
+--------------------+-----------+--------------+-----------+--------------+--------------+-----------+-----------+--------------+-----------+-----------+--------------+--------------+--------------+--------------+--------------+--------------+--------------+--------------+--------------+--------------+--------------+--------------+--------------+--------------+--------------+--------------+--------------+-----------+--------------+--------------+
; Pin/Rules          ; IO_000001 ; IO_000002    ; IO_000003 ; IO_000004    ; IO_000005    ; IO_000006 ; IO_000007 ; IO_000008    ; IO_000009 ; IO_000010 ; IO_000011    ; IO_000012    ; IO_000013    ; IO_000014    ; IO_000015    ; IO_000018    ; IO_000019    ; IO_000020    ; IO_000021    ; IO_000022    ; IO_000023    ; IO_000024    ; IO_000026    ; IO_000027    ; IO_000045    ; IO_000046    ; IO_000047    ; IO_000033 ; IO_000034    ; IO_000042    ;
+--------------------+-----------+--------------+-----------+--------------+--------------+-----------+-----------+--------------+-----------+-----------+--------------+--------------+--------------+--------------+--------------+--------------+--------------+--------------+--------------+--------------+--------------+--------------+--------------+--------------+--------------+--------------+--------------+-----------+--------------+--------------+
; Total Pass         ; 11        ; 0            ; 11        ; 0            ; 0            ; 11        ; 11        ; 0            ; 11        ; 11        ; 0            ; 10           ; 0            ; 0            ; 1            ; 0            ; 10           ; 1            ; 0            ; 0            ; 0            ; 10           ; 0            ; 0            ; 0            ; 0            ; 0            ; 11        ; 0            ; 0            ;
; Total Unchecked    ; 0         ; 0            ; 0         ; 0            ; 0            ; 0         ; 0         ; 0            ; 0         ; 0         ; 0            ; 0            ; 0            ; 0            ; 0            ; 0            ; 0            ; 0            ; 0            ; 0            ; 0            ; 0            ; 0            ; 0            ; 0            ; 0            ; 0            ; 0         ; 0            ; 0            ;
; Total Inapplicable ; 0         ; 11           ; 0         ; 11           ; 11           ; 0         ; 0         ; 11           ; 0         ; 0         ; 11           ; 1            ; 11           ; 11           ; 10           ; 11           ; 1            ; 10           ; 11           ; 11           ; 11           ; 1            ; 11           ; 11           ; 11           ; 11           ; 11           ; 0         ; 11           ; 11           ;
; Total Fail         ; 0         ; 0            ; 0         ; 0            ; 0            ; 0         ; 0         ; 0            ; 0         ; 0         ; 0            ; 0            ; 0            ; 0            ; 0            ; 0            ; 0            ; 0            ; 0            ; 0            ; 0            ; 0            ; 0            ; 0            ; 0            ; 0            ; 0            ; 0         ; 0            ; 0            ;
; latchpin           ; Pass      ; Inapplicable ; Pass      ; Inapplicable ; Inapplicable ; Pass      ; Pass      ; Inapplicable ; Pass      ; Pass      ; Inapplicable ; Pass         ; Inapplicable ; Inapplicable ; Inapplicable ; Inapplicable ; Pass         ; Inapplicable ; Inapplicable ; Inapplicable ; Inapplicable ; Pass         ; Inapplicable ; Inapplicable ; Inapplicable ; Inapplicable ; Inapplicable ; Pass      ; Inapplicable ; Inapplicable ;
; clockpin           ; Pass      ; Inapplicable ; Pass      ; Inapplicable ; Inapplicable ; Pass      ; Pass      ; Inapplicable ; Pass      ; Pass      ; Inapplicable ; Pass         ; Inapplicable ; Inapplicable ; Inapplicable ; Inapplicable ; Pass         ; Inapplicable ; Inapplicable ; Inapplicable ; Inapplicable ; Pass         ; Inapplicable ; Inapplicable ; Inapplicable ; Inapplicable ; Inapplicable ; Pass      ; Inapplicable ; Inapplicable ;
; data_outpin        ; Pass      ; Inapplicable ; Pass      ; Inapplicable ; Inapplicable ; Pass      ; Pass      ; Inapplicable ; Pass      ; Pass      ; Inapplicable ; Pass         ; Inapplicable ; Inapplicable ; Inapplicable ; Inapplicable ; Pass         ; Inapplicable ; Inapplicable ; Inapplicable ; Inapplicable ; Pass         ; Inapplicable ; Inapplicable ; Inapplicable ; Inapplicable ; Inapplicable ; Pass      ; Inapplicable ; Inapplicable ;
; data_outpin_2      ; Pass      ; Inapplicable ; Pass      ; Inapplicable ; Inapplicable ; Pass      ; Pass      ; Inapplicable ; Pass      ; Pass      ; Inapplicable ; Pass         ; Inapplicable ; Inapplicable ; Inapplicable ; Inapplicable ; Pass         ; Inapplicable ; Inapplicable ; Inapplicable ; Inapplicable ; Pass         ; Inapplicable ; Inapplicable ; Inapplicable ; Inapplicable ; Inapplicable ; Pass      ; Inapplicable ; Inapplicable ;
; data_outpin_3      ; Pass      ; Inapplicable ; Pass      ; Inapplicable ; Inapplicable ; Pass      ; Pass      ; Inapplicable ; Pass      ; Pass      ; Inapplicable ; Pass         ; Inapplicable ; Inapplicable ; Inapplicable ; Inapplicable ; Pass         ; Inapplicable ; Inapplicable ; Inapplicable ; Inapplicable ; Pass         ; Inapplicable ; Inapplicable ; Inapplicable ; Inapplicable ; Inapplicable ; Pass      ; Inapplicable ; Inapplicable ;
; data_outpin_4      ; Pass      ; Inapplicable ; Pass      ; Inapplicable ; Inapplicable ; Pass      ; Pass      ; Inapplicable ; Pass      ; Pass      ; Inapplicable ; Pass         ; Inapplicable ; Inapplicable ; Inapplicable ; Inapplicable ; Pass         ; Inapplicable ; Inapplicable ; Inapplicable ; Inapplicable ; Pass         ; Inapplicable ; Inapplicable ; Inapplicable ; Inapplicable ; Inapplicable ; Pass      ; Inapplicable ; Inapplicable ;
; data_outpin_5      ; Pass      ; Inapplicable ; Pass      ; Inapplicable ; Inapplicable ; Pass      ; Pass      ; Inapplicable ; Pass      ; Pass      ; Inapplicable ; Pass         ; Inapplicable ; Inapplicable ; Inapplicable ; Inapplicable ; Pass         ; Inapplicable ; Inapplicable ; Inapplicable ; Inapplicable ; Pass         ; Inapplicable ; Inapplicable ; Inapplicable ; Inapplicable ; Inapplicable ; Pass      ; Inapplicable ; Inapplicable ;
; data_outpin_6      ; Pass      ; Inapplicable ; Pass      ; Inapplicable ; Inapplicable ; Pass      ; Pass      ; Inapplicable ; Pass      ; Pass      ; Inapplicable ; Pass         ; Inapplicable ; Inapplicable ; Inapplicable ; Inapplicable ; Pass         ; Inapplicable ; Inapplicable ; Inapplicable ; Inapplicable ; Pass         ; Inapplicable ; Inapplicable ; Inapplicable ; Inapplicable ; Inapplicable ; Pass      ; Inapplicable ; Inapplicable ;
; data_outpin_7      ; Pass      ; Inapplicable ; Pass      ; Inapplicable ; Inapplicable ; Pass      ; Pass      ; Inapplicable ; Pass      ; Pass      ; Inapplicable ; Pass         ; Inapplicable ; Inapplicable ; Inapplicable ; Inapplicable ; Pass         ; Inapplicable ; Inapplicable ; Inapplicable ; Inapplicable ; Pass         ; Inapplicable ; Inapplicable ; Inapplicable ; Inapplicable ; Inapplicable ; Pass      ; Inapplicable ; Inapplicable ;
; data_outpin_8      ; Pass      ; Inapplicable ; Pass      ; Inapplicable ; Inapplicable ; Pass      ; Pass      ; Inapplicable ; Pass      ; Pass      ; Inapplicable ; Pass         ; Inapplicable ; Inapplicable ; Inapplicable ; Inapplicable ; Pass         ; Inapplicable ; Inapplicable ; Inapplicable ; Inapplicable ; Pass         ; Inapplicable ; Inapplicable ; Inapplicable ; Inapplicable ; Inapplicable ; Pass      ; Inapplicable ; Inapplicable ;
; clk_in             ; Pass      ; Inapplicable ; Pass      ; Inapplicable ; Inapplicable ; Pass      ; Pass      ; Inapplicable ; Pass      ; Pass      ; Inapplicable ; Inapplicable ; Inapplicable ; Inapplicable ; Pass         ; Inapplicable ; Inapplicable ; Pass         ; Inapplicable ; Inapplicable ; Inapplicable ; Inapplicable ; Inapplicable ; Inapplicable ; Inapplicable ; Inapplicable ; Inapplicable ; Pass      ; Inapplicable ; Inapplicable ;
+--------------------+-----------+--------------+-----------+--------------+--------------+-----------+-----------+--------------+-----------+-----------+--------------+--------------+--------------+--------------+--------------+--------------+--------------+--------------+--------------+--------------+--------------+--------------+--------------+--------------+--------------+--------------+--------------+-----------+--------------+--------------+


+----------------------------------------------------------------------------------------+
; Fitter Device Options                                                                  ;
+------------------------------------------------------------------+---------------------+
; Option                                                           ; Setting             ;
+------------------------------------------------------------------+---------------------+
; Enable user-supplied start-up clock (CLKUSR)                     ; Off                 ;
; Enable device-wide reset (DEV_CLRn)                              ; Off                 ;
; Enable device-wide output enable (DEV_OE)                        ; Off                 ;
; Enable INIT_DONE output                                          ; Off                 ;
; Configuration scheme                                             ; Active Serial       ;
; Error detection CRC                                              ; Off                 ;
; Enable open drain on CRC_ERROR pin                               ; Off                 ;
; Enable input tri-state on active configuration pins in user mode ; Off                 ;
; Configuration Voltage Level                                      ; Auto                ;
; Force Configuration Voltage Level                                ; Off                 ;
; nCEO                                                             ; Unreserved          ;
; Data[0]                                                          ; As input tri-stated ;
; Data[1]/ASDO                                                     ; As input tri-stated ;
; Data[7..2]                                                       ; Unreserved          ;
; FLASH_nCE/nCSO                                                   ; As input tri-stated ;
; Other Active Parallel pins                                       ; Unreserved          ;
; DCLK                                                             ; Unreserved          ;
; Base pin-out file on sameframe device                            ; Off                 ;
+------------------------------------------------------------------+---------------------+


+------------------------------------+
; Operating Settings and Conditions  ;
+---------------------------+--------+
; Setting                   ; Value  ;
+---------------------------+--------+
; Nominal Core Voltage      ; 1.20 V ;
; Low Junction Temperature  ; 0 °C   ;
; High Junction Temperature ; 85 °C  ;
+---------------------------+--------+


+-----------------+
; Fitter Messages ;
+-----------------+
Info (20030): Parallel compilation is enabled and will use 6 of the 6 processors detected
Info (119006): Selected device EP4CE6E22C8 for design "sonic"
Info (21077): Low junction temperature is 0 degrees C
Info (21077): High junction temperature is 85 degrees C
Info (15535): Implemented PLL "MasterClock:inst4|altpll:altpll_component|MasterClock_altpll:auto_generated|pll1" as Cyclone IV E PLL type
    Info (15099): Implementing clock multiplication of 47, clock division of 68, and phase shift of 0 degrees (0 ps) for MasterClock:inst4|altpll:altpll_component|MasterClock_altpll:auto_generated|wire_pll1_clk[0] port
Info (171003): Fitter is performing an Auto Fit compilation, which may decrease Fitter effort to reduce compilation time
Warning (292013): Feature LogicLock is only available with a valid subscription license. You can purchase a software subscription to gain full access to this feature.
Info (176444): Device migration not selected. If you intend to use device migration later, you may need to change the pin assignments as they may be incompatible with other devices
    Info (176445): Device EP4CE10E22C8 is compatible
    Info (176445): Device EP4CE15E22C8 is compatible
    Info (176445): Device EP4CE22E22C8 is compatible
Info (169124): Fitter converted 3 user pins into dedicated programming pins
    Info (169125): Pin ~ALTERA_ASDO_DATA1~ is reserved at location 6
    Info (169125): Pin ~ALTERA_FLASH_nCE_nCSO~ is reserved at location 8
    Info (169125): Pin ~ALTERA_DATA0~ is reserved at location 13
Info (12825): DCLK dual-purpose pin not reserved
Warning (15714): Some pins have incomplete I/O assignments. Refer to the I/O Assignment Warnings report for details
Info (176353): Automatically promoted node MasterClock:inst4|altpll:altpll_component|MasterClock_altpll:auto_generated|wire_pll1_clk[0] (placed in counter C0 of PLL_1)
    Info (176355): Automatically promoted destinations to use location or clock signal Global Clock CLKCTRL_G3
Critical Warning (332012): Synopsys Design Constraints File file not found: 'sonic.sdc'. A Synopsys Design Constraints File is required by the TimeQuest Timing Analyzer to get proper timing constraints. Without it, the Compiler will not properly optimize the design.
Info (332144): No user constrained generated clocks found in the design
Info (332144): No user constrained base clocks found in the design
Info (332096): The command derive_clocks did not find any clocks to derive.  No clocks were created or changed.
Info (332143): No user constrained clock uncertainty found in the design. Calling "derive_clock_uncertainty"
Info (332123): Deriving Clock Uncertainty. Please refer to report_sdc in TimeQuest to see clock uncertainties.
Info (332130): Timing requirements not specified -- quality metrics such as performance may be sacrificed to reduce compilation time.
Info (176233): Starting register packing
Info (176235): Finished register packing
    Extra Info (176219): No registers were packed into other blocks
Info (171121): Fitter preparation operations ending: elapsed time is 00:00:01
Info (170189): Fitter placement preparation operations beginning
Info (170190): Fitter placement preparation operations ending: elapsed time is 00:00:00
Info (170191): Fitter placement operations beginning
Info (170137): Fitter placement was successful
Info (170192): Fitter placement operations ending: elapsed time is 00:00:00
Info (170193): Fitter routing operations beginning
Info (170195): Router estimated average interconnect usage is 0% of the available device resources
    Info (170196): Router estimated peak interconnect usage is 0% of the available device resources in the region that extends from location X23_Y12 to location X34_Y24
Info (170194): Fitter routing operations ending: elapsed time is 00:00:00
Info (170199): The Fitter performed an Auto Fit compilation.  Optimizations were skipped to reduce compilation time.
    Info (170201): Optimizations that may affect the design's routability were skipped
    Info (170200): Optimizations that may affect the design's timing were skipped
Info (11888): Total time spent on timing analysis during the Fitter is 0.09 seconds.
Info (334003): Started post-fitting delay annotation
Info (334004): Delay annotation completed successfully
Info (334003): Started post-fitting delay annotation
Info (334004): Delay annotation completed successfully
Info (11218): Fitter post-fit operations ending: elapsed time is 00:00:01
Info (144001): Generated suppressed messages file C:/Users/johnj/Documents/GitHub/Altera_FPGA/sonic_update_240815/output_files/sonic.fit.smsg
Info: Quartus II 64-Bit Fitter was successful. 0 errors, 3 warnings
    Info: Peak virtual memory: 5537 megabytes
    Info: Processing ended: Fri Aug 16 12:30:23 2024
    Info: Elapsed time: 00:00:08
    Info: Total CPU time (on all processors): 00:00:05


+----------------------------+
; Fitter Suppressed Messages ;
+----------------------------+
The suppressed messages can be found in C:/Users/johnj/Documents/GitHub/Altera_FPGA/sonic_update_240815/output_files/sonic.fit.smsg.


