TimeQuest Timing Analyzer report for Sonicboard
Sat Jul 20 14:31:33 2024
Quartus II 64-Bit Version 13.1.0 Build 162 10/23/2013 SJ Web Edition


---------------------
; Table of Contents ;
---------------------
  1. Legal Notice
  2. TimeQuest Timing Analyzer Summary
  3. Parallel Compilation
  4. SDC File List
  5. Clocks
  6. Slow 1200mV 85C Model Fmax Summary
  7. Timing Closure Recommendations
  8. Slow 1200mV 85C Model Setup Summary
  9. Slow 1200mV 85C Model Hold Summary
 10. Slow 1200mV 85C Model Recovery Summary
 11. Slow 1200mV 85C Model Removal Summary
 12. Slow 1200mV 85C Model Minimum Pulse Width Summary
 13. Slow 1200mV 85C Model Setup: 'inst1|altpll_component|auto_generated|pll1|clk[0]'
 14. Slow 1200mV 85C Model Hold: 'inst1|altpll_component|auto_generated|pll1|clk[0]'
 15. Slow 1200mV 85C Model Minimum Pulse Width: 'CLK_BASE'
 16. Slow 1200mV 85C Model Minimum Pulse Width: 'inst1|altpll_component|auto_generated|pll1|clk[0]'
 17. Clock to Output Times
 18. Minimum Clock to Output Times
 19. Slow 1200mV 85C Model Metastability Report
 20. Slow 1200mV 0C Model Fmax Summary
 21. Slow 1200mV 0C Model Setup Summary
 22. Slow 1200mV 0C Model Hold Summary
 23. Slow 1200mV 0C Model Recovery Summary
 24. Slow 1200mV 0C Model Removal Summary
 25. Slow 1200mV 0C Model Minimum Pulse Width Summary
 26. Slow 1200mV 0C Model Setup: 'inst1|altpll_component|auto_generated|pll1|clk[0]'
 27. Slow 1200mV 0C Model Hold: 'inst1|altpll_component|auto_generated|pll1|clk[0]'
 28. Slow 1200mV 0C Model Minimum Pulse Width: 'CLK_BASE'
 29. Slow 1200mV 0C Model Minimum Pulse Width: 'inst1|altpll_component|auto_generated|pll1|clk[0]'
 30. Clock to Output Times
 31. Minimum Clock to Output Times
 32. Slow 1200mV 0C Model Metastability Report
 33. Fast 1200mV 0C Model Setup Summary
 34. Fast 1200mV 0C Model Hold Summary
 35. Fast 1200mV 0C Model Recovery Summary
 36. Fast 1200mV 0C Model Removal Summary
 37. Fast 1200mV 0C Model Minimum Pulse Width Summary
 38. Fast 1200mV 0C Model Setup: 'inst1|altpll_component|auto_generated|pll1|clk[0]'
 39. Fast 1200mV 0C Model Hold: 'inst1|altpll_component|auto_generated|pll1|clk[0]'
 40. Fast 1200mV 0C Model Minimum Pulse Width: 'CLK_BASE'
 41. Fast 1200mV 0C Model Minimum Pulse Width: 'inst1|altpll_component|auto_generated|pll1|clk[0]'
 42. Clock to Output Times
 43. Minimum Clock to Output Times
 44. Fast 1200mV 0C Model Metastability Report
 45. Multicorner Timing Analysis Summary
 46. Clock to Output Times
 47. Minimum Clock to Output Times
 48. Board Trace Model Assignments
 49. Input Transition Times
 50. Signal Integrity Metrics (Slow 1200mv 0c Model)
 51. Signal Integrity Metrics (Slow 1200mv 85c Model)
 52. Signal Integrity Metrics (Fast 1200mv 0c Model)
 53. Setup Transfers
 54. Hold Transfers
 55. Report TCCS
 56. Report RSKM
 57. Unconstrained Paths
 58. TimeQuest Timing Analyzer Messages



----------------
; Legal Notice ;
----------------
Copyright (C) 1991-2013 Altera Corporation
Your use of Altera Corporation's design tools, logic functions 
and other software and tools, and its AMPP partner logic 
functions, and any output files from any of the foregoing 
(including device programming or simulation files), and any 
associated documentation or information are expressly subject 
to the terms and conditions of the Altera Program License 
Subscription Agreement, Altera MegaCore Function License 
Agreement, or other applicable license agreement, including, 
without limitation, that your use is for the sole purpose of 
programming logic devices manufactured by Altera and sold by 
Altera or its authorized distributors.  Please refer to the 
applicable agreement for further details.



+-------------------------------------------------------------------------+
; TimeQuest Timing Analyzer Summary                                       ;
+--------------------+----------------------------------------------------+
; Quartus II Version ; Version 13.1.0 Build 162 10/23/2013 SJ Web Edition ;
; Revision Name      ; Sonicboard                                         ;
; Device Family      ; Cyclone IV E                                       ;
; Device Name        ; EP4CE6E22C8                                        ;
; Timing Models      ; Final                                              ;
; Delay Model        ; Combined                                           ;
; Rise/Fall Delays   ; Enabled                                            ;
+--------------------+----------------------------------------------------+


+------------------------------------------+
; Parallel Compilation                     ;
+----------------------------+-------------+
; Processors                 ; Number      ;
+----------------------------+-------------+
; Number detected on machine ; 12          ;
; Maximum allowed            ; 10          ;
;                            ;             ;
; Average used               ; 1.00        ;
; Maximum used               ; 10          ;
;                            ;             ;
; Usage by Processor         ; % Time Used ;
;     Processor 1            ; 100.0%      ;
;     Processors 2-10        ; < 0.1%      ;
;     Processors 11-12       ;   0.0%      ;
+----------------------------+-------------+


+------------------------------------------------------------+
; SDC File List                                              ;
+------------------------+--------+--------------------------+
; SDC File Path          ; Status ; Read at                  ;
+------------------------+--------+--------------------------+
; timing_constraints.sdc ; OK     ; Sat Jul 20 14:31:32 2024 ;
+------------------------+--------+--------------------------+


+----------------------------------------------------------------------------------------------------------------------------------------------------------------------------------------------------------------------------------------------------------------------------------------------------------------------------+
; Clocks                                                                                                                                                                                                                                                                                                                     ;
+---------------------------------------------------+-----------+---------+-----------+-------+---------+------------+-----------+-------------+-------+--------+-----------+------------+----------+----------+-----------------------------------------------------+-------------------------------------------------------+
; Clock Name                                        ; Type      ; Period  ; Frequency ; Rise  ; Fall    ; Duty Cycle ; Divide by ; Multiply by ; Phase ; Offset ; Edge List ; Edge Shift ; Inverted ; Master   ; Source                                              ; Targets                                               ;
+---------------------------------------------------+-----------+---------+-----------+-------+---------+------------+-----------+-------------+-------+--------+-----------+------------+----------+----------+-----------------------------------------------------+-------------------------------------------------------+
; CLK_BASE                                          ; Base      ; 20.000  ; 50.0 MHz  ; 0.000 ; 10.000  ;            ;           ;             ;       ;        ;           ;            ;          ;          ;                                                     ; { CLK_BASE }                                          ;
; inst1|altpll_component|auto_generated|pll1|clk[0] ; Generated ; 86.808  ; 11.52 MHz ; 0.000 ; 43.404  ; 50.00      ; 204       ; 47          ;       ;        ;           ;            ; false    ; CLK_BASE ; inst1|altpll_component|auto_generated|pll1|inclk[0] ; { inst1|altpll_component|auto_generated|pll1|clk[0] } ;
; inst1|altpll_component|auto_generated|pll1|clk[1] ; Generated ; 781.276 ; 1.28 MHz  ; 0.000 ; 390.638 ; 50.00      ; 1836      ; 47          ;       ;        ;           ;            ; false    ; CLK_BASE ; inst1|altpll_component|auto_generated|pll1|inclk[0] ; { inst1|altpll_component|auto_generated|pll1|clk[1] } ;
+---------------------------------------------------+-----------+---------+-----------+-------+---------+------------+-----------+-------------+-------+--------+-----------+------------+----------+----------+-----------------------------------------------------+-------------------------------------------------------+


+-----------------------------------------------------------------------------------------------------------------------------------+
; Slow 1200mV 85C Model Fmax Summary                                                                                                ;
+------------+-----------------+---------------------------------------------------+------------------------------------------------+
; Fmax       ; Restricted Fmax ; Clock Name                                        ; Note                                           ;
+------------+-----------------+---------------------------------------------------+------------------------------------------------+
; 431.97 MHz ; 402.09 MHz      ; inst1|altpll_component|auto_generated|pll1|clk[0] ; limit due to minimum period restriction (tmin) ;
+------------+-----------------+---------------------------------------------------+------------------------------------------------+
This panel reports FMAX for every clock in the design, regardless of the user-specified clock periods.  FMAX is only computed for paths where the source and destination registers or ports are driven by the same clock.  Paths of different clocks, including generated clocks, are ignored.  For paths between a clock and its inversion, FMAX is computed as if the rising and falling edges are scaled along with FMAX, such that the duty cycle (in terms of a percentage) is maintained. Altera recommends that you always use clock constraints and other slack reports for sign-off analysis.


----------------------------------
; Timing Closure Recommendations ;
----------------------------------
HTML report is unavailable in plain text report export.


+----------------------------------------------------------------------------+
; Slow 1200mV 85C Model Setup Summary                                        ;
+---------------------------------------------------+--------+---------------+
; Clock                                             ; Slack  ; End Point TNS ;
+---------------------------------------------------+--------+---------------+
; inst1|altpll_component|auto_generated|pll1|clk[0] ; 84.493 ; 0.000         ;
+---------------------------------------------------+--------+---------------+


+---------------------------------------------------------------------------+
; Slow 1200mV 85C Model Hold Summary                                        ;
+---------------------------------------------------+-------+---------------+
; Clock                                             ; Slack ; End Point TNS ;
+---------------------------------------------------+-------+---------------+
; inst1|altpll_component|auto_generated|pll1|clk[0] ; 0.454 ; 0.000         ;
+---------------------------------------------------+-------+---------------+


------------------------------------------
; Slow 1200mV 85C Model Recovery Summary ;
------------------------------------------
No paths to report.


-----------------------------------------
; Slow 1200mV 85C Model Removal Summary ;
-----------------------------------------
No paths to report.


+----------------------------------------------------------------------------+
; Slow 1200mV 85C Model Minimum Pulse Width Summary                          ;
+---------------------------------------------------+--------+---------------+
; Clock                                             ; Slack  ; End Point TNS ;
+---------------------------------------------------+--------+---------------+
; CLK_BASE                                          ; 9.934  ; 0.000         ;
; inst1|altpll_component|auto_generated|pll1|clk[0] ; 43.127 ; 0.000         ;
+---------------------------------------------------+--------+---------------+


+---------------------------------------------------------------------------------------------------------------------------------------------------------------------------------------------------------------------------------------------------------+
; Slow 1200mV 85C Model Setup: 'inst1|altpll_component|auto_generated|pll1|clk[0]'                                                                                                                                                                        ;
+--------+------------------------------------------------+----------------------------------------------+---------------------------------------------------+---------------------------------------------------+--------------+------------+------------+
; Slack  ; From Node                                      ; To Node                                      ; Launch Clock                                      ; Latch Clock                                       ; Relationship ; Clock Skew ; Data Delay ;
+--------+------------------------------------------------+----------------------------------------------+---------------------------------------------------+---------------------------------------------------+--------------+------------+------------+
; 84.493 ; Data_for_register_1:inst|bit_index[0]          ; Data_for_register_1:inst|Phase_data_index[4] ; inst1|altpll_component|auto_generated|pll1|clk[0] ; inst1|altpll_component|auto_generated|pll1|clk[0] ; 86.808       ; -0.080     ; 2.236      ;
; 84.493 ; Data_for_register_1:inst|bit_index[0]          ; Data_for_register_1:inst|Phase_data_index[3] ; inst1|altpll_component|auto_generated|pll1|clk[0] ; inst1|altpll_component|auto_generated|pll1|clk[0] ; 86.808       ; -0.080     ; 2.236      ;
; 84.493 ; Data_for_register_1:inst|bit_index[0]          ; Data_for_register_1:inst|Phase_data_index[2] ; inst1|altpll_component|auto_generated|pll1|clk[0] ; inst1|altpll_component|auto_generated|pll1|clk[0] ; 86.808       ; -0.080     ; 2.236      ;
; 84.493 ; Data_for_register_1:inst|bit_index[0]          ; Data_for_register_1:inst|Phase_data_index[1] ; inst1|altpll_component|auto_generated|pll1|clk[0] ; inst1|altpll_component|auto_generated|pll1|clk[0] ; 86.808       ; -0.080     ; 2.236      ;
; 84.493 ; Data_for_register_1:inst|bit_index[0]          ; Data_for_register_1:inst|Phase_data_index[0] ; inst1|altpll_component|auto_generated|pll1|clk[0] ; inst1|altpll_component|auto_generated|pll1|clk[0] ; 86.808       ; -0.080     ; 2.236      ;
; 84.558 ; Data_for_register_1:inst|bit_index[3]          ; Data_for_register_1:inst|Phase_data_index[4] ; inst1|altpll_component|auto_generated|pll1|clk[0] ; inst1|altpll_component|auto_generated|pll1|clk[0] ; 86.808       ; -0.080     ; 2.171      ;
; 84.558 ; Data_for_register_1:inst|bit_index[3]          ; Data_for_register_1:inst|Phase_data_index[3] ; inst1|altpll_component|auto_generated|pll1|clk[0] ; inst1|altpll_component|auto_generated|pll1|clk[0] ; 86.808       ; -0.080     ; 2.171      ;
; 84.558 ; Data_for_register_1:inst|bit_index[3]          ; Data_for_register_1:inst|Phase_data_index[2] ; inst1|altpll_component|auto_generated|pll1|clk[0] ; inst1|altpll_component|auto_generated|pll1|clk[0] ; 86.808       ; -0.080     ; 2.171      ;
; 84.558 ; Data_for_register_1:inst|bit_index[3]          ; Data_for_register_1:inst|Phase_data_index[1] ; inst1|altpll_component|auto_generated|pll1|clk[0] ; inst1|altpll_component|auto_generated|pll1|clk[0] ; 86.808       ; -0.080     ; 2.171      ;
; 84.558 ; Data_for_register_1:inst|bit_index[3]          ; Data_for_register_1:inst|Phase_data_index[0] ; inst1|altpll_component|auto_generated|pll1|clk[0] ; inst1|altpll_component|auto_generated|pll1|clk[0] ; 86.808       ; -0.080     ; 2.171      ;
; 84.577 ; Data_for_register_1:inst|bit_index[1]          ; Data_for_register_1:inst|Phase_data_index[4] ; inst1|altpll_component|auto_generated|pll1|clk[0] ; inst1|altpll_component|auto_generated|pll1|clk[0] ; 86.808       ; -0.080     ; 2.152      ;
; 84.577 ; Data_for_register_1:inst|bit_index[1]          ; Data_for_register_1:inst|Phase_data_index[3] ; inst1|altpll_component|auto_generated|pll1|clk[0] ; inst1|altpll_component|auto_generated|pll1|clk[0] ; 86.808       ; -0.080     ; 2.152      ;
; 84.577 ; Data_for_register_1:inst|bit_index[1]          ; Data_for_register_1:inst|Phase_data_index[2] ; inst1|altpll_component|auto_generated|pll1|clk[0] ; inst1|altpll_component|auto_generated|pll1|clk[0] ; 86.808       ; -0.080     ; 2.152      ;
; 84.577 ; Data_for_register_1:inst|bit_index[1]          ; Data_for_register_1:inst|Phase_data_index[1] ; inst1|altpll_component|auto_generated|pll1|clk[0] ; inst1|altpll_component|auto_generated|pll1|clk[0] ; 86.808       ; -0.080     ; 2.152      ;
; 84.577 ; Data_for_register_1:inst|bit_index[1]          ; Data_for_register_1:inst|Phase_data_index[0] ; inst1|altpll_component|auto_generated|pll1|clk[0] ; inst1|altpll_component|auto_generated|pll1|clk[0] ; 86.808       ; -0.080     ; 2.152      ;
; 84.641 ; Data_for_register_1:inst|Phase_data_index[1]   ; Data_for_register_1:inst|Phase_data_index[4] ; inst1|altpll_component|auto_generated|pll1|clk[0] ; inst1|altpll_component|auto_generated|pll1|clk[0] ; 86.808       ; -0.080     ; 2.088      ;
; 84.738 ; Data_for_register_1:inst|Phase_data_index[0]   ; Data_for_register_1:inst|Phase_data_index[4] ; inst1|altpll_component|auto_generated|pll1|clk[0] ; inst1|altpll_component|auto_generated|pll1|clk[0] ; 86.808       ; -0.080     ; 1.991      ;
; 84.755 ; Data_for_register_1:inst|Phase_data_index[0]   ; Data_for_register_1:inst|Phase_data_index[3] ; inst1|altpll_component|auto_generated|pll1|clk[0] ; inst1|altpll_component|auto_generated|pll1|clk[0] ; 86.808       ; -0.080     ; 1.974      ;
; 84.787 ; Data_for_register_1:inst|Phase_data_index[1]   ; Data_for_register_1:inst|Phase_data_index[2] ; inst1|altpll_component|auto_generated|pll1|clk[0] ; inst1|altpll_component|auto_generated|pll1|clk[0] ; 86.808       ; -0.080     ; 1.942      ;
; 84.790 ; Data_for_register_1:inst|Phase_data_index[3]   ; Data_for_register_1:inst|Phase_data_index[4] ; inst1|altpll_component|auto_generated|pll1|clk[0] ; inst1|altpll_component|auto_generated|pll1|clk[0] ; 86.808       ; -0.080     ; 1.939      ;
; 84.817 ; Data_for_register_1:inst|Phase_data_index[1]   ; Data_for_register_1:inst|Phase_data_index[3] ; inst1|altpll_component|auto_generated|pll1|clk[0] ; inst1|altpll_component|auto_generated|pll1|clk[0] ; 86.808       ; -0.080     ; 1.912      ;
; 84.872 ; Data_for_register_1:inst|bit_index[2]          ; Data_for_register_1:inst|Phase_data_index[4] ; inst1|altpll_component|auto_generated|pll1|clk[0] ; inst1|altpll_component|auto_generated|pll1|clk[0] ; 86.808       ; -0.080     ; 1.857      ;
; 84.872 ; Data_for_register_1:inst|bit_index[2]          ; Data_for_register_1:inst|Phase_data_index[3] ; inst1|altpll_component|auto_generated|pll1|clk[0] ; inst1|altpll_component|auto_generated|pll1|clk[0] ; 86.808       ; -0.080     ; 1.857      ;
; 84.872 ; Data_for_register_1:inst|bit_index[2]          ; Data_for_register_1:inst|Phase_data_index[2] ; inst1|altpll_component|auto_generated|pll1|clk[0] ; inst1|altpll_component|auto_generated|pll1|clk[0] ; 86.808       ; -0.080     ; 1.857      ;
; 84.872 ; Data_for_register_1:inst|bit_index[2]          ; Data_for_register_1:inst|Phase_data_index[1] ; inst1|altpll_component|auto_generated|pll1|clk[0] ; inst1|altpll_component|auto_generated|pll1|clk[0] ; 86.808       ; -0.080     ; 1.857      ;
; 84.872 ; Data_for_register_1:inst|bit_index[2]          ; Data_for_register_1:inst|Phase_data_index[0] ; inst1|altpll_component|auto_generated|pll1|clk[0] ; inst1|altpll_component|auto_generated|pll1|clk[0] ; 86.808       ; -0.080     ; 1.857      ;
; 84.884 ; Data_for_register_1:inst|Phase_data_index[2]   ; Data_for_register_1:inst|Phase_data_index[4] ; inst1|altpll_component|auto_generated|pll1|clk[0] ; inst1|altpll_component|auto_generated|pll1|clk[0] ; 86.808       ; -0.080     ; 1.845      ;
; 84.884 ; Data_for_register_1:inst|Phase_data_index[0]   ; Data_for_register_1:inst|Phase_data_index[2] ; inst1|altpll_component|auto_generated|pll1|clk[0] ; inst1|altpll_component|auto_generated|pll1|clk[0] ; 86.808       ; -0.080     ; 1.845      ;
; 84.901 ; Data_for_register_1:inst|Phase_data_index[0]   ; Data_for_register_1:inst|Phase_data_index[1] ; inst1|altpll_component|auto_generated|pll1|clk[0] ; inst1|altpll_component|auto_generated|pll1|clk[0] ; 86.808       ; -0.080     ; 1.828      ;
; 84.901 ; Data_for_register_1:inst|Phase_data_index[2]   ; Data_for_register_1:inst|Phase_data_index[3] ; inst1|altpll_component|auto_generated|pll1|clk[0] ; inst1|altpll_component|auto_generated|pll1|clk[0] ; 86.808       ; -0.080     ; 1.828      ;
; 85.402 ; Data_for_register_1:inst|bit_index[1]          ; Data_for_register_1:inst|bit_index[0]        ; inst1|altpll_component|auto_generated|pll1|clk[0] ; inst1|altpll_component|auto_generated|pll1|clk[0] ; 86.808       ; -0.080     ; 1.327      ;
; 85.460 ; Data_for_register_1:inst|bit_index[1]          ; Data_for_register_1:inst|bit_index[3]        ; inst1|altpll_component|auto_generated|pll1|clk[0] ; inst1|altpll_component|auto_generated|pll1|clk[0] ; 86.808       ; -0.080     ; 1.269      ;
; 85.467 ; Data_for_register_1:inst|bit_index[3]          ; Data_for_register_1:inst|bit_index[0]        ; inst1|altpll_component|auto_generated|pll1|clk[0] ; inst1|altpll_component|auto_generated|pll1|clk[0] ; 86.808       ; -0.080     ; 1.262      ;
; 85.469 ; Data_for_register_1:inst|Phase_data_index[0]   ; Data_for_register_1:inst|Phase_data_index[0] ; inst1|altpll_component|auto_generated|pll1|clk[0] ; inst1|altpll_component|auto_generated|pll1|clk[0] ; 86.808       ; -0.080     ; 1.260      ;
; 85.469 ; Data_for_register_1:inst|Phase_data_index[2]   ; Data_for_register_1:inst|Phase_data_index[2] ; inst1|altpll_component|auto_generated|pll1|clk[0] ; inst1|altpll_component|auto_generated|pll1|clk[0] ; 86.808       ; -0.080     ; 1.260      ;
; 85.470 ; Data_for_register_1:inst|bit_index[1]          ; Data_for_register_1:inst|bit_index[2]        ; inst1|altpll_component|auto_generated|pll1|clk[0] ; inst1|altpll_component|auto_generated|pll1|clk[0] ; 86.808       ; -0.080     ; 1.259      ;
; 85.486 ; Data_for_register_1:inst|Phase_data_index[1]   ; Data_for_register_1:inst|Phase_data_index[1] ; inst1|altpll_component|auto_generated|pll1|clk[0] ; inst1|altpll_component|auto_generated|pll1|clk[0] ; 86.808       ; -0.080     ; 1.243      ;
; 85.488 ; Data_for_register_1:inst|bit_index[3]          ; Data_for_register_1:inst|data_outpin_1       ; inst1|altpll_component|auto_generated|pll1|clk[0] ; inst1|altpll_component|auto_generated|pll1|clk[0] ; 86.808       ; -0.080     ; 1.241      ;
; 85.488 ; Data_for_register_1:inst|Phase_data_index[3]   ; Data_for_register_1:inst|Phase_data_index[3] ; inst1|altpll_component|auto_generated|pll1|clk[0] ; inst1|altpll_component|auto_generated|pll1|clk[0] ; 86.808       ; -0.080     ; 1.241      ;
; 85.490 ; Data_for_register_1:inst|Phase_data_index[4]   ; Data_for_register_1:inst|current_byte[0]     ; inst1|altpll_component|auto_generated|pll1|clk[0] ; inst1|altpll_component|auto_generated|pll1|clk[0] ; 86.808       ; -0.080     ; 1.239      ;
; 85.496 ; Data_for_register_1:inst|bit_index[2]          ; Data_for_register_1:inst|bit_index[3]        ; inst1|altpll_component|auto_generated|pll1|clk[0] ; inst1|altpll_component|auto_generated|pll1|clk[0] ; 86.808       ; -0.080     ; 1.233      ;
; 85.660 ; Data_for_register_1:inst|Phase_register[16][0] ; Data_for_register_1:inst|current_byte[0]     ; inst1|altpll_component|auto_generated|pll1|clk[0] ; inst1|altpll_component|auto_generated|pll1|clk[0] ; 86.808       ; -0.080     ; 1.069      ;
; 85.795 ; Data_for_register_1:inst|bit_index[0]          ; Data_for_register_1:inst|bit_index[3]        ; inst1|altpll_component|auto_generated|pll1|clk[0] ; inst1|altpll_component|auto_generated|pll1|clk[0] ; 86.808       ; -0.080     ; 0.934      ;
; 85.796 ; Data_for_register_1:inst|bit_index[0]          ; Data_for_register_1:inst|bit_index[1]        ; inst1|altpll_component|auto_generated|pll1|clk[0] ; inst1|altpll_component|auto_generated|pll1|clk[0] ; 86.808       ; -0.080     ; 0.933      ;
; 85.796 ; Data_for_register_1:inst|bit_index[0]          ; Data_for_register_1:inst|bit_index[2]        ; inst1|altpll_component|auto_generated|pll1|clk[0] ; inst1|altpll_component|auto_generated|pll1|clk[0] ; 86.808       ; -0.080     ; 0.933      ;
; 85.822 ; Data_for_register_1:inst|Phase_data_index[4]   ; Data_for_register_1:inst|Phase_data_index[4] ; inst1|altpll_component|auto_generated|pll1|clk[0] ; inst1|altpll_component|auto_generated|pll1|clk[0] ; 86.808       ; -0.080     ; 0.907      ;
; 85.822 ; Data_for_register_1:inst|bit_index[2]          ; Data_for_register_1:inst|bit_index[0]        ; inst1|altpll_component|auto_generated|pll1|clk[0] ; inst1|altpll_component|auto_generated|pll1|clk[0] ; 86.808       ; -0.080     ; 0.907      ;
; 85.849 ; Data_for_register_1:inst|current_byte[0]       ; Data_for_register_1:inst|data_outpin_1       ; inst1|altpll_component|auto_generated|pll1|clk[0] ; inst1|altpll_component|auto_generated|pll1|clk[0] ; 86.808       ; -0.080     ; 0.880      ;
; 85.871 ; Data_for_register_1:inst|bit_index[0]          ; Data_for_register_1:inst|bit_index[0]        ; inst1|altpll_component|auto_generated|pll1|clk[0] ; inst1|altpll_component|auto_generated|pll1|clk[0] ; 86.808       ; -0.080     ; 0.858      ;
; 85.871 ; Data_for_register_1:inst|bit_index[3]          ; Data_for_register_1:inst|bit_index[3]        ; inst1|altpll_component|auto_generated|pll1|clk[0] ; inst1|altpll_component|auto_generated|pll1|clk[0] ; 86.808       ; -0.080     ; 0.858      ;
; 85.871 ; Data_for_register_1:inst|bit_index[2]          ; Data_for_register_1:inst|bit_index[2]        ; inst1|altpll_component|auto_generated|pll1|clk[0] ; inst1|altpll_component|auto_generated|pll1|clk[0] ; 86.808       ; -0.080     ; 0.858      ;
; 85.871 ; Data_for_register_1:inst|bit_index[1]          ; Data_for_register_1:inst|bit_index[1]        ; inst1|altpll_component|auto_generated|pll1|clk[0] ; inst1|altpll_component|auto_generated|pll1|clk[0] ; 86.808       ; -0.080     ; 0.858      ;
+--------+------------------------------------------------+----------------------------------------------+---------------------------------------------------+---------------------------------------------------+--------------+------------+------------+


+--------------------------------------------------------------------------------------------------------------------------------------------------------------------------------------------------------------------------------------------------------+
; Slow 1200mV 85C Model Hold: 'inst1|altpll_component|auto_generated|pll1|clk[0]'                                                                                                                                                                        ;
+-------+------------------------------------------------+----------------------------------------------+---------------------------------------------------+---------------------------------------------------+--------------+------------+------------+
; Slack ; From Node                                      ; To Node                                      ; Launch Clock                                      ; Latch Clock                                       ; Relationship ; Clock Skew ; Data Delay ;
+-------+------------------------------------------------+----------------------------------------------+---------------------------------------------------+---------------------------------------------------+--------------+------------+------------+
; 0.454 ; Data_for_register_1:inst|bit_index[2]          ; Data_for_register_1:inst|bit_index[2]        ; inst1|altpll_component|auto_generated|pll1|clk[0] ; inst1|altpll_component|auto_generated|pll1|clk[0] ; 0.000        ; 0.080      ; 0.746      ;
; 0.454 ; Data_for_register_1:inst|bit_index[3]          ; Data_for_register_1:inst|bit_index[3]        ; inst1|altpll_component|auto_generated|pll1|clk[0] ; inst1|altpll_component|auto_generated|pll1|clk[0] ; 0.000        ; 0.080      ; 0.746      ;
; 0.454 ; Data_for_register_1:inst|bit_index[1]          ; Data_for_register_1:inst|bit_index[1]        ; inst1|altpll_component|auto_generated|pll1|clk[0] ; inst1|altpll_component|auto_generated|pll1|clk[0] ; 0.000        ; 0.080      ; 0.746      ;
; 0.466 ; Data_for_register_1:inst|bit_index[0]          ; Data_for_register_1:inst|bit_index[0]        ; inst1|altpll_component|auto_generated|pll1|clk[0] ; inst1|altpll_component|auto_generated|pll1|clk[0] ; 0.000        ; 0.080      ; 0.758      ;
; 0.491 ; Data_for_register_1:inst|Phase_data_index[4]   ; Data_for_register_1:inst|Phase_data_index[4] ; inst1|altpll_component|auto_generated|pll1|clk[0] ; inst1|altpll_component|auto_generated|pll1|clk[0] ; 0.000        ; 0.080      ; 0.783      ;
; 0.501 ; Data_for_register_1:inst|current_byte[0]       ; Data_for_register_1:inst|data_outpin_1       ; inst1|altpll_component|auto_generated|pll1|clk[0] ; inst1|altpll_component|auto_generated|pll1|clk[0] ; 0.000        ; 0.080      ; 0.793      ;
; 0.510 ; Data_for_register_1:inst|bit_index[0]          ; Data_for_register_1:inst|bit_index[2]        ; inst1|altpll_component|auto_generated|pll1|clk[0] ; inst1|altpll_component|auto_generated|pll1|clk[0] ; 0.000        ; 0.080      ; 0.802      ;
; 0.510 ; Data_for_register_1:inst|bit_index[0]          ; Data_for_register_1:inst|bit_index[1]        ; inst1|altpll_component|auto_generated|pll1|clk[0] ; inst1|altpll_component|auto_generated|pll1|clk[0] ; 0.000        ; 0.080      ; 0.802      ;
; 0.511 ; Data_for_register_1:inst|bit_index[0]          ; Data_for_register_1:inst|bit_index[3]        ; inst1|altpll_component|auto_generated|pll1|clk[0] ; inst1|altpll_component|auto_generated|pll1|clk[0] ; 0.000        ; 0.080      ; 0.803      ;
; 0.517 ; Data_for_register_1:inst|bit_index[2]          ; Data_for_register_1:inst|bit_index[0]        ; inst1|altpll_component|auto_generated|pll1|clk[0] ; inst1|altpll_component|auto_generated|pll1|clk[0] ; 0.000        ; 0.080      ; 0.809      ;
; 0.646 ; Data_for_register_1:inst|Phase_register[16][0] ; Data_for_register_1:inst|current_byte[0]     ; inst1|altpll_component|auto_generated|pll1|clk[0] ; inst1|altpll_component|auto_generated|pll1|clk[0] ; 0.000        ; 0.080      ; 0.938      ;
; 0.739 ; Data_for_register_1:inst|Phase_data_index[3]   ; Data_for_register_1:inst|Phase_data_index[3] ; inst1|altpll_component|auto_generated|pll1|clk[0] ; inst1|altpll_component|auto_generated|pll1|clk[0] ; 0.000        ; 0.080      ; 1.031      ;
; 0.740 ; Data_for_register_1:inst|Phase_data_index[1]   ; Data_for_register_1:inst|Phase_data_index[1] ; inst1|altpll_component|auto_generated|pll1|clk[0] ; inst1|altpll_component|auto_generated|pll1|clk[0] ; 0.000        ; 0.080      ; 1.032      ;
; 0.742 ; Data_for_register_1:inst|Phase_data_index[2]   ; Data_for_register_1:inst|Phase_data_index[2] ; inst1|altpll_component|auto_generated|pll1|clk[0] ; inst1|altpll_component|auto_generated|pll1|clk[0] ; 0.000        ; 0.080      ; 1.034      ;
; 0.754 ; Data_for_register_1:inst|Phase_data_index[4]   ; Data_for_register_1:inst|current_byte[0]     ; inst1|altpll_component|auto_generated|pll1|clk[0] ; inst1|altpll_component|auto_generated|pll1|clk[0] ; 0.000        ; 0.080      ; 1.046      ;
; 0.762 ; Data_for_register_1:inst|bit_index[2]          ; Data_for_register_1:inst|bit_index[3]        ; inst1|altpll_component|auto_generated|pll1|clk[0] ; inst1|altpll_component|auto_generated|pll1|clk[0] ; 0.000        ; 0.080      ; 1.054      ;
; 0.765 ; Data_for_register_1:inst|Phase_data_index[0]   ; Data_for_register_1:inst|Phase_data_index[0] ; inst1|altpll_component|auto_generated|pll1|clk[0] ; inst1|altpll_component|auto_generated|pll1|clk[0] ; 0.000        ; 0.080      ; 1.057      ;
; 0.782 ; Data_for_register_1:inst|bit_index[1]          ; Data_for_register_1:inst|bit_index[2]        ; inst1|altpll_component|auto_generated|pll1|clk[0] ; inst1|altpll_component|auto_generated|pll1|clk[0] ; 0.000        ; 0.080      ; 1.074      ;
; 0.783 ; Data_for_register_1:inst|bit_index[1]          ; Data_for_register_1:inst|bit_index[3]        ; inst1|altpll_component|auto_generated|pll1|clk[0] ; inst1|altpll_component|auto_generated|pll1|clk[0] ; 0.000        ; 0.080      ; 1.075      ;
; 0.785 ; Data_for_register_1:inst|bit_index[3]          ; Data_for_register_1:inst|data_outpin_1       ; inst1|altpll_component|auto_generated|pll1|clk[0] ; inst1|altpll_component|auto_generated|pll1|clk[0] ; 0.000        ; 0.080      ; 1.077      ;
; 0.845 ; Data_for_register_1:inst|bit_index[1]          ; Data_for_register_1:inst|bit_index[0]        ; inst1|altpll_component|auto_generated|pll1|clk[0] ; inst1|altpll_component|auto_generated|pll1|clk[0] ; 0.000        ; 0.080      ; 1.137      ;
; 0.861 ; Data_for_register_1:inst|bit_index[3]          ; Data_for_register_1:inst|bit_index[0]        ; inst1|altpll_component|auto_generated|pll1|clk[0] ; inst1|altpll_component|auto_generated|pll1|clk[0] ; 0.000        ; 0.080      ; 1.153      ;
; 1.094 ; Data_for_register_1:inst|Phase_data_index[3]   ; Data_for_register_1:inst|Phase_data_index[4] ; inst1|altpll_component|auto_generated|pll1|clk[0] ; inst1|altpll_component|auto_generated|pll1|clk[0] ; 0.000        ; 0.080      ; 1.386      ;
; 1.094 ; Data_for_register_1:inst|Phase_data_index[1]   ; Data_for_register_1:inst|Phase_data_index[2] ; inst1|altpll_component|auto_generated|pll1|clk[0] ; inst1|altpll_component|auto_generated|pll1|clk[0] ; 0.000        ; 0.080      ; 1.386      ;
; 1.103 ; Data_for_register_1:inst|Phase_data_index[2]   ; Data_for_register_1:inst|Phase_data_index[3] ; inst1|altpll_component|auto_generated|pll1|clk[0] ; inst1|altpll_component|auto_generated|pll1|clk[0] ; 0.000        ; 0.080      ; 1.395      ;
; 1.103 ; Data_for_register_1:inst|Phase_data_index[0]   ; Data_for_register_1:inst|Phase_data_index[1] ; inst1|altpll_component|auto_generated|pll1|clk[0] ; inst1|altpll_component|auto_generated|pll1|clk[0] ; 0.000        ; 0.080      ; 1.395      ;
; 1.112 ; Data_for_register_1:inst|Phase_data_index[2]   ; Data_for_register_1:inst|Phase_data_index[4] ; inst1|altpll_component|auto_generated|pll1|clk[0] ; inst1|altpll_component|auto_generated|pll1|clk[0] ; 0.000        ; 0.080      ; 1.404      ;
; 1.112 ; Data_for_register_1:inst|Phase_data_index[0]   ; Data_for_register_1:inst|Phase_data_index[2] ; inst1|altpll_component|auto_generated|pll1|clk[0] ; inst1|altpll_component|auto_generated|pll1|clk[0] ; 0.000        ; 0.080      ; 1.404      ;
; 1.225 ; Data_for_register_1:inst|Phase_data_index[1]   ; Data_for_register_1:inst|Phase_data_index[3] ; inst1|altpll_component|auto_generated|pll1|clk[0] ; inst1|altpll_component|auto_generated|pll1|clk[0] ; 0.000        ; 0.080      ; 1.517      ;
; 1.234 ; Data_for_register_1:inst|Phase_data_index[1]   ; Data_for_register_1:inst|Phase_data_index[4] ; inst1|altpll_component|auto_generated|pll1|clk[0] ; inst1|altpll_component|auto_generated|pll1|clk[0] ; 0.000        ; 0.080      ; 1.526      ;
; 1.243 ; Data_for_register_1:inst|Phase_data_index[0]   ; Data_for_register_1:inst|Phase_data_index[3] ; inst1|altpll_component|auto_generated|pll1|clk[0] ; inst1|altpll_component|auto_generated|pll1|clk[0] ; 0.000        ; 0.080      ; 1.535      ;
; 1.252 ; Data_for_register_1:inst|Phase_data_index[0]   ; Data_for_register_1:inst|Phase_data_index[4] ; inst1|altpll_component|auto_generated|pll1|clk[0] ; inst1|altpll_component|auto_generated|pll1|clk[0] ; 0.000        ; 0.080      ; 1.544      ;
; 1.530 ; Data_for_register_1:inst|bit_index[2]          ; Data_for_register_1:inst|Phase_data_index[4] ; inst1|altpll_component|auto_generated|pll1|clk[0] ; inst1|altpll_component|auto_generated|pll1|clk[0] ; 0.000        ; 0.080      ; 1.822      ;
; 1.530 ; Data_for_register_1:inst|bit_index[2]          ; Data_for_register_1:inst|Phase_data_index[3] ; inst1|altpll_component|auto_generated|pll1|clk[0] ; inst1|altpll_component|auto_generated|pll1|clk[0] ; 0.000        ; 0.080      ; 1.822      ;
; 1.530 ; Data_for_register_1:inst|bit_index[2]          ; Data_for_register_1:inst|Phase_data_index[2] ; inst1|altpll_component|auto_generated|pll1|clk[0] ; inst1|altpll_component|auto_generated|pll1|clk[0] ; 0.000        ; 0.080      ; 1.822      ;
; 1.530 ; Data_for_register_1:inst|bit_index[2]          ; Data_for_register_1:inst|Phase_data_index[1] ; inst1|altpll_component|auto_generated|pll1|clk[0] ; inst1|altpll_component|auto_generated|pll1|clk[0] ; 0.000        ; 0.080      ; 1.822      ;
; 1.530 ; Data_for_register_1:inst|bit_index[2]          ; Data_for_register_1:inst|Phase_data_index[0] ; inst1|altpll_component|auto_generated|pll1|clk[0] ; inst1|altpll_component|auto_generated|pll1|clk[0] ; 0.000        ; 0.080      ; 1.822      ;
; 1.879 ; Data_for_register_1:inst|bit_index[1]          ; Data_for_register_1:inst|Phase_data_index[4] ; inst1|altpll_component|auto_generated|pll1|clk[0] ; inst1|altpll_component|auto_generated|pll1|clk[0] ; 0.000        ; 0.080      ; 2.171      ;
; 1.879 ; Data_for_register_1:inst|bit_index[1]          ; Data_for_register_1:inst|Phase_data_index[3] ; inst1|altpll_component|auto_generated|pll1|clk[0] ; inst1|altpll_component|auto_generated|pll1|clk[0] ; 0.000        ; 0.080      ; 2.171      ;
; 1.879 ; Data_for_register_1:inst|bit_index[1]          ; Data_for_register_1:inst|Phase_data_index[2] ; inst1|altpll_component|auto_generated|pll1|clk[0] ; inst1|altpll_component|auto_generated|pll1|clk[0] ; 0.000        ; 0.080      ; 2.171      ;
; 1.879 ; Data_for_register_1:inst|bit_index[1]          ; Data_for_register_1:inst|Phase_data_index[1] ; inst1|altpll_component|auto_generated|pll1|clk[0] ; inst1|altpll_component|auto_generated|pll1|clk[0] ; 0.000        ; 0.080      ; 2.171      ;
; 1.879 ; Data_for_register_1:inst|bit_index[1]          ; Data_for_register_1:inst|Phase_data_index[0] ; inst1|altpll_component|auto_generated|pll1|clk[0] ; inst1|altpll_component|auto_generated|pll1|clk[0] ; 0.000        ; 0.080      ; 2.171      ;
; 1.902 ; Data_for_register_1:inst|bit_index[3]          ; Data_for_register_1:inst|Phase_data_index[4] ; inst1|altpll_component|auto_generated|pll1|clk[0] ; inst1|altpll_component|auto_generated|pll1|clk[0] ; 0.000        ; 0.080      ; 2.194      ;
; 1.902 ; Data_for_register_1:inst|bit_index[3]          ; Data_for_register_1:inst|Phase_data_index[3] ; inst1|altpll_component|auto_generated|pll1|clk[0] ; inst1|altpll_component|auto_generated|pll1|clk[0] ; 0.000        ; 0.080      ; 2.194      ;
; 1.902 ; Data_for_register_1:inst|bit_index[3]          ; Data_for_register_1:inst|Phase_data_index[2] ; inst1|altpll_component|auto_generated|pll1|clk[0] ; inst1|altpll_component|auto_generated|pll1|clk[0] ; 0.000        ; 0.080      ; 2.194      ;
; 1.902 ; Data_for_register_1:inst|bit_index[3]          ; Data_for_register_1:inst|Phase_data_index[1] ; inst1|altpll_component|auto_generated|pll1|clk[0] ; inst1|altpll_component|auto_generated|pll1|clk[0] ; 0.000        ; 0.080      ; 2.194      ;
; 1.902 ; Data_for_register_1:inst|bit_index[3]          ; Data_for_register_1:inst|Phase_data_index[0] ; inst1|altpll_component|auto_generated|pll1|clk[0] ; inst1|altpll_component|auto_generated|pll1|clk[0] ; 0.000        ; 0.080      ; 2.194      ;
; 1.903 ; Data_for_register_1:inst|bit_index[0]          ; Data_for_register_1:inst|Phase_data_index[4] ; inst1|altpll_component|auto_generated|pll1|clk[0] ; inst1|altpll_component|auto_generated|pll1|clk[0] ; 0.000        ; 0.080      ; 2.195      ;
; 1.903 ; Data_for_register_1:inst|bit_index[0]          ; Data_for_register_1:inst|Phase_data_index[3] ; inst1|altpll_component|auto_generated|pll1|clk[0] ; inst1|altpll_component|auto_generated|pll1|clk[0] ; 0.000        ; 0.080      ; 2.195      ;
; 1.903 ; Data_for_register_1:inst|bit_index[0]          ; Data_for_register_1:inst|Phase_data_index[2] ; inst1|altpll_component|auto_generated|pll1|clk[0] ; inst1|altpll_component|auto_generated|pll1|clk[0] ; 0.000        ; 0.080      ; 2.195      ;
; 1.903 ; Data_for_register_1:inst|bit_index[0]          ; Data_for_register_1:inst|Phase_data_index[1] ; inst1|altpll_component|auto_generated|pll1|clk[0] ; inst1|altpll_component|auto_generated|pll1|clk[0] ; 0.000        ; 0.080      ; 2.195      ;
; 1.903 ; Data_for_register_1:inst|bit_index[0]          ; Data_for_register_1:inst|Phase_data_index[0] ; inst1|altpll_component|auto_generated|pll1|clk[0] ; inst1|altpll_component|auto_generated|pll1|clk[0] ; 0.000        ; 0.080      ; 2.195      ;
+-------+------------------------------------------------+----------------------------------------------+---------------------------------------------------+---------------------------------------------------+--------------+------------+------------+


+-------------------------------------------------------------------------------------------------------------------------------------------------+
; Slow 1200mV 85C Model Minimum Pulse Width: 'CLK_BASE'                                                                                           ;
+--------+--------------+----------------+------------------+----------+------------+-------------------------------------------------------------+
; Slack  ; Actual Width ; Required Width ; Type             ; Clock    ; Clock Edge ; Target                                                      ;
+--------+--------------+----------------+------------------+----------+------------+-------------------------------------------------------------+
; 9.934  ; 9.934        ; 0.000          ; Low Pulse Width  ; CLK_BASE ; Rise       ; inst1|altpll_component|auto_generated|pll1|clk[0]           ;
; 9.934  ; 9.934        ; 0.000          ; Low Pulse Width  ; CLK_BASE ; Rise       ; inst1|altpll_component|auto_generated|pll1|clk[1]           ;
; 9.934  ; 9.934        ; 0.000          ; Low Pulse Width  ; CLK_BASE ; Rise       ; inst1|altpll_component|auto_generated|pll1|observablevcoout ;
; 9.954  ; 9.954        ; 0.000          ; Low Pulse Width  ; CLK_BASE ; Rise       ; CLK_BASE~input|o                                            ;
; 9.977  ; 9.977        ; 0.000          ; Low Pulse Width  ; CLK_BASE ; Rise       ; inst1|altpll_component|auto_generated|pll1|inclk[0]         ;
; 10.000 ; 10.000       ; 0.000          ; High Pulse Width ; CLK_BASE ; Rise       ; CLK_BASE~input|i                                            ;
; 10.000 ; 10.000       ; 0.000          ; Low Pulse Width  ; CLK_BASE ; Rise       ; CLK_BASE~input|i                                            ;
; 10.022 ; 10.022       ; 0.000          ; High Pulse Width ; CLK_BASE ; Rise       ; inst1|altpll_component|auto_generated|pll1|inclk[0]         ;
; 10.046 ; 10.046       ; 0.000          ; High Pulse Width ; CLK_BASE ; Rise       ; CLK_BASE~input|o                                            ;
; 10.066 ; 10.066       ; 0.000          ; High Pulse Width ; CLK_BASE ; Rise       ; inst1|altpll_component|auto_generated|pll1|clk[0]           ;
; 10.066 ; 10.066       ; 0.000          ; High Pulse Width ; CLK_BASE ; Rise       ; inst1|altpll_component|auto_generated|pll1|clk[1]           ;
; 10.066 ; 10.066       ; 0.000          ; High Pulse Width ; CLK_BASE ; Rise       ; inst1|altpll_component|auto_generated|pll1|observablevcoout ;
; 16.000 ; 20.000       ; 4.000          ; Port Rate        ; CLK_BASE ; Rise       ; CLK_BASE                                                    ;
+--------+--------------+----------------+------------------+----------+------------+-------------------------------------------------------------+


+------------------------------------------------------------------------------------------------------------------------------------------------------------------------------------------------------+
; Slow 1200mV 85C Model Minimum Pulse Width: 'inst1|altpll_component|auto_generated|pll1|clk[0]'                                                                                                       ;
+--------+--------------+----------------+------------------+---------------------------------------------------+------------+-------------------------------------------------------------------------+
; Slack  ; Actual Width ; Required Width ; Type             ; Clock                                             ; Clock Edge ; Target                                                                  ;
+--------+--------------+----------------+------------------+---------------------------------------------------+------------+-------------------------------------------------------------------------+
; 43.127 ; 43.347       ; 0.220          ; High Pulse Width ; inst1|altpll_component|auto_generated|pll1|clk[0] ; Rise       ; Data_for_register_1:inst|Phase_data_index[0]                            ;
; 43.127 ; 43.347       ; 0.220          ; High Pulse Width ; inst1|altpll_component|auto_generated|pll1|clk[0] ; Rise       ; Data_for_register_1:inst|Phase_data_index[1]                            ;
; 43.127 ; 43.347       ; 0.220          ; High Pulse Width ; inst1|altpll_component|auto_generated|pll1|clk[0] ; Rise       ; Data_for_register_1:inst|Phase_data_index[2]                            ;
; 43.127 ; 43.347       ; 0.220          ; High Pulse Width ; inst1|altpll_component|auto_generated|pll1|clk[0] ; Rise       ; Data_for_register_1:inst|Phase_data_index[3]                            ;
; 43.127 ; 43.347       ; 0.220          ; High Pulse Width ; inst1|altpll_component|auto_generated|pll1|clk[0] ; Rise       ; Data_for_register_1:inst|Phase_data_index[4]                            ;
; 43.127 ; 43.347       ; 0.220          ; High Pulse Width ; inst1|altpll_component|auto_generated|pll1|clk[0] ; Rise       ; Data_for_register_1:inst|Phase_register[16][0]                          ;
; 43.127 ; 43.347       ; 0.220          ; High Pulse Width ; inst1|altpll_component|auto_generated|pll1|clk[0] ; Rise       ; Data_for_register_1:inst|bit_index[0]                                   ;
; 43.127 ; 43.347       ; 0.220          ; High Pulse Width ; inst1|altpll_component|auto_generated|pll1|clk[0] ; Rise       ; Data_for_register_1:inst|bit_index[1]                                   ;
; 43.127 ; 43.347       ; 0.220          ; High Pulse Width ; inst1|altpll_component|auto_generated|pll1|clk[0] ; Rise       ; Data_for_register_1:inst|bit_index[2]                                   ;
; 43.127 ; 43.347       ; 0.220          ; High Pulse Width ; inst1|altpll_component|auto_generated|pll1|clk[0] ; Rise       ; Data_for_register_1:inst|bit_index[3]                                   ;
; 43.127 ; 43.347       ; 0.220          ; High Pulse Width ; inst1|altpll_component|auto_generated|pll1|clk[0] ; Rise       ; Data_for_register_1:inst|current_byte[0]                                ;
; 43.127 ; 43.347       ; 0.220          ; High Pulse Width ; inst1|altpll_component|auto_generated|pll1|clk[0] ; Rise       ; Data_for_register_1:inst|data_outpin_1                                  ;
; 43.271 ; 43.459       ; 0.188          ; Low Pulse Width  ; inst1|altpll_component|auto_generated|pll1|clk[0] ; Rise       ; Data_for_register_1:inst|Phase_data_index[0]                            ;
; 43.271 ; 43.459       ; 0.188          ; Low Pulse Width  ; inst1|altpll_component|auto_generated|pll1|clk[0] ; Rise       ; Data_for_register_1:inst|Phase_data_index[1]                            ;
; 43.271 ; 43.459       ; 0.188          ; Low Pulse Width  ; inst1|altpll_component|auto_generated|pll1|clk[0] ; Rise       ; Data_for_register_1:inst|Phase_data_index[2]                            ;
; 43.271 ; 43.459       ; 0.188          ; Low Pulse Width  ; inst1|altpll_component|auto_generated|pll1|clk[0] ; Rise       ; Data_for_register_1:inst|Phase_data_index[3]                            ;
; 43.271 ; 43.459       ; 0.188          ; Low Pulse Width  ; inst1|altpll_component|auto_generated|pll1|clk[0] ; Rise       ; Data_for_register_1:inst|Phase_data_index[4]                            ;
; 43.271 ; 43.459       ; 0.188          ; Low Pulse Width  ; inst1|altpll_component|auto_generated|pll1|clk[0] ; Rise       ; Data_for_register_1:inst|Phase_register[16][0]                          ;
; 43.271 ; 43.459       ; 0.188          ; Low Pulse Width  ; inst1|altpll_component|auto_generated|pll1|clk[0] ; Rise       ; Data_for_register_1:inst|bit_index[0]                                   ;
; 43.271 ; 43.459       ; 0.188          ; Low Pulse Width  ; inst1|altpll_component|auto_generated|pll1|clk[0] ; Rise       ; Data_for_register_1:inst|bit_index[1]                                   ;
; 43.271 ; 43.459       ; 0.188          ; Low Pulse Width  ; inst1|altpll_component|auto_generated|pll1|clk[0] ; Rise       ; Data_for_register_1:inst|bit_index[2]                                   ;
; 43.271 ; 43.459       ; 0.188          ; Low Pulse Width  ; inst1|altpll_component|auto_generated|pll1|clk[0] ; Rise       ; Data_for_register_1:inst|bit_index[3]                                   ;
; 43.271 ; 43.459       ; 0.188          ; Low Pulse Width  ; inst1|altpll_component|auto_generated|pll1|clk[0] ; Rise       ; Data_for_register_1:inst|current_byte[0]                                ;
; 43.271 ; 43.459       ; 0.188          ; Low Pulse Width  ; inst1|altpll_component|auto_generated|pll1|clk[0] ; Rise       ; Data_for_register_1:inst|data_outpin_1                                  ;
; 43.371 ; 43.371       ; 0.000          ; High Pulse Width ; inst1|altpll_component|auto_generated|pll1|clk[0] ; Rise       ; inst1|altpll_component|auto_generated|wire_pll1_clk[0]~clkctrl|inclk[0] ;
; 43.371 ; 43.371       ; 0.000          ; High Pulse Width ; inst1|altpll_component|auto_generated|pll1|clk[0] ; Rise       ; inst1|altpll_component|auto_generated|wire_pll1_clk[0]~clkctrl|outclk   ;
; 43.396 ; 43.396       ; 0.000          ; High Pulse Width ; inst1|altpll_component|auto_generated|pll1|clk[0] ; Rise       ; inst|Phase_data_index[0]|clk                                            ;
; 43.396 ; 43.396       ; 0.000          ; High Pulse Width ; inst1|altpll_component|auto_generated|pll1|clk[0] ; Rise       ; inst|Phase_data_index[1]|clk                                            ;
; 43.396 ; 43.396       ; 0.000          ; High Pulse Width ; inst1|altpll_component|auto_generated|pll1|clk[0] ; Rise       ; inst|Phase_data_index[2]|clk                                            ;
; 43.396 ; 43.396       ; 0.000          ; High Pulse Width ; inst1|altpll_component|auto_generated|pll1|clk[0] ; Rise       ; inst|Phase_data_index[3]|clk                                            ;
; 43.396 ; 43.396       ; 0.000          ; High Pulse Width ; inst1|altpll_component|auto_generated|pll1|clk[0] ; Rise       ; inst|Phase_data_index[4]|clk                                            ;
; 43.396 ; 43.396       ; 0.000          ; High Pulse Width ; inst1|altpll_component|auto_generated|pll1|clk[0] ; Rise       ; inst|Phase_register[16][0]|clk                                          ;
; 43.396 ; 43.396       ; 0.000          ; High Pulse Width ; inst1|altpll_component|auto_generated|pll1|clk[0] ; Rise       ; inst|bit_index[0]|clk                                                   ;
; 43.396 ; 43.396       ; 0.000          ; High Pulse Width ; inst1|altpll_component|auto_generated|pll1|clk[0] ; Rise       ; inst|bit_index[1]|clk                                                   ;
; 43.396 ; 43.396       ; 0.000          ; High Pulse Width ; inst1|altpll_component|auto_generated|pll1|clk[0] ; Rise       ; inst|bit_index[2]|clk                                                   ;
; 43.396 ; 43.396       ; 0.000          ; High Pulse Width ; inst1|altpll_component|auto_generated|pll1|clk[0] ; Rise       ; inst|bit_index[3]|clk                                                   ;
; 43.396 ; 43.396       ; 0.000          ; High Pulse Width ; inst1|altpll_component|auto_generated|pll1|clk[0] ; Rise       ; inst|current_byte[0]|clk                                                ;
; 43.396 ; 43.396       ; 0.000          ; High Pulse Width ; inst1|altpll_component|auto_generated|pll1|clk[0] ; Rise       ; inst|data_outpin_1|clk                                                  ;
; 43.411 ; 43.411       ; 0.000          ; Low Pulse Width  ; inst1|altpll_component|auto_generated|pll1|clk[0] ; Rise       ; inst|Phase_data_index[0]|clk                                            ;
; 43.411 ; 43.411       ; 0.000          ; Low Pulse Width  ; inst1|altpll_component|auto_generated|pll1|clk[0] ; Rise       ; inst|Phase_data_index[1]|clk                                            ;
; 43.411 ; 43.411       ; 0.000          ; Low Pulse Width  ; inst1|altpll_component|auto_generated|pll1|clk[0] ; Rise       ; inst|Phase_data_index[2]|clk                                            ;
; 43.411 ; 43.411       ; 0.000          ; Low Pulse Width  ; inst1|altpll_component|auto_generated|pll1|clk[0] ; Rise       ; inst|Phase_data_index[3]|clk                                            ;
; 43.411 ; 43.411       ; 0.000          ; Low Pulse Width  ; inst1|altpll_component|auto_generated|pll1|clk[0] ; Rise       ; inst|Phase_data_index[4]|clk                                            ;
; 43.411 ; 43.411       ; 0.000          ; Low Pulse Width  ; inst1|altpll_component|auto_generated|pll1|clk[0] ; Rise       ; inst|Phase_register[16][0]|clk                                          ;
; 43.411 ; 43.411       ; 0.000          ; Low Pulse Width  ; inst1|altpll_component|auto_generated|pll1|clk[0] ; Rise       ; inst|bit_index[0]|clk                                                   ;
; 43.411 ; 43.411       ; 0.000          ; Low Pulse Width  ; inst1|altpll_component|auto_generated|pll1|clk[0] ; Rise       ; inst|bit_index[1]|clk                                                   ;
; 43.411 ; 43.411       ; 0.000          ; Low Pulse Width  ; inst1|altpll_component|auto_generated|pll1|clk[0] ; Rise       ; inst|bit_index[2]|clk                                                   ;
; 43.411 ; 43.411       ; 0.000          ; Low Pulse Width  ; inst1|altpll_component|auto_generated|pll1|clk[0] ; Rise       ; inst|bit_index[3]|clk                                                   ;
; 43.411 ; 43.411       ; 0.000          ; Low Pulse Width  ; inst1|altpll_component|auto_generated|pll1|clk[0] ; Rise       ; inst|current_byte[0]|clk                                                ;
; 43.411 ; 43.411       ; 0.000          ; Low Pulse Width  ; inst1|altpll_component|auto_generated|pll1|clk[0] ; Rise       ; inst|data_outpin_1|clk                                                  ;
; 43.435 ; 43.435       ; 0.000          ; Low Pulse Width  ; inst1|altpll_component|auto_generated|pll1|clk[0] ; Rise       ; inst1|altpll_component|auto_generated|wire_pll1_clk[0]~clkctrl|inclk[0] ;
; 43.435 ; 43.435       ; 0.000          ; Low Pulse Width  ; inst1|altpll_component|auto_generated|pll1|clk[0] ; Rise       ; inst1|altpll_component|auto_generated|wire_pll1_clk[0]~clkctrl|outclk   ;
; 84.321 ; 86.808       ; 2.487          ; Min Period       ; inst1|altpll_component|auto_generated|pll1|clk[0] ; Rise       ; Data_for_register_1:inst|Phase_data_index[0]                            ;
; 84.321 ; 86.808       ; 2.487          ; Min Period       ; inst1|altpll_component|auto_generated|pll1|clk[0] ; Rise       ; Data_for_register_1:inst|Phase_data_index[1]                            ;
; 84.321 ; 86.808       ; 2.487          ; Min Period       ; inst1|altpll_component|auto_generated|pll1|clk[0] ; Rise       ; Data_for_register_1:inst|Phase_data_index[2]                            ;
; 84.321 ; 86.808       ; 2.487          ; Min Period       ; inst1|altpll_component|auto_generated|pll1|clk[0] ; Rise       ; Data_for_register_1:inst|Phase_data_index[3]                            ;
; 84.321 ; 86.808       ; 2.487          ; Min Period       ; inst1|altpll_component|auto_generated|pll1|clk[0] ; Rise       ; Data_for_register_1:inst|Phase_data_index[4]                            ;
; 84.321 ; 86.808       ; 2.487          ; Min Period       ; inst1|altpll_component|auto_generated|pll1|clk[0] ; Rise       ; Data_for_register_1:inst|Phase_register[16][0]                          ;
; 84.321 ; 86.808       ; 2.487          ; Min Period       ; inst1|altpll_component|auto_generated|pll1|clk[0] ; Rise       ; Data_for_register_1:inst|bit_index[0]                                   ;
; 84.321 ; 86.808       ; 2.487          ; Min Period       ; inst1|altpll_component|auto_generated|pll1|clk[0] ; Rise       ; Data_for_register_1:inst|bit_index[1]                                   ;
; 84.321 ; 86.808       ; 2.487          ; Min Period       ; inst1|altpll_component|auto_generated|pll1|clk[0] ; Rise       ; Data_for_register_1:inst|bit_index[2]                                   ;
; 84.321 ; 86.808       ; 2.487          ; Min Period       ; inst1|altpll_component|auto_generated|pll1|clk[0] ; Rise       ; Data_for_register_1:inst|bit_index[3]                                   ;
; 84.321 ; 86.808       ; 2.487          ; Min Period       ; inst1|altpll_component|auto_generated|pll1|clk[0] ; Rise       ; Data_for_register_1:inst|current_byte[0]                                ;
; 84.321 ; 86.808       ; 2.487          ; Min Period       ; inst1|altpll_component|auto_generated|pll1|clk[0] ; Rise       ; Data_for_register_1:inst|data_outpin_1                                  ;
+--------+--------------+----------------+------------------+---------------------------------------------------+------------+-------------------------------------------------------------------------+


+-------------------------------------------------------------------------------------------------------------+
; Clock to Output Times                                                                                       ;
+---------------+------------+-------+-------+------------+---------------------------------------------------+
; Data Port     ; Clock Port ; Rise  ; Fall  ; Clock Edge ; Clock Reference                                   ;
+---------------+------------+-------+-------+------------+---------------------------------------------------+
; DATA[*]       ; CLK_BASE   ; 4.486 ; 4.394 ; Rise       ; inst1|altpll_component|auto_generated|pll1|clk[0] ;
;  DATA[0]      ; CLK_BASE   ; 4.486 ; 4.394 ; Rise       ; inst1|altpll_component|auto_generated|pll1|clk[0] ;
; SHIFT_CLOCK_1 ; CLK_BASE   ; 3.244 ;       ; Rise       ; inst1|altpll_component|auto_generated|pll1|clk[0] ;
; SHIFT_CLOCK_1 ; CLK_BASE   ;       ; 3.199 ; Fall       ; inst1|altpll_component|auto_generated|pll1|clk[0] ;
; LATCH_CLOCK_1 ; CLK_BASE   ; 3.247 ;       ; Rise       ; inst1|altpll_component|auto_generated|pll1|clk[1] ;
; LATCH_CLOCK_1 ; CLK_BASE   ;       ; 3.203 ; Fall       ; inst1|altpll_component|auto_generated|pll1|clk[1] ;
+---------------+------------+-------+-------+------------+---------------------------------------------------+


+-------------------------------------------------------------------------------------------------------------+
; Minimum Clock to Output Times                                                                               ;
+---------------+------------+-------+-------+------------+---------------------------------------------------+
; Data Port     ; Clock Port ; Rise  ; Fall  ; Clock Edge ; Clock Reference                                   ;
+---------------+------------+-------+-------+------------+---------------------------------------------------+
; DATA[*]       ; CLK_BASE   ; 3.929 ; 3.839 ; Rise       ; inst1|altpll_component|auto_generated|pll1|clk[0] ;
;  DATA[0]      ; CLK_BASE   ; 3.929 ; 3.839 ; Rise       ; inst1|altpll_component|auto_generated|pll1|clk[0] ;
; SHIFT_CLOCK_1 ; CLK_BASE   ; 2.746 ;       ; Rise       ; inst1|altpll_component|auto_generated|pll1|clk[0] ;
; SHIFT_CLOCK_1 ; CLK_BASE   ;       ; 2.704 ; Fall       ; inst1|altpll_component|auto_generated|pll1|clk[0] ;
; LATCH_CLOCK_1 ; CLK_BASE   ; 2.749 ;       ; Rise       ; inst1|altpll_component|auto_generated|pll1|clk[1] ;
; LATCH_CLOCK_1 ; CLK_BASE   ;       ; 2.707 ; Fall       ; inst1|altpll_component|auto_generated|pll1|clk[1] ;
+---------------+------------+-------+-------+------------+---------------------------------------------------+


----------------------------------------------
; Slow 1200mV 85C Model Metastability Report ;
----------------------------------------------
No synchronizer chains to report.


+-----------------------------------------------------------------------------------------------------------------------------------+
; Slow 1200mV 0C Model Fmax Summary                                                                                                 ;
+------------+-----------------+---------------------------------------------------+------------------------------------------------+
; Fmax       ; Restricted Fmax ; Clock Name                                        ; Note                                           ;
+------------+-----------------+---------------------------------------------------+------------------------------------------------+
; 472.37 MHz ; 402.09 MHz      ; inst1|altpll_component|auto_generated|pll1|clk[0] ; limit due to minimum period restriction (tmin) ;
+------------+-----------------+---------------------------------------------------+------------------------------------------------+
This panel reports FMAX for every clock in the design, regardless of the user-specified clock periods.  FMAX is only computed for paths where the source and destination registers or ports are driven by the same clock.  Paths of different clocks, including generated clocks, are ignored.  For paths between a clock and its inversion, FMAX is computed as if the rising and falling edges are scaled along with FMAX, such that the duty cycle (in terms of a percentage) is maintained. Altera recommends that you always use clock constraints and other slack reports for sign-off analysis.


+----------------------------------------------------------------------------+
; Slow 1200mV 0C Model Setup Summary                                         ;
+---------------------------------------------------+--------+---------------+
; Clock                                             ; Slack  ; End Point TNS ;
+---------------------------------------------------+--------+---------------+
; inst1|altpll_component|auto_generated|pll1|clk[0] ; 84.691 ; 0.000         ;
+---------------------------------------------------+--------+---------------+


+---------------------------------------------------------------------------+
; Slow 1200mV 0C Model Hold Summary                                         ;
+---------------------------------------------------+-------+---------------+
; Clock                                             ; Slack ; End Point TNS ;
+---------------------------------------------------+-------+---------------+
; inst1|altpll_component|auto_generated|pll1|clk[0] ; 0.402 ; 0.000         ;
+---------------------------------------------------+-------+---------------+


-----------------------------------------
; Slow 1200mV 0C Model Recovery Summary ;
-----------------------------------------
No paths to report.


----------------------------------------
; Slow 1200mV 0C Model Removal Summary ;
----------------------------------------
No paths to report.


+----------------------------------------------------------------------------+
; Slow 1200mV 0C Model Minimum Pulse Width Summary                           ;
+---------------------------------------------------+--------+---------------+
; Clock                                             ; Slack  ; End Point TNS ;
+---------------------------------------------------+--------+---------------+
; CLK_BASE                                          ; 9.943  ; 0.000         ;
; inst1|altpll_component|auto_generated|pll1|clk[0] ; 43.124 ; 0.000         ;
+---------------------------------------------------+--------+---------------+


+---------------------------------------------------------------------------------------------------------------------------------------------------------------------------------------------------------------------------------------------------------+
; Slow 1200mV 0C Model Setup: 'inst1|altpll_component|auto_generated|pll1|clk[0]'                                                                                                                                                                         ;
+--------+------------------------------------------------+----------------------------------------------+---------------------------------------------------+---------------------------------------------------+--------------+------------+------------+
; Slack  ; From Node                                      ; To Node                                      ; Launch Clock                                      ; Latch Clock                                       ; Relationship ; Clock Skew ; Data Delay ;
+--------+------------------------------------------------+----------------------------------------------+---------------------------------------------------+---------------------------------------------------+--------------+------------+------------+
; 84.691 ; Data_for_register_1:inst|bit_index[0]          ; Data_for_register_1:inst|Phase_data_index[4] ; inst1|altpll_component|auto_generated|pll1|clk[0] ; inst1|altpll_component|auto_generated|pll1|clk[0] ; 86.808       ; -0.072     ; 2.047      ;
; 84.691 ; Data_for_register_1:inst|bit_index[0]          ; Data_for_register_1:inst|Phase_data_index[3] ; inst1|altpll_component|auto_generated|pll1|clk[0] ; inst1|altpll_component|auto_generated|pll1|clk[0] ; 86.808       ; -0.072     ; 2.047      ;
; 84.691 ; Data_for_register_1:inst|bit_index[0]          ; Data_for_register_1:inst|Phase_data_index[2] ; inst1|altpll_component|auto_generated|pll1|clk[0] ; inst1|altpll_component|auto_generated|pll1|clk[0] ; 86.808       ; -0.072     ; 2.047      ;
; 84.691 ; Data_for_register_1:inst|bit_index[0]          ; Data_for_register_1:inst|Phase_data_index[1] ; inst1|altpll_component|auto_generated|pll1|clk[0] ; inst1|altpll_component|auto_generated|pll1|clk[0] ; 86.808       ; -0.072     ; 2.047      ;
; 84.691 ; Data_for_register_1:inst|bit_index[0]          ; Data_for_register_1:inst|Phase_data_index[0] ; inst1|altpll_component|auto_generated|pll1|clk[0] ; inst1|altpll_component|auto_generated|pll1|clk[0] ; 86.808       ; -0.072     ; 2.047      ;
; 84.753 ; Data_for_register_1:inst|bit_index[3]          ; Data_for_register_1:inst|Phase_data_index[4] ; inst1|altpll_component|auto_generated|pll1|clk[0] ; inst1|altpll_component|auto_generated|pll1|clk[0] ; 86.808       ; -0.072     ; 1.985      ;
; 84.753 ; Data_for_register_1:inst|bit_index[3]          ; Data_for_register_1:inst|Phase_data_index[3] ; inst1|altpll_component|auto_generated|pll1|clk[0] ; inst1|altpll_component|auto_generated|pll1|clk[0] ; 86.808       ; -0.072     ; 1.985      ;
; 84.753 ; Data_for_register_1:inst|bit_index[3]          ; Data_for_register_1:inst|Phase_data_index[2] ; inst1|altpll_component|auto_generated|pll1|clk[0] ; inst1|altpll_component|auto_generated|pll1|clk[0] ; 86.808       ; -0.072     ; 1.985      ;
; 84.753 ; Data_for_register_1:inst|bit_index[3]          ; Data_for_register_1:inst|Phase_data_index[1] ; inst1|altpll_component|auto_generated|pll1|clk[0] ; inst1|altpll_component|auto_generated|pll1|clk[0] ; 86.808       ; -0.072     ; 1.985      ;
; 84.753 ; Data_for_register_1:inst|bit_index[3]          ; Data_for_register_1:inst|Phase_data_index[0] ; inst1|altpll_component|auto_generated|pll1|clk[0] ; inst1|altpll_component|auto_generated|pll1|clk[0] ; 86.808       ; -0.072     ; 1.985      ;
; 84.758 ; Data_for_register_1:inst|bit_index[1]          ; Data_for_register_1:inst|Phase_data_index[4] ; inst1|altpll_component|auto_generated|pll1|clk[0] ; inst1|altpll_component|auto_generated|pll1|clk[0] ; 86.808       ; -0.072     ; 1.980      ;
; 84.758 ; Data_for_register_1:inst|bit_index[1]          ; Data_for_register_1:inst|Phase_data_index[3] ; inst1|altpll_component|auto_generated|pll1|clk[0] ; inst1|altpll_component|auto_generated|pll1|clk[0] ; 86.808       ; -0.072     ; 1.980      ;
; 84.758 ; Data_for_register_1:inst|bit_index[1]          ; Data_for_register_1:inst|Phase_data_index[2] ; inst1|altpll_component|auto_generated|pll1|clk[0] ; inst1|altpll_component|auto_generated|pll1|clk[0] ; 86.808       ; -0.072     ; 1.980      ;
; 84.758 ; Data_for_register_1:inst|bit_index[1]          ; Data_for_register_1:inst|Phase_data_index[1] ; inst1|altpll_component|auto_generated|pll1|clk[0] ; inst1|altpll_component|auto_generated|pll1|clk[0] ; 86.808       ; -0.072     ; 1.980      ;
; 84.758 ; Data_for_register_1:inst|bit_index[1]          ; Data_for_register_1:inst|Phase_data_index[0] ; inst1|altpll_component|auto_generated|pll1|clk[0] ; inst1|altpll_component|auto_generated|pll1|clk[0] ; 86.808       ; -0.072     ; 1.980      ;
; 84.863 ; Data_for_register_1:inst|Phase_data_index[1]   ; Data_for_register_1:inst|Phase_data_index[4] ; inst1|altpll_component|auto_generated|pll1|clk[0] ; inst1|altpll_component|auto_generated|pll1|clk[0] ; 86.808       ; -0.072     ; 1.875      ;
; 84.942 ; Data_for_register_1:inst|Phase_data_index[0]   ; Data_for_register_1:inst|Phase_data_index[3] ; inst1|altpll_component|auto_generated|pll1|clk[0] ; inst1|altpll_component|auto_generated|pll1|clk[0] ; 86.808       ; -0.072     ; 1.796      ;
; 84.953 ; Data_for_register_1:inst|Phase_data_index[0]   ; Data_for_register_1:inst|Phase_data_index[4] ; inst1|altpll_component|auto_generated|pll1|clk[0] ; inst1|altpll_component|auto_generated|pll1|clk[0] ; 86.808       ; -0.072     ; 1.785      ;
; 84.989 ; Data_for_register_1:inst|Phase_data_index[1]   ; Data_for_register_1:inst|Phase_data_index[2] ; inst1|altpll_component|auto_generated|pll1|clk[0] ; inst1|altpll_component|auto_generated|pll1|clk[0] ; 86.808       ; -0.072     ; 1.749      ;
; 84.993 ; Data_for_register_1:inst|Phase_data_index[3]   ; Data_for_register_1:inst|Phase_data_index[4] ; inst1|altpll_component|auto_generated|pll1|clk[0] ; inst1|altpll_component|auto_generated|pll1|clk[0] ; 86.808       ; -0.072     ; 1.745      ;
; 85.026 ; Data_for_register_1:inst|bit_index[2]          ; Data_for_register_1:inst|Phase_data_index[4] ; inst1|altpll_component|auto_generated|pll1|clk[0] ; inst1|altpll_component|auto_generated|pll1|clk[0] ; 86.808       ; -0.072     ; 1.712      ;
; 85.026 ; Data_for_register_1:inst|bit_index[2]          ; Data_for_register_1:inst|Phase_data_index[3] ; inst1|altpll_component|auto_generated|pll1|clk[0] ; inst1|altpll_component|auto_generated|pll1|clk[0] ; 86.808       ; -0.072     ; 1.712      ;
; 85.026 ; Data_for_register_1:inst|bit_index[2]          ; Data_for_register_1:inst|Phase_data_index[2] ; inst1|altpll_component|auto_generated|pll1|clk[0] ; inst1|altpll_component|auto_generated|pll1|clk[0] ; 86.808       ; -0.072     ; 1.712      ;
; 85.026 ; Data_for_register_1:inst|bit_index[2]          ; Data_for_register_1:inst|Phase_data_index[1] ; inst1|altpll_component|auto_generated|pll1|clk[0] ; inst1|altpll_component|auto_generated|pll1|clk[0] ; 86.808       ; -0.072     ; 1.712      ;
; 85.026 ; Data_for_register_1:inst|bit_index[2]          ; Data_for_register_1:inst|Phase_data_index[0] ; inst1|altpll_component|auto_generated|pll1|clk[0] ; inst1|altpll_component|auto_generated|pll1|clk[0] ; 86.808       ; -0.072     ; 1.712      ;
; 85.028 ; Data_for_register_1:inst|Phase_data_index[1]   ; Data_for_register_1:inst|Phase_data_index[3] ; inst1|altpll_component|auto_generated|pll1|clk[0] ; inst1|altpll_component|auto_generated|pll1|clk[0] ; 86.808       ; -0.072     ; 1.710      ;
; 85.068 ; Data_for_register_1:inst|Phase_data_index[0]   ; Data_for_register_1:inst|Phase_data_index[1] ; inst1|altpll_component|auto_generated|pll1|clk[0] ; inst1|altpll_component|auto_generated|pll1|clk[0] ; 86.808       ; -0.072     ; 1.670      ;
; 85.068 ; Data_for_register_1:inst|Phase_data_index[2]   ; Data_for_register_1:inst|Phase_data_index[3] ; inst1|altpll_component|auto_generated|pll1|clk[0] ; inst1|altpll_component|auto_generated|pll1|clk[0] ; 86.808       ; -0.072     ; 1.670      ;
; 85.079 ; Data_for_register_1:inst|Phase_data_index[2]   ; Data_for_register_1:inst|Phase_data_index[4] ; inst1|altpll_component|auto_generated|pll1|clk[0] ; inst1|altpll_component|auto_generated|pll1|clk[0] ; 86.808       ; -0.072     ; 1.659      ;
; 85.079 ; Data_for_register_1:inst|Phase_data_index[0]   ; Data_for_register_1:inst|Phase_data_index[2] ; inst1|altpll_component|auto_generated|pll1|clk[0] ; inst1|altpll_component|auto_generated|pll1|clk[0] ; 86.808       ; -0.072     ; 1.659      ;
; 85.540 ; Data_for_register_1:inst|bit_index[1]          ; Data_for_register_1:inst|bit_index[0]        ; inst1|altpll_component|auto_generated|pll1|clk[0] ; inst1|altpll_component|auto_generated|pll1|clk[0] ; 86.808       ; -0.072     ; 1.198      ;
; 85.594 ; Data_for_register_1:inst|bit_index[1]          ; Data_for_register_1:inst|bit_index[3]        ; inst1|altpll_component|auto_generated|pll1|clk[0] ; inst1|altpll_component|auto_generated|pll1|clk[0] ; 86.808       ; -0.072     ; 1.144      ;
; 85.599 ; Data_for_register_1:inst|Phase_data_index[0]   ; Data_for_register_1:inst|Phase_data_index[0] ; inst1|altpll_component|auto_generated|pll1|clk[0] ; inst1|altpll_component|auto_generated|pll1|clk[0] ; 86.808       ; -0.072     ; 1.139      ;
; 85.599 ; Data_for_register_1:inst|Phase_data_index[2]   ; Data_for_register_1:inst|Phase_data_index[2] ; inst1|altpll_component|auto_generated|pll1|clk[0] ; inst1|altpll_component|auto_generated|pll1|clk[0] ; 86.808       ; -0.072     ; 1.139      ;
; 85.601 ; Data_for_register_1:inst|bit_index[3]          ; Data_for_register_1:inst|bit_index[0]        ; inst1|altpll_component|auto_generated|pll1|clk[0] ; inst1|altpll_component|auto_generated|pll1|clk[0] ; 86.808       ; -0.072     ; 1.137      ;
; 85.602 ; Data_for_register_1:inst|bit_index[1]          ; Data_for_register_1:inst|bit_index[2]        ; inst1|altpll_component|auto_generated|pll1|clk[0] ; inst1|altpll_component|auto_generated|pll1|clk[0] ; 86.808       ; -0.072     ; 1.136      ;
; 85.612 ; Data_for_register_1:inst|Phase_data_index[1]   ; Data_for_register_1:inst|Phase_data_index[1] ; inst1|altpll_component|auto_generated|pll1|clk[0] ; inst1|altpll_component|auto_generated|pll1|clk[0] ; 86.808       ; -0.072     ; 1.126      ;
; 85.614 ; Data_for_register_1:inst|Phase_data_index[3]   ; Data_for_register_1:inst|Phase_data_index[3] ; inst1|altpll_component|auto_generated|pll1|clk[0] ; inst1|altpll_component|auto_generated|pll1|clk[0] ; 86.808       ; -0.072     ; 1.124      ;
; 85.619 ; Data_for_register_1:inst|Phase_data_index[4]   ; Data_for_register_1:inst|current_byte[0]     ; inst1|altpll_component|auto_generated|pll1|clk[0] ; inst1|altpll_component|auto_generated|pll1|clk[0] ; 86.808       ; -0.072     ; 1.119      ;
; 85.623 ; Data_for_register_1:inst|bit_index[3]          ; Data_for_register_1:inst|data_outpin_1       ; inst1|altpll_component|auto_generated|pll1|clk[0] ; inst1|altpll_component|auto_generated|pll1|clk[0] ; 86.808       ; -0.072     ; 1.115      ;
; 85.625 ; Data_for_register_1:inst|bit_index[2]          ; Data_for_register_1:inst|bit_index[3]        ; inst1|altpll_component|auto_generated|pll1|clk[0] ; inst1|altpll_component|auto_generated|pll1|clk[0] ; 86.808       ; -0.072     ; 1.113      ;
; 85.768 ; Data_for_register_1:inst|Phase_register[16][0] ; Data_for_register_1:inst|current_byte[0]     ; inst1|altpll_component|auto_generated|pll1|clk[0] ; inst1|altpll_component|auto_generated|pll1|clk[0] ; 86.808       ; -0.072     ; 0.970      ;
; 85.888 ; Data_for_register_1:inst|bit_index[0]          ; Data_for_register_1:inst|bit_index[3]        ; inst1|altpll_component|auto_generated|pll1|clk[0] ; inst1|altpll_component|auto_generated|pll1|clk[0] ; 86.808       ; -0.072     ; 0.850      ;
; 85.889 ; Data_for_register_1:inst|bit_index[0]          ; Data_for_register_1:inst|bit_index[1]        ; inst1|altpll_component|auto_generated|pll1|clk[0] ; inst1|altpll_component|auto_generated|pll1|clk[0] ; 86.808       ; -0.072     ; 0.849      ;
; 85.890 ; Data_for_register_1:inst|bit_index[0]          ; Data_for_register_1:inst|bit_index[2]        ; inst1|altpll_component|auto_generated|pll1|clk[0] ; inst1|altpll_component|auto_generated|pll1|clk[0] ; 86.808       ; -0.072     ; 0.848      ;
; 85.914 ; Data_for_register_1:inst|Phase_data_index[4]   ; Data_for_register_1:inst|Phase_data_index[4] ; inst1|altpll_component|auto_generated|pll1|clk[0] ; inst1|altpll_component|auto_generated|pll1|clk[0] ; 86.808       ; -0.072     ; 0.824      ;
; 85.922 ; Data_for_register_1:inst|bit_index[2]          ; Data_for_register_1:inst|bit_index[0]        ; inst1|altpll_component|auto_generated|pll1|clk[0] ; inst1|altpll_component|auto_generated|pll1|clk[0] ; 86.808       ; -0.072     ; 0.816      ;
; 85.944 ; Data_for_register_1:inst|current_byte[0]       ; Data_for_register_1:inst|data_outpin_1       ; inst1|altpll_component|auto_generated|pll1|clk[0] ; inst1|altpll_component|auto_generated|pll1|clk[0] ; 86.808       ; -0.072     ; 0.794      ;
; 85.968 ; Data_for_register_1:inst|bit_index[0]          ; Data_for_register_1:inst|bit_index[0]        ; inst1|altpll_component|auto_generated|pll1|clk[0] ; inst1|altpll_component|auto_generated|pll1|clk[0] ; 86.808       ; -0.072     ; 0.770      ;
; 85.968 ; Data_for_register_1:inst|bit_index[3]          ; Data_for_register_1:inst|bit_index[3]        ; inst1|altpll_component|auto_generated|pll1|clk[0] ; inst1|altpll_component|auto_generated|pll1|clk[0] ; 86.808       ; -0.072     ; 0.770      ;
; 85.968 ; Data_for_register_1:inst|bit_index[2]          ; Data_for_register_1:inst|bit_index[2]        ; inst1|altpll_component|auto_generated|pll1|clk[0] ; inst1|altpll_component|auto_generated|pll1|clk[0] ; 86.808       ; -0.072     ; 0.770      ;
; 85.968 ; Data_for_register_1:inst|bit_index[1]          ; Data_for_register_1:inst|bit_index[1]        ; inst1|altpll_component|auto_generated|pll1|clk[0] ; inst1|altpll_component|auto_generated|pll1|clk[0] ; 86.808       ; -0.072     ; 0.770      ;
+--------+------------------------------------------------+----------------------------------------------+---------------------------------------------------+---------------------------------------------------+--------------+------------+------------+


+--------------------------------------------------------------------------------------------------------------------------------------------------------------------------------------------------------------------------------------------------------+
; Slow 1200mV 0C Model Hold: 'inst1|altpll_component|auto_generated|pll1|clk[0]'                                                                                                                                                                         ;
+-------+------------------------------------------------+----------------------------------------------+---------------------------------------------------+---------------------------------------------------+--------------+------------+------------+
; Slack ; From Node                                      ; To Node                                      ; Launch Clock                                      ; Latch Clock                                       ; Relationship ; Clock Skew ; Data Delay ;
+-------+------------------------------------------------+----------------------------------------------+---------------------------------------------------+---------------------------------------------------+--------------+------------+------------+
; 0.402 ; Data_for_register_1:inst|bit_index[2]          ; Data_for_register_1:inst|bit_index[2]        ; inst1|altpll_component|auto_generated|pll1|clk[0] ; inst1|altpll_component|auto_generated|pll1|clk[0] ; 0.000        ; 0.072      ; 0.669      ;
; 0.402 ; Data_for_register_1:inst|bit_index[3]          ; Data_for_register_1:inst|bit_index[3]        ; inst1|altpll_component|auto_generated|pll1|clk[0] ; inst1|altpll_component|auto_generated|pll1|clk[0] ; 0.000        ; 0.072      ; 0.669      ;
; 0.402 ; Data_for_register_1:inst|bit_index[1]          ; Data_for_register_1:inst|bit_index[1]        ; inst1|altpll_component|auto_generated|pll1|clk[0] ; inst1|altpll_component|auto_generated|pll1|clk[0] ; 0.000        ; 0.072      ; 0.669      ;
; 0.417 ; Data_for_register_1:inst|bit_index[0]          ; Data_for_register_1:inst|bit_index[0]        ; inst1|altpll_component|auto_generated|pll1|clk[0] ; inst1|altpll_component|auto_generated|pll1|clk[0] ; 0.000        ; 0.072      ; 0.684      ;
; 0.455 ; Data_for_register_1:inst|Phase_data_index[4]   ; Data_for_register_1:inst|Phase_data_index[4] ; inst1|altpll_component|auto_generated|pll1|clk[0] ; inst1|altpll_component|auto_generated|pll1|clk[0] ; 0.000        ; 0.072      ; 0.722      ;
; 0.470 ; Data_for_register_1:inst|current_byte[0]       ; Data_for_register_1:inst|data_outpin_1       ; inst1|altpll_component|auto_generated|pll1|clk[0] ; inst1|altpll_component|auto_generated|pll1|clk[0] ; 0.000        ; 0.072      ; 0.737      ;
; 0.471 ; Data_for_register_1:inst|bit_index[0]          ; Data_for_register_1:inst|bit_index[2]        ; inst1|altpll_component|auto_generated|pll1|clk[0] ; inst1|altpll_component|auto_generated|pll1|clk[0] ; 0.000        ; 0.072      ; 0.738      ;
; 0.472 ; Data_for_register_1:inst|bit_index[0]          ; Data_for_register_1:inst|bit_index[1]        ; inst1|altpll_component|auto_generated|pll1|clk[0] ; inst1|altpll_component|auto_generated|pll1|clk[0] ; 0.000        ; 0.072      ; 0.739      ;
; 0.473 ; Data_for_register_1:inst|bit_index[0]          ; Data_for_register_1:inst|bit_index[3]        ; inst1|altpll_component|auto_generated|pll1|clk[0] ; inst1|altpll_component|auto_generated|pll1|clk[0] ; 0.000        ; 0.072      ; 0.740      ;
; 0.485 ; Data_for_register_1:inst|bit_index[2]          ; Data_for_register_1:inst|bit_index[0]        ; inst1|altpll_component|auto_generated|pll1|clk[0] ; inst1|altpll_component|auto_generated|pll1|clk[0] ; 0.000        ; 0.072      ; 0.752      ;
; 0.602 ; Data_for_register_1:inst|Phase_register[16][0] ; Data_for_register_1:inst|current_byte[0]     ; inst1|altpll_component|auto_generated|pll1|clk[0] ; inst1|altpll_component|auto_generated|pll1|clk[0] ; 0.000        ; 0.072      ; 0.869      ;
; 0.686 ; Data_for_register_1:inst|Phase_data_index[3]   ; Data_for_register_1:inst|Phase_data_index[3] ; inst1|altpll_component|auto_generated|pll1|clk[0] ; inst1|altpll_component|auto_generated|pll1|clk[0] ; 0.000        ; 0.072      ; 0.953      ;
; 0.689 ; Data_for_register_1:inst|Phase_data_index[1]   ; Data_for_register_1:inst|Phase_data_index[1] ; inst1|altpll_component|auto_generated|pll1|clk[0] ; inst1|altpll_component|auto_generated|pll1|clk[0] ; 0.000        ; 0.072      ; 0.956      ;
; 0.692 ; Data_for_register_1:inst|Phase_data_index[2]   ; Data_for_register_1:inst|Phase_data_index[2] ; inst1|altpll_component|auto_generated|pll1|clk[0] ; inst1|altpll_component|auto_generated|pll1|clk[0] ; 0.000        ; 0.072      ; 0.959      ;
; 0.702 ; Data_for_register_1:inst|Phase_data_index[4]   ; Data_for_register_1:inst|current_byte[0]     ; inst1|altpll_component|auto_generated|pll1|clk[0] ; inst1|altpll_component|auto_generated|pll1|clk[0] ; 0.000        ; 0.072      ; 0.969      ;
; 0.708 ; Data_for_register_1:inst|bit_index[2]          ; Data_for_register_1:inst|bit_index[3]        ; inst1|altpll_component|auto_generated|pll1|clk[0] ; inst1|altpll_component|auto_generated|pll1|clk[0] ; 0.000        ; 0.072      ; 0.975      ;
; 0.716 ; Data_for_register_1:inst|Phase_data_index[0]   ; Data_for_register_1:inst|Phase_data_index[0] ; inst1|altpll_component|auto_generated|pll1|clk[0] ; inst1|altpll_component|auto_generated|pll1|clk[0] ; 0.000        ; 0.072      ; 0.983      ;
; 0.727 ; Data_for_register_1:inst|bit_index[1]          ; Data_for_register_1:inst|bit_index[2]        ; inst1|altpll_component|auto_generated|pll1|clk[0] ; inst1|altpll_component|auto_generated|pll1|clk[0] ; 0.000        ; 0.072      ; 0.994      ;
; 0.728 ; Data_for_register_1:inst|bit_index[1]          ; Data_for_register_1:inst|bit_index[3]        ; inst1|altpll_component|auto_generated|pll1|clk[0] ; inst1|altpll_component|auto_generated|pll1|clk[0] ; 0.000        ; 0.072      ; 0.995      ;
; 0.736 ; Data_for_register_1:inst|bit_index[3]          ; Data_for_register_1:inst|data_outpin_1       ; inst1|altpll_component|auto_generated|pll1|clk[0] ; inst1|altpll_component|auto_generated|pll1|clk[0] ; 0.000        ; 0.072      ; 1.003      ;
; 0.783 ; Data_for_register_1:inst|bit_index[1]          ; Data_for_register_1:inst|bit_index[0]        ; inst1|altpll_component|auto_generated|pll1|clk[0] ; inst1|altpll_component|auto_generated|pll1|clk[0] ; 0.000        ; 0.072      ; 1.050      ;
; 0.806 ; Data_for_register_1:inst|bit_index[3]          ; Data_for_register_1:inst|bit_index[0]        ; inst1|altpll_component|auto_generated|pll1|clk[0] ; inst1|altpll_component|auto_generated|pll1|clk[0] ; 0.000        ; 0.072      ; 1.073      ;
; 1.008 ; Data_for_register_1:inst|Phase_data_index[3]   ; Data_for_register_1:inst|Phase_data_index[4] ; inst1|altpll_component|auto_generated|pll1|clk[0] ; inst1|altpll_component|auto_generated|pll1|clk[0] ; 0.000        ; 0.072      ; 1.275      ;
; 1.009 ; Data_for_register_1:inst|Phase_data_index[2]   ; Data_for_register_1:inst|Phase_data_index[3] ; inst1|altpll_component|auto_generated|pll1|clk[0] ; inst1|altpll_component|auto_generated|pll1|clk[0] ; 0.000        ; 0.072      ; 1.276      ;
; 1.009 ; Data_for_register_1:inst|Phase_data_index[0]   ; Data_for_register_1:inst|Phase_data_index[1] ; inst1|altpll_component|auto_generated|pll1|clk[0] ; inst1|altpll_component|auto_generated|pll1|clk[0] ; 0.000        ; 0.072      ; 1.276      ;
; 1.013 ; Data_for_register_1:inst|Phase_data_index[1]   ; Data_for_register_1:inst|Phase_data_index[2] ; inst1|altpll_component|auto_generated|pll1|clk[0] ; inst1|altpll_component|auto_generated|pll1|clk[0] ; 0.000        ; 0.072      ; 1.280      ;
; 1.026 ; Data_for_register_1:inst|Phase_data_index[2]   ; Data_for_register_1:inst|Phase_data_index[4] ; inst1|altpll_component|auto_generated|pll1|clk[0] ; inst1|altpll_component|auto_generated|pll1|clk[0] ; 0.000        ; 0.072      ; 1.293      ;
; 1.026 ; Data_for_register_1:inst|Phase_data_index[0]   ; Data_for_register_1:inst|Phase_data_index[2] ; inst1|altpll_component|auto_generated|pll1|clk[0] ; inst1|altpll_component|auto_generated|pll1|clk[0] ; 0.000        ; 0.072      ; 1.293      ;
; 1.107 ; Data_for_register_1:inst|Phase_data_index[1]   ; Data_for_register_1:inst|Phase_data_index[3] ; inst1|altpll_component|auto_generated|pll1|clk[0] ; inst1|altpll_component|auto_generated|pll1|clk[0] ; 0.000        ; 0.072      ; 1.374      ;
; 1.131 ; Data_for_register_1:inst|Phase_data_index[0]   ; Data_for_register_1:inst|Phase_data_index[3] ; inst1|altpll_component|auto_generated|pll1|clk[0] ; inst1|altpll_component|auto_generated|pll1|clk[0] ; 0.000        ; 0.072      ; 1.398      ;
; 1.135 ; Data_for_register_1:inst|Phase_data_index[1]   ; Data_for_register_1:inst|Phase_data_index[4] ; inst1|altpll_component|auto_generated|pll1|clk[0] ; inst1|altpll_component|auto_generated|pll1|clk[0] ; 0.000        ; 0.072      ; 1.402      ;
; 1.148 ; Data_for_register_1:inst|Phase_data_index[0]   ; Data_for_register_1:inst|Phase_data_index[4] ; inst1|altpll_component|auto_generated|pll1|clk[0] ; inst1|altpll_component|auto_generated|pll1|clk[0] ; 0.000        ; 0.072      ; 1.415      ;
; 1.420 ; Data_for_register_1:inst|bit_index[2]          ; Data_for_register_1:inst|Phase_data_index[4] ; inst1|altpll_component|auto_generated|pll1|clk[0] ; inst1|altpll_component|auto_generated|pll1|clk[0] ; 0.000        ; 0.072      ; 1.687      ;
; 1.420 ; Data_for_register_1:inst|bit_index[2]          ; Data_for_register_1:inst|Phase_data_index[3] ; inst1|altpll_component|auto_generated|pll1|clk[0] ; inst1|altpll_component|auto_generated|pll1|clk[0] ; 0.000        ; 0.072      ; 1.687      ;
; 1.420 ; Data_for_register_1:inst|bit_index[2]          ; Data_for_register_1:inst|Phase_data_index[2] ; inst1|altpll_component|auto_generated|pll1|clk[0] ; inst1|altpll_component|auto_generated|pll1|clk[0] ; 0.000        ; 0.072      ; 1.687      ;
; 1.420 ; Data_for_register_1:inst|bit_index[2]          ; Data_for_register_1:inst|Phase_data_index[1] ; inst1|altpll_component|auto_generated|pll1|clk[0] ; inst1|altpll_component|auto_generated|pll1|clk[0] ; 0.000        ; 0.072      ; 1.687      ;
; 1.420 ; Data_for_register_1:inst|bit_index[2]          ; Data_for_register_1:inst|Phase_data_index[0] ; inst1|altpll_component|auto_generated|pll1|clk[0] ; inst1|altpll_component|auto_generated|pll1|clk[0] ; 0.000        ; 0.072      ; 1.687      ;
; 1.758 ; Data_for_register_1:inst|bit_index[1]          ; Data_for_register_1:inst|Phase_data_index[4] ; inst1|altpll_component|auto_generated|pll1|clk[0] ; inst1|altpll_component|auto_generated|pll1|clk[0] ; 0.000        ; 0.072      ; 2.025      ;
; 1.758 ; Data_for_register_1:inst|bit_index[1]          ; Data_for_register_1:inst|Phase_data_index[3] ; inst1|altpll_component|auto_generated|pll1|clk[0] ; inst1|altpll_component|auto_generated|pll1|clk[0] ; 0.000        ; 0.072      ; 2.025      ;
; 1.758 ; Data_for_register_1:inst|bit_index[1]          ; Data_for_register_1:inst|Phase_data_index[2] ; inst1|altpll_component|auto_generated|pll1|clk[0] ; inst1|altpll_component|auto_generated|pll1|clk[0] ; 0.000        ; 0.072      ; 2.025      ;
; 1.758 ; Data_for_register_1:inst|bit_index[1]          ; Data_for_register_1:inst|Phase_data_index[1] ; inst1|altpll_component|auto_generated|pll1|clk[0] ; inst1|altpll_component|auto_generated|pll1|clk[0] ; 0.000        ; 0.072      ; 2.025      ;
; 1.758 ; Data_for_register_1:inst|bit_index[1]          ; Data_for_register_1:inst|Phase_data_index[0] ; inst1|altpll_component|auto_generated|pll1|clk[0] ; inst1|altpll_component|auto_generated|pll1|clk[0] ; 0.000        ; 0.072      ; 2.025      ;
; 1.764 ; Data_for_register_1:inst|bit_index[0]          ; Data_for_register_1:inst|Phase_data_index[4] ; inst1|altpll_component|auto_generated|pll1|clk[0] ; inst1|altpll_component|auto_generated|pll1|clk[0] ; 0.000        ; 0.072      ; 2.031      ;
; 1.764 ; Data_for_register_1:inst|bit_index[0]          ; Data_for_register_1:inst|Phase_data_index[3] ; inst1|altpll_component|auto_generated|pll1|clk[0] ; inst1|altpll_component|auto_generated|pll1|clk[0] ; 0.000        ; 0.072      ; 2.031      ;
; 1.764 ; Data_for_register_1:inst|bit_index[0]          ; Data_for_register_1:inst|Phase_data_index[2] ; inst1|altpll_component|auto_generated|pll1|clk[0] ; inst1|altpll_component|auto_generated|pll1|clk[0] ; 0.000        ; 0.072      ; 2.031      ;
; 1.764 ; Data_for_register_1:inst|bit_index[0]          ; Data_for_register_1:inst|Phase_data_index[1] ; inst1|altpll_component|auto_generated|pll1|clk[0] ; inst1|altpll_component|auto_generated|pll1|clk[0] ; 0.000        ; 0.072      ; 2.031      ;
; 1.764 ; Data_for_register_1:inst|bit_index[0]          ; Data_for_register_1:inst|Phase_data_index[0] ; inst1|altpll_component|auto_generated|pll1|clk[0] ; inst1|altpll_component|auto_generated|pll1|clk[0] ; 0.000        ; 0.072      ; 2.031      ;
; 1.777 ; Data_for_register_1:inst|bit_index[3]          ; Data_for_register_1:inst|Phase_data_index[4] ; inst1|altpll_component|auto_generated|pll1|clk[0] ; inst1|altpll_component|auto_generated|pll1|clk[0] ; 0.000        ; 0.072      ; 2.044      ;
; 1.777 ; Data_for_register_1:inst|bit_index[3]          ; Data_for_register_1:inst|Phase_data_index[3] ; inst1|altpll_component|auto_generated|pll1|clk[0] ; inst1|altpll_component|auto_generated|pll1|clk[0] ; 0.000        ; 0.072      ; 2.044      ;
; 1.777 ; Data_for_register_1:inst|bit_index[3]          ; Data_for_register_1:inst|Phase_data_index[2] ; inst1|altpll_component|auto_generated|pll1|clk[0] ; inst1|altpll_component|auto_generated|pll1|clk[0] ; 0.000        ; 0.072      ; 2.044      ;
; 1.777 ; Data_for_register_1:inst|bit_index[3]          ; Data_for_register_1:inst|Phase_data_index[1] ; inst1|altpll_component|auto_generated|pll1|clk[0] ; inst1|altpll_component|auto_generated|pll1|clk[0] ; 0.000        ; 0.072      ; 2.044      ;
; 1.777 ; Data_for_register_1:inst|bit_index[3]          ; Data_for_register_1:inst|Phase_data_index[0] ; inst1|altpll_component|auto_generated|pll1|clk[0] ; inst1|altpll_component|auto_generated|pll1|clk[0] ; 0.000        ; 0.072      ; 2.044      ;
+-------+------------------------------------------------+----------------------------------------------+---------------------------------------------------+---------------------------------------------------+--------------+------------+------------+


+-------------------------------------------------------------------------------------------------------------------------------------------------+
; Slow 1200mV 0C Model Minimum Pulse Width: 'CLK_BASE'                                                                                            ;
+--------+--------------+----------------+------------------+----------+------------+-------------------------------------------------------------+
; Slack  ; Actual Width ; Required Width ; Type             ; Clock    ; Clock Edge ; Target                                                      ;
+--------+--------------+----------------+------------------+----------+------------+-------------------------------------------------------------+
; 9.943  ; 9.943        ; 0.000          ; Low Pulse Width  ; CLK_BASE ; Rise       ; inst1|altpll_component|auto_generated|pll1|clk[0]           ;
; 9.943  ; 9.943        ; 0.000          ; Low Pulse Width  ; CLK_BASE ; Rise       ; inst1|altpll_component|auto_generated|pll1|clk[1]           ;
; 9.943  ; 9.943        ; 0.000          ; Low Pulse Width  ; CLK_BASE ; Rise       ; inst1|altpll_component|auto_generated|pll1|observablevcoout ;
; 9.975  ; 9.975        ; 0.000          ; Low Pulse Width  ; CLK_BASE ; Rise       ; CLK_BASE~input|o                                            ;
; 9.992  ; 9.992        ; 0.000          ; Low Pulse Width  ; CLK_BASE ; Rise       ; inst1|altpll_component|auto_generated|pll1|inclk[0]         ;
; 10.000 ; 10.000       ; 0.000          ; High Pulse Width ; CLK_BASE ; Rise       ; CLK_BASE~input|i                                            ;
; 10.000 ; 10.000       ; 0.000          ; Low Pulse Width  ; CLK_BASE ; Rise       ; CLK_BASE~input|i                                            ;
; 10.008 ; 10.008       ; 0.000          ; High Pulse Width ; CLK_BASE ; Rise       ; inst1|altpll_component|auto_generated|pll1|inclk[0]         ;
; 10.025 ; 10.025       ; 0.000          ; High Pulse Width ; CLK_BASE ; Rise       ; CLK_BASE~input|o                                            ;
; 10.056 ; 10.056       ; 0.000          ; High Pulse Width ; CLK_BASE ; Rise       ; inst1|altpll_component|auto_generated|pll1|clk[0]           ;
; 10.056 ; 10.056       ; 0.000          ; High Pulse Width ; CLK_BASE ; Rise       ; inst1|altpll_component|auto_generated|pll1|clk[1]           ;
; 10.056 ; 10.056       ; 0.000          ; High Pulse Width ; CLK_BASE ; Rise       ; inst1|altpll_component|auto_generated|pll1|observablevcoout ;
; 16.000 ; 20.000       ; 4.000          ; Port Rate        ; CLK_BASE ; Rise       ; CLK_BASE                                                    ;
+--------+--------------+----------------+------------------+----------+------------+-------------------------------------------------------------+


+------------------------------------------------------------------------------------------------------------------------------------------------------------------------------------------------------+
; Slow 1200mV 0C Model Minimum Pulse Width: 'inst1|altpll_component|auto_generated|pll1|clk[0]'                                                                                                        ;
+--------+--------------+----------------+------------------+---------------------------------------------------+------------+-------------------------------------------------------------------------+
; Slack  ; Actual Width ; Required Width ; Type             ; Clock                                             ; Clock Edge ; Target                                                                  ;
+--------+--------------+----------------+------------------+---------------------------------------------------+------------+-------------------------------------------------------------------------+
; 43.124 ; 43.340       ; 0.216          ; High Pulse Width ; inst1|altpll_component|auto_generated|pll1|clk[0] ; Rise       ; Data_for_register_1:inst|Phase_data_index[0]                            ;
; 43.124 ; 43.340       ; 0.216          ; High Pulse Width ; inst1|altpll_component|auto_generated|pll1|clk[0] ; Rise       ; Data_for_register_1:inst|Phase_data_index[1]                            ;
; 43.124 ; 43.340       ; 0.216          ; High Pulse Width ; inst1|altpll_component|auto_generated|pll1|clk[0] ; Rise       ; Data_for_register_1:inst|Phase_data_index[2]                            ;
; 43.124 ; 43.340       ; 0.216          ; High Pulse Width ; inst1|altpll_component|auto_generated|pll1|clk[0] ; Rise       ; Data_for_register_1:inst|Phase_data_index[3]                            ;
; 43.124 ; 43.340       ; 0.216          ; High Pulse Width ; inst1|altpll_component|auto_generated|pll1|clk[0] ; Rise       ; Data_for_register_1:inst|Phase_data_index[4]                            ;
; 43.124 ; 43.340       ; 0.216          ; High Pulse Width ; inst1|altpll_component|auto_generated|pll1|clk[0] ; Rise       ; Data_for_register_1:inst|Phase_register[16][0]                          ;
; 43.124 ; 43.340       ; 0.216          ; High Pulse Width ; inst1|altpll_component|auto_generated|pll1|clk[0] ; Rise       ; Data_for_register_1:inst|bit_index[0]                                   ;
; 43.124 ; 43.340       ; 0.216          ; High Pulse Width ; inst1|altpll_component|auto_generated|pll1|clk[0] ; Rise       ; Data_for_register_1:inst|bit_index[1]                                   ;
; 43.124 ; 43.340       ; 0.216          ; High Pulse Width ; inst1|altpll_component|auto_generated|pll1|clk[0] ; Rise       ; Data_for_register_1:inst|bit_index[2]                                   ;
; 43.124 ; 43.340       ; 0.216          ; High Pulse Width ; inst1|altpll_component|auto_generated|pll1|clk[0] ; Rise       ; Data_for_register_1:inst|bit_index[3]                                   ;
; 43.124 ; 43.340       ; 0.216          ; High Pulse Width ; inst1|altpll_component|auto_generated|pll1|clk[0] ; Rise       ; Data_for_register_1:inst|current_byte[0]                                ;
; 43.124 ; 43.340       ; 0.216          ; High Pulse Width ; inst1|altpll_component|auto_generated|pll1|clk[0] ; Rise       ; Data_for_register_1:inst|data_outpin_1                                  ;
; 43.280 ; 43.464       ; 0.184          ; Low Pulse Width  ; inst1|altpll_component|auto_generated|pll1|clk[0] ; Rise       ; Data_for_register_1:inst|Phase_data_index[0]                            ;
; 43.280 ; 43.464       ; 0.184          ; Low Pulse Width  ; inst1|altpll_component|auto_generated|pll1|clk[0] ; Rise       ; Data_for_register_1:inst|Phase_data_index[1]                            ;
; 43.280 ; 43.464       ; 0.184          ; Low Pulse Width  ; inst1|altpll_component|auto_generated|pll1|clk[0] ; Rise       ; Data_for_register_1:inst|Phase_data_index[2]                            ;
; 43.280 ; 43.464       ; 0.184          ; Low Pulse Width  ; inst1|altpll_component|auto_generated|pll1|clk[0] ; Rise       ; Data_for_register_1:inst|Phase_data_index[3]                            ;
; 43.280 ; 43.464       ; 0.184          ; Low Pulse Width  ; inst1|altpll_component|auto_generated|pll1|clk[0] ; Rise       ; Data_for_register_1:inst|Phase_data_index[4]                            ;
; 43.280 ; 43.464       ; 0.184          ; Low Pulse Width  ; inst1|altpll_component|auto_generated|pll1|clk[0] ; Rise       ; Data_for_register_1:inst|Phase_register[16][0]                          ;
; 43.280 ; 43.464       ; 0.184          ; Low Pulse Width  ; inst1|altpll_component|auto_generated|pll1|clk[0] ; Rise       ; Data_for_register_1:inst|bit_index[0]                                   ;
; 43.280 ; 43.464       ; 0.184          ; Low Pulse Width  ; inst1|altpll_component|auto_generated|pll1|clk[0] ; Rise       ; Data_for_register_1:inst|bit_index[1]                                   ;
; 43.280 ; 43.464       ; 0.184          ; Low Pulse Width  ; inst1|altpll_component|auto_generated|pll1|clk[0] ; Rise       ; Data_for_register_1:inst|bit_index[2]                                   ;
; 43.280 ; 43.464       ; 0.184          ; Low Pulse Width  ; inst1|altpll_component|auto_generated|pll1|clk[0] ; Rise       ; Data_for_register_1:inst|bit_index[3]                                   ;
; 43.280 ; 43.464       ; 0.184          ; Low Pulse Width  ; inst1|altpll_component|auto_generated|pll1|clk[0] ; Rise       ; Data_for_register_1:inst|current_byte[0]                                ;
; 43.280 ; 43.464       ; 0.184          ; Low Pulse Width  ; inst1|altpll_component|auto_generated|pll1|clk[0] ; Rise       ; Data_for_register_1:inst|data_outpin_1                                  ;
; 43.369 ; 43.369       ; 0.000          ; High Pulse Width ; inst1|altpll_component|auto_generated|pll1|clk[0] ; Rise       ; inst1|altpll_component|auto_generated|wire_pll1_clk[0]~clkctrl|inclk[0] ;
; 43.369 ; 43.369       ; 0.000          ; High Pulse Width ; inst1|altpll_component|auto_generated|pll1|clk[0] ; Rise       ; inst1|altpll_component|auto_generated|wire_pll1_clk[0]~clkctrl|outclk   ;
; 43.394 ; 43.394       ; 0.000          ; High Pulse Width ; inst1|altpll_component|auto_generated|pll1|clk[0] ; Rise       ; inst|Phase_data_index[0]|clk                                            ;
; 43.394 ; 43.394       ; 0.000          ; High Pulse Width ; inst1|altpll_component|auto_generated|pll1|clk[0] ; Rise       ; inst|Phase_data_index[1]|clk                                            ;
; 43.394 ; 43.394       ; 0.000          ; High Pulse Width ; inst1|altpll_component|auto_generated|pll1|clk[0] ; Rise       ; inst|Phase_data_index[2]|clk                                            ;
; 43.394 ; 43.394       ; 0.000          ; High Pulse Width ; inst1|altpll_component|auto_generated|pll1|clk[0] ; Rise       ; inst|Phase_data_index[3]|clk                                            ;
; 43.394 ; 43.394       ; 0.000          ; High Pulse Width ; inst1|altpll_component|auto_generated|pll1|clk[0] ; Rise       ; inst|Phase_data_index[4]|clk                                            ;
; 43.394 ; 43.394       ; 0.000          ; High Pulse Width ; inst1|altpll_component|auto_generated|pll1|clk[0] ; Rise       ; inst|Phase_register[16][0]|clk                                          ;
; 43.394 ; 43.394       ; 0.000          ; High Pulse Width ; inst1|altpll_component|auto_generated|pll1|clk[0] ; Rise       ; inst|bit_index[0]|clk                                                   ;
; 43.394 ; 43.394       ; 0.000          ; High Pulse Width ; inst1|altpll_component|auto_generated|pll1|clk[0] ; Rise       ; inst|bit_index[1]|clk                                                   ;
; 43.394 ; 43.394       ; 0.000          ; High Pulse Width ; inst1|altpll_component|auto_generated|pll1|clk[0] ; Rise       ; inst|bit_index[2]|clk                                                   ;
; 43.394 ; 43.394       ; 0.000          ; High Pulse Width ; inst1|altpll_component|auto_generated|pll1|clk[0] ; Rise       ; inst|bit_index[3]|clk                                                   ;
; 43.394 ; 43.394       ; 0.000          ; High Pulse Width ; inst1|altpll_component|auto_generated|pll1|clk[0] ; Rise       ; inst|current_byte[0]|clk                                                ;
; 43.394 ; 43.394       ; 0.000          ; High Pulse Width ; inst1|altpll_component|auto_generated|pll1|clk[0] ; Rise       ; inst|data_outpin_1|clk                                                  ;
; 43.413 ; 43.413       ; 0.000          ; Low Pulse Width  ; inst1|altpll_component|auto_generated|pll1|clk[0] ; Rise       ; inst|Phase_data_index[0]|clk                                            ;
; 43.413 ; 43.413       ; 0.000          ; Low Pulse Width  ; inst1|altpll_component|auto_generated|pll1|clk[0] ; Rise       ; inst|Phase_data_index[1]|clk                                            ;
; 43.413 ; 43.413       ; 0.000          ; Low Pulse Width  ; inst1|altpll_component|auto_generated|pll1|clk[0] ; Rise       ; inst|Phase_data_index[2]|clk                                            ;
; 43.413 ; 43.413       ; 0.000          ; Low Pulse Width  ; inst1|altpll_component|auto_generated|pll1|clk[0] ; Rise       ; inst|Phase_data_index[3]|clk                                            ;
; 43.413 ; 43.413       ; 0.000          ; Low Pulse Width  ; inst1|altpll_component|auto_generated|pll1|clk[0] ; Rise       ; inst|Phase_data_index[4]|clk                                            ;
; 43.413 ; 43.413       ; 0.000          ; Low Pulse Width  ; inst1|altpll_component|auto_generated|pll1|clk[0] ; Rise       ; inst|Phase_register[16][0]|clk                                          ;
; 43.413 ; 43.413       ; 0.000          ; Low Pulse Width  ; inst1|altpll_component|auto_generated|pll1|clk[0] ; Rise       ; inst|bit_index[0]|clk                                                   ;
; 43.413 ; 43.413       ; 0.000          ; Low Pulse Width  ; inst1|altpll_component|auto_generated|pll1|clk[0] ; Rise       ; inst|bit_index[1]|clk                                                   ;
; 43.413 ; 43.413       ; 0.000          ; Low Pulse Width  ; inst1|altpll_component|auto_generated|pll1|clk[0] ; Rise       ; inst|bit_index[2]|clk                                                   ;
; 43.413 ; 43.413       ; 0.000          ; Low Pulse Width  ; inst1|altpll_component|auto_generated|pll1|clk[0] ; Rise       ; inst|bit_index[3]|clk                                                   ;
; 43.413 ; 43.413       ; 0.000          ; Low Pulse Width  ; inst1|altpll_component|auto_generated|pll1|clk[0] ; Rise       ; inst|current_byte[0]|clk                                                ;
; 43.413 ; 43.413       ; 0.000          ; Low Pulse Width  ; inst1|altpll_component|auto_generated|pll1|clk[0] ; Rise       ; inst|data_outpin_1|clk                                                  ;
; 43.437 ; 43.437       ; 0.000          ; Low Pulse Width  ; inst1|altpll_component|auto_generated|pll1|clk[0] ; Rise       ; inst1|altpll_component|auto_generated|wire_pll1_clk[0]~clkctrl|inclk[0] ;
; 43.437 ; 43.437       ; 0.000          ; Low Pulse Width  ; inst1|altpll_component|auto_generated|pll1|clk[0] ; Rise       ; inst1|altpll_component|auto_generated|wire_pll1_clk[0]~clkctrl|outclk   ;
; 84.321 ; 86.808       ; 2.487          ; Min Period       ; inst1|altpll_component|auto_generated|pll1|clk[0] ; Rise       ; Data_for_register_1:inst|Phase_data_index[0]                            ;
; 84.321 ; 86.808       ; 2.487          ; Min Period       ; inst1|altpll_component|auto_generated|pll1|clk[0] ; Rise       ; Data_for_register_1:inst|Phase_data_index[1]                            ;
; 84.321 ; 86.808       ; 2.487          ; Min Period       ; inst1|altpll_component|auto_generated|pll1|clk[0] ; Rise       ; Data_for_register_1:inst|Phase_data_index[2]                            ;
; 84.321 ; 86.808       ; 2.487          ; Min Period       ; inst1|altpll_component|auto_generated|pll1|clk[0] ; Rise       ; Data_for_register_1:inst|Phase_data_index[3]                            ;
; 84.321 ; 86.808       ; 2.487          ; Min Period       ; inst1|altpll_component|auto_generated|pll1|clk[0] ; Rise       ; Data_for_register_1:inst|Phase_data_index[4]                            ;
; 84.321 ; 86.808       ; 2.487          ; Min Period       ; inst1|altpll_component|auto_generated|pll1|clk[0] ; Rise       ; Data_for_register_1:inst|Phase_register[16][0]                          ;
; 84.321 ; 86.808       ; 2.487          ; Min Period       ; inst1|altpll_component|auto_generated|pll1|clk[0] ; Rise       ; Data_for_register_1:inst|bit_index[0]                                   ;
; 84.321 ; 86.808       ; 2.487          ; Min Period       ; inst1|altpll_component|auto_generated|pll1|clk[0] ; Rise       ; Data_for_register_1:inst|bit_index[1]                                   ;
; 84.321 ; 86.808       ; 2.487          ; Min Period       ; inst1|altpll_component|auto_generated|pll1|clk[0] ; Rise       ; Data_for_register_1:inst|bit_index[2]                                   ;
; 84.321 ; 86.808       ; 2.487          ; Min Period       ; inst1|altpll_component|auto_generated|pll1|clk[0] ; Rise       ; Data_for_register_1:inst|bit_index[3]                                   ;
; 84.321 ; 86.808       ; 2.487          ; Min Period       ; inst1|altpll_component|auto_generated|pll1|clk[0] ; Rise       ; Data_for_register_1:inst|current_byte[0]                                ;
; 84.321 ; 86.808       ; 2.487          ; Min Period       ; inst1|altpll_component|auto_generated|pll1|clk[0] ; Rise       ; Data_for_register_1:inst|data_outpin_1                                  ;
+--------+--------------+----------------+------------------+---------------------------------------------------+------------+-------------------------------------------------------------------------+


+-------------------------------------------------------------------------------------------------------------+
; Clock to Output Times                                                                                       ;
+---------------+------------+-------+-------+------------+---------------------------------------------------+
; Data Port     ; Clock Port ; Rise  ; Fall  ; Clock Edge ; Clock Reference                                   ;
+---------------+------------+-------+-------+------------+---------------------------------------------------+
; DATA[*]       ; CLK_BASE   ; 4.179 ; 4.049 ; Rise       ; inst1|altpll_component|auto_generated|pll1|clk[0] ;
;  DATA[0]      ; CLK_BASE   ; 4.179 ; 4.049 ; Rise       ; inst1|altpll_component|auto_generated|pll1|clk[0] ;
; SHIFT_CLOCK_1 ; CLK_BASE   ; 3.016 ;       ; Rise       ; inst1|altpll_component|auto_generated|pll1|clk[0] ;
; SHIFT_CLOCK_1 ; CLK_BASE   ;       ; 2.937 ; Fall       ; inst1|altpll_component|auto_generated|pll1|clk[0] ;
; LATCH_CLOCK_1 ; CLK_BASE   ; 3.018 ;       ; Rise       ; inst1|altpll_component|auto_generated|pll1|clk[1] ;
; LATCH_CLOCK_1 ; CLK_BASE   ;       ; 2.939 ; Fall       ; inst1|altpll_component|auto_generated|pll1|clk[1] ;
+---------------+------------+-------+-------+------------+---------------------------------------------------+


+-------------------------------------------------------------------------------------------------------------+
; Minimum Clock to Output Times                                                                               ;
+---------------+------------+-------+-------+------------+---------------------------------------------------+
; Data Port     ; Clock Port ; Rise  ; Fall  ; Clock Edge ; Clock Reference                                   ;
+---------------+------------+-------+-------+------------+---------------------------------------------------+
; DATA[*]       ; CLK_BASE   ; 3.664 ; 3.538 ; Rise       ; inst1|altpll_component|auto_generated|pll1|clk[0] ;
;  DATA[0]      ; CLK_BASE   ; 3.664 ; 3.538 ; Rise       ; inst1|altpll_component|auto_generated|pll1|clk[0] ;
; SHIFT_CLOCK_1 ; CLK_BASE   ; 2.558 ;       ; Rise       ; inst1|altpll_component|auto_generated|pll1|clk[0] ;
; SHIFT_CLOCK_1 ; CLK_BASE   ;       ; 2.481 ; Fall       ; inst1|altpll_component|auto_generated|pll1|clk[0] ;
; LATCH_CLOCK_1 ; CLK_BASE   ; 2.560 ;       ; Rise       ; inst1|altpll_component|auto_generated|pll1|clk[1] ;
; LATCH_CLOCK_1 ; CLK_BASE   ;       ; 2.484 ; Fall       ; inst1|altpll_component|auto_generated|pll1|clk[1] ;
+---------------+------------+-------+-------+------------+---------------------------------------------------+


---------------------------------------------
; Slow 1200mV 0C Model Metastability Report ;
---------------------------------------------
No synchronizer chains to report.


+----------------------------------------------------------------------------+
; Fast 1200mV 0C Model Setup Summary                                         ;
+---------------------------------------------------+--------+---------------+
; Clock                                             ; Slack  ; End Point TNS ;
+---------------------------------------------------+--------+---------------+
; inst1|altpll_component|auto_generated|pll1|clk[0] ; 85.815 ; 0.000         ;
+---------------------------------------------------+--------+---------------+


+---------------------------------------------------------------------------+
; Fast 1200mV 0C Model Hold Summary                                         ;
+---------------------------------------------------+-------+---------------+
; Clock                                             ; Slack ; End Point TNS ;
+---------------------------------------------------+-------+---------------+
; inst1|altpll_component|auto_generated|pll1|clk[0] ; 0.187 ; 0.000         ;
+---------------------------------------------------+-------+---------------+


-----------------------------------------
; Fast 1200mV 0C Model Recovery Summary ;
-----------------------------------------
No paths to report.


----------------------------------------
; Fast 1200mV 0C Model Removal Summary ;
----------------------------------------
No paths to report.


+----------------------------------------------------------------------------+
; Fast 1200mV 0C Model Minimum Pulse Width Summary                           ;
+---------------------------------------------------+--------+---------------+
; Clock                                             ; Slack  ; End Point TNS ;
+---------------------------------------------------+--------+---------------+
; CLK_BASE                                          ; 9.594  ; 0.000         ;
; inst1|altpll_component|auto_generated|pll1|clk[0] ; 43.202 ; 0.000         ;
+---------------------------------------------------+--------+---------------+


+---------------------------------------------------------------------------------------------------------------------------------------------------------------------------------------------------------------------------------------------------------+
; Fast 1200mV 0C Model Setup: 'inst1|altpll_component|auto_generated|pll1|clk[0]'                                                                                                                                                                         ;
+--------+------------------------------------------------+----------------------------------------------+---------------------------------------------------+---------------------------------------------------+--------------+------------+------------+
; Slack  ; From Node                                      ; To Node                                      ; Launch Clock                                      ; Latch Clock                                       ; Relationship ; Clock Skew ; Data Delay ;
+--------+------------------------------------------------+----------------------------------------------+---------------------------------------------------+---------------------------------------------------+--------------+------------+------------+
; 85.815 ; Data_for_register_1:inst|bit_index[0]          ; Data_for_register_1:inst|Phase_data_index[4] ; inst1|altpll_component|auto_generated|pll1|clk[0] ; inst1|altpll_component|auto_generated|pll1|clk[0] ; 86.808       ; -0.036     ; 0.944      ;
; 85.815 ; Data_for_register_1:inst|bit_index[0]          ; Data_for_register_1:inst|Phase_data_index[3] ; inst1|altpll_component|auto_generated|pll1|clk[0] ; inst1|altpll_component|auto_generated|pll1|clk[0] ; 86.808       ; -0.036     ; 0.944      ;
; 85.815 ; Data_for_register_1:inst|bit_index[0]          ; Data_for_register_1:inst|Phase_data_index[2] ; inst1|altpll_component|auto_generated|pll1|clk[0] ; inst1|altpll_component|auto_generated|pll1|clk[0] ; 86.808       ; -0.036     ; 0.944      ;
; 85.815 ; Data_for_register_1:inst|bit_index[0]          ; Data_for_register_1:inst|Phase_data_index[1] ; inst1|altpll_component|auto_generated|pll1|clk[0] ; inst1|altpll_component|auto_generated|pll1|clk[0] ; 86.808       ; -0.036     ; 0.944      ;
; 85.815 ; Data_for_register_1:inst|bit_index[0]          ; Data_for_register_1:inst|Phase_data_index[0] ; inst1|altpll_component|auto_generated|pll1|clk[0] ; inst1|altpll_component|auto_generated|pll1|clk[0] ; 86.808       ; -0.036     ; 0.944      ;
; 85.834 ; Data_for_register_1:inst|bit_index[3]          ; Data_for_register_1:inst|Phase_data_index[4] ; inst1|altpll_component|auto_generated|pll1|clk[0] ; inst1|altpll_component|auto_generated|pll1|clk[0] ; 86.808       ; -0.036     ; 0.925      ;
; 85.834 ; Data_for_register_1:inst|bit_index[3]          ; Data_for_register_1:inst|Phase_data_index[3] ; inst1|altpll_component|auto_generated|pll1|clk[0] ; inst1|altpll_component|auto_generated|pll1|clk[0] ; 86.808       ; -0.036     ; 0.925      ;
; 85.834 ; Data_for_register_1:inst|bit_index[3]          ; Data_for_register_1:inst|Phase_data_index[2] ; inst1|altpll_component|auto_generated|pll1|clk[0] ; inst1|altpll_component|auto_generated|pll1|clk[0] ; 86.808       ; -0.036     ; 0.925      ;
; 85.834 ; Data_for_register_1:inst|bit_index[3]          ; Data_for_register_1:inst|Phase_data_index[1] ; inst1|altpll_component|auto_generated|pll1|clk[0] ; inst1|altpll_component|auto_generated|pll1|clk[0] ; 86.808       ; -0.036     ; 0.925      ;
; 85.834 ; Data_for_register_1:inst|bit_index[3]          ; Data_for_register_1:inst|Phase_data_index[0] ; inst1|altpll_component|auto_generated|pll1|clk[0] ; inst1|altpll_component|auto_generated|pll1|clk[0] ; 86.808       ; -0.036     ; 0.925      ;
; 85.860 ; Data_for_register_1:inst|bit_index[1]          ; Data_for_register_1:inst|Phase_data_index[4] ; inst1|altpll_component|auto_generated|pll1|clk[0] ; inst1|altpll_component|auto_generated|pll1|clk[0] ; 86.808       ; -0.036     ; 0.899      ;
; 85.860 ; Data_for_register_1:inst|bit_index[1]          ; Data_for_register_1:inst|Phase_data_index[3] ; inst1|altpll_component|auto_generated|pll1|clk[0] ; inst1|altpll_component|auto_generated|pll1|clk[0] ; 86.808       ; -0.036     ; 0.899      ;
; 85.860 ; Data_for_register_1:inst|bit_index[1]          ; Data_for_register_1:inst|Phase_data_index[2] ; inst1|altpll_component|auto_generated|pll1|clk[0] ; inst1|altpll_component|auto_generated|pll1|clk[0] ; 86.808       ; -0.036     ; 0.899      ;
; 85.860 ; Data_for_register_1:inst|bit_index[1]          ; Data_for_register_1:inst|Phase_data_index[1] ; inst1|altpll_component|auto_generated|pll1|clk[0] ; inst1|altpll_component|auto_generated|pll1|clk[0] ; 86.808       ; -0.036     ; 0.899      ;
; 85.860 ; Data_for_register_1:inst|bit_index[1]          ; Data_for_register_1:inst|Phase_data_index[0] ; inst1|altpll_component|auto_generated|pll1|clk[0] ; inst1|altpll_component|auto_generated|pll1|clk[0] ; 86.808       ; -0.036     ; 0.899      ;
; 85.867 ; Data_for_register_1:inst|Phase_data_index[1]   ; Data_for_register_1:inst|Phase_data_index[4] ; inst1|altpll_component|auto_generated|pll1|clk[0] ; inst1|altpll_component|auto_generated|pll1|clk[0] ; 86.808       ; -0.036     ; 0.892      ;
; 85.914 ; Data_for_register_1:inst|Phase_data_index[0]   ; Data_for_register_1:inst|Phase_data_index[4] ; inst1|altpll_component|auto_generated|pll1|clk[0] ; inst1|altpll_component|auto_generated|pll1|clk[0] ; 86.808       ; -0.036     ; 0.845      ;
; 85.931 ; Data_for_register_1:inst|Phase_data_index[1]   ; Data_for_register_1:inst|Phase_data_index[3] ; inst1|altpll_component|auto_generated|pll1|clk[0] ; inst1|altpll_component|auto_generated|pll1|clk[0] ; 86.808       ; -0.036     ; 0.828      ;
; 85.935 ; Data_for_register_1:inst|Phase_data_index[1]   ; Data_for_register_1:inst|Phase_data_index[2] ; inst1|altpll_component|auto_generated|pll1|clk[0] ; inst1|altpll_component|auto_generated|pll1|clk[0] ; 86.808       ; -0.036     ; 0.824      ;
; 85.939 ; Data_for_register_1:inst|Phase_data_index[3]   ; Data_for_register_1:inst|Phase_data_index[4] ; inst1|altpll_component|auto_generated|pll1|clk[0] ; inst1|altpll_component|auto_generated|pll1|clk[0] ; 86.808       ; -0.036     ; 0.820      ;
; 85.945 ; Data_for_register_1:inst|Phase_data_index[0]   ; Data_for_register_1:inst|Phase_data_index[3] ; inst1|altpll_component|auto_generated|pll1|clk[0] ; inst1|altpll_component|auto_generated|pll1|clk[0] ; 86.808       ; -0.036     ; 0.814      ;
; 85.982 ; Data_for_register_1:inst|Phase_data_index[0]   ; Data_for_register_1:inst|Phase_data_index[2] ; inst1|altpll_component|auto_generated|pll1|clk[0] ; inst1|altpll_component|auto_generated|pll1|clk[0] ; 86.808       ; -0.036     ; 0.777      ;
; 85.983 ; Data_for_register_1:inst|Phase_data_index[2]   ; Data_for_register_1:inst|Phase_data_index[4] ; inst1|altpll_component|auto_generated|pll1|clk[0] ; inst1|altpll_component|auto_generated|pll1|clk[0] ; 86.808       ; -0.036     ; 0.776      ;
; 85.988 ; Data_for_register_1:inst|bit_index[2]          ; Data_for_register_1:inst|Phase_data_index[4] ; inst1|altpll_component|auto_generated|pll1|clk[0] ; inst1|altpll_component|auto_generated|pll1|clk[0] ; 86.808       ; -0.036     ; 0.771      ;
; 85.988 ; Data_for_register_1:inst|bit_index[2]          ; Data_for_register_1:inst|Phase_data_index[3] ; inst1|altpll_component|auto_generated|pll1|clk[0] ; inst1|altpll_component|auto_generated|pll1|clk[0] ; 86.808       ; -0.036     ; 0.771      ;
; 85.988 ; Data_for_register_1:inst|bit_index[2]          ; Data_for_register_1:inst|Phase_data_index[2] ; inst1|altpll_component|auto_generated|pll1|clk[0] ; inst1|altpll_component|auto_generated|pll1|clk[0] ; 86.808       ; -0.036     ; 0.771      ;
; 85.988 ; Data_for_register_1:inst|bit_index[2]          ; Data_for_register_1:inst|Phase_data_index[1] ; inst1|altpll_component|auto_generated|pll1|clk[0] ; inst1|altpll_component|auto_generated|pll1|clk[0] ; 86.808       ; -0.036     ; 0.771      ;
; 85.988 ; Data_for_register_1:inst|bit_index[2]          ; Data_for_register_1:inst|Phase_data_index[0] ; inst1|altpll_component|auto_generated|pll1|clk[0] ; inst1|altpll_component|auto_generated|pll1|clk[0] ; 86.808       ; -0.036     ; 0.771      ;
; 86.012 ; Data_for_register_1:inst|Phase_data_index[2]   ; Data_for_register_1:inst|Phase_data_index[3] ; inst1|altpll_component|auto_generated|pll1|clk[0] ; inst1|altpll_component|auto_generated|pll1|clk[0] ; 86.808       ; -0.036     ; 0.747      ;
; 86.013 ; Data_for_register_1:inst|Phase_data_index[0]   ; Data_for_register_1:inst|Phase_data_index[1] ; inst1|altpll_component|auto_generated|pll1|clk[0] ; inst1|altpll_component|auto_generated|pll1|clk[0] ; 86.808       ; -0.036     ; 0.746      ;
; 86.192 ; Data_for_register_1:inst|bit_index[1]          ; Data_for_register_1:inst|bit_index[0]        ; inst1|altpll_component|auto_generated|pll1|clk[0] ; inst1|altpll_component|auto_generated|pll1|clk[0] ; 86.808       ; -0.036     ; 0.567      ;
; 86.214 ; Data_for_register_1:inst|bit_index[1]          ; Data_for_register_1:inst|bit_index[3]        ; inst1|altpll_component|auto_generated|pll1|clk[0] ; inst1|altpll_component|auto_generated|pll1|clk[0] ; 86.808       ; -0.036     ; 0.545      ;
; 86.218 ; Data_for_register_1:inst|Phase_data_index[0]   ; Data_for_register_1:inst|Phase_data_index[0] ; inst1|altpll_component|auto_generated|pll1|clk[0] ; inst1|altpll_component|auto_generated|pll1|clk[0] ; 86.808       ; -0.036     ; 0.541      ;
; 86.219 ; Data_for_register_1:inst|Phase_data_index[2]   ; Data_for_register_1:inst|Phase_data_index[2] ; inst1|altpll_component|auto_generated|pll1|clk[0] ; inst1|altpll_component|auto_generated|pll1|clk[0] ; 86.808       ; -0.036     ; 0.540      ;
; 86.221 ; Data_for_register_1:inst|bit_index[1]          ; Data_for_register_1:inst|bit_index[2]        ; inst1|altpll_component|auto_generated|pll1|clk[0] ; inst1|altpll_component|auto_generated|pll1|clk[0] ; 86.808       ; -0.036     ; 0.538      ;
; 86.223 ; Data_for_register_1:inst|Phase_data_index[4]   ; Data_for_register_1:inst|current_byte[0]     ; inst1|altpll_component|auto_generated|pll1|clk[0] ; inst1|altpll_component|auto_generated|pll1|clk[0] ; 86.808       ; -0.036     ; 0.536      ;
; 86.224 ; Data_for_register_1:inst|bit_index[3]          ; Data_for_register_1:inst|bit_index[0]        ; inst1|altpll_component|auto_generated|pll1|clk[0] ; inst1|altpll_component|auto_generated|pll1|clk[0] ; 86.808       ; -0.036     ; 0.535      ;
; 86.227 ; Data_for_register_1:inst|bit_index[3]          ; Data_for_register_1:inst|data_outpin_1       ; inst1|altpll_component|auto_generated|pll1|clk[0] ; inst1|altpll_component|auto_generated|pll1|clk[0] ; 86.808       ; -0.036     ; 0.532      ;
; 86.228 ; Data_for_register_1:inst|Phase_data_index[1]   ; Data_for_register_1:inst|Phase_data_index[1] ; inst1|altpll_component|auto_generated|pll1|clk[0] ; inst1|altpll_component|auto_generated|pll1|clk[0] ; 86.808       ; -0.036     ; 0.531      ;
; 86.231 ; Data_for_register_1:inst|Phase_data_index[3]   ; Data_for_register_1:inst|Phase_data_index[3] ; inst1|altpll_component|auto_generated|pll1|clk[0] ; inst1|altpll_component|auto_generated|pll1|clk[0] ; 86.808       ; -0.036     ; 0.528      ;
; 86.231 ; Data_for_register_1:inst|bit_index[2]          ; Data_for_register_1:inst|bit_index[3]        ; inst1|altpll_component|auto_generated|pll1|clk[0] ; inst1|altpll_component|auto_generated|pll1|clk[0] ; 86.808       ; -0.036     ; 0.528      ;
; 86.309 ; Data_for_register_1:inst|Phase_register[16][0] ; Data_for_register_1:inst|current_byte[0]     ; inst1|altpll_component|auto_generated|pll1|clk[0] ; inst1|altpll_component|auto_generated|pll1|clk[0] ; 86.808       ; -0.036     ; 0.450      ;
; 86.366 ; Data_for_register_1:inst|bit_index[0]          ; Data_for_register_1:inst|bit_index[3]        ; inst1|altpll_component|auto_generated|pll1|clk[0] ; inst1|altpll_component|auto_generated|pll1|clk[0] ; 86.808       ; -0.036     ; 0.393      ;
; 86.368 ; Data_for_register_1:inst|bit_index[0]          ; Data_for_register_1:inst|bit_index[2]        ; inst1|altpll_component|auto_generated|pll1|clk[0] ; inst1|altpll_component|auto_generated|pll1|clk[0] ; 86.808       ; -0.036     ; 0.391      ;
; 86.369 ; Data_for_register_1:inst|bit_index[0]          ; Data_for_register_1:inst|bit_index[1]        ; inst1|altpll_component|auto_generated|pll1|clk[0] ; inst1|altpll_component|auto_generated|pll1|clk[0] ; 86.808       ; -0.036     ; 0.390      ;
; 86.373 ; Data_for_register_1:inst|bit_index[2]          ; Data_for_register_1:inst|bit_index[0]        ; inst1|altpll_component|auto_generated|pll1|clk[0] ; inst1|altpll_component|auto_generated|pll1|clk[0] ; 86.808       ; -0.036     ; 0.386      ;
; 86.381 ; Data_for_register_1:inst|Phase_data_index[4]   ; Data_for_register_1:inst|Phase_data_index[4] ; inst1|altpll_component|auto_generated|pll1|clk[0] ; inst1|altpll_component|auto_generated|pll1|clk[0] ; 86.808       ; -0.036     ; 0.378      ;
; 86.386 ; Data_for_register_1:inst|current_byte[0]       ; Data_for_register_1:inst|data_outpin_1       ; inst1|altpll_component|auto_generated|pll1|clk[0] ; inst1|altpll_component|auto_generated|pll1|clk[0] ; 86.808       ; -0.036     ; 0.373      ;
; 86.400 ; Data_for_register_1:inst|bit_index[0]          ; Data_for_register_1:inst|bit_index[0]        ; inst1|altpll_component|auto_generated|pll1|clk[0] ; inst1|altpll_component|auto_generated|pll1|clk[0] ; 86.808       ; -0.036     ; 0.359      ;
; 86.400 ; Data_for_register_1:inst|bit_index[3]          ; Data_for_register_1:inst|bit_index[3]        ; inst1|altpll_component|auto_generated|pll1|clk[0] ; inst1|altpll_component|auto_generated|pll1|clk[0] ; 86.808       ; -0.036     ; 0.359      ;
; 86.400 ; Data_for_register_1:inst|bit_index[2]          ; Data_for_register_1:inst|bit_index[2]        ; inst1|altpll_component|auto_generated|pll1|clk[0] ; inst1|altpll_component|auto_generated|pll1|clk[0] ; 86.808       ; -0.036     ; 0.359      ;
; 86.400 ; Data_for_register_1:inst|bit_index[1]          ; Data_for_register_1:inst|bit_index[1]        ; inst1|altpll_component|auto_generated|pll1|clk[0] ; inst1|altpll_component|auto_generated|pll1|clk[0] ; 86.808       ; -0.036     ; 0.359      ;
+--------+------------------------------------------------+----------------------------------------------+---------------------------------------------------+---------------------------------------------------+--------------+------------+------------+


+--------------------------------------------------------------------------------------------------------------------------------------------------------------------------------------------------------------------------------------------------------+
; Fast 1200mV 0C Model Hold: 'inst1|altpll_component|auto_generated|pll1|clk[0]'                                                                                                                                                                         ;
+-------+------------------------------------------------+----------------------------------------------+---------------------------------------------------+---------------------------------------------------+--------------+------------+------------+
; Slack ; From Node                                      ; To Node                                      ; Launch Clock                                      ; Latch Clock                                       ; Relationship ; Clock Skew ; Data Delay ;
+-------+------------------------------------------------+----------------------------------------------+---------------------------------------------------+---------------------------------------------------+--------------+------------+------------+
; 0.187 ; Data_for_register_1:inst|bit_index[2]          ; Data_for_register_1:inst|bit_index[2]        ; inst1|altpll_component|auto_generated|pll1|clk[0] ; inst1|altpll_component|auto_generated|pll1|clk[0] ; 0.000        ; 0.036      ; 0.307      ;
; 0.187 ; Data_for_register_1:inst|bit_index[3]          ; Data_for_register_1:inst|bit_index[3]        ; inst1|altpll_component|auto_generated|pll1|clk[0] ; inst1|altpll_component|auto_generated|pll1|clk[0] ; 0.000        ; 0.036      ; 0.307      ;
; 0.187 ; Data_for_register_1:inst|bit_index[1]          ; Data_for_register_1:inst|bit_index[1]        ; inst1|altpll_component|auto_generated|pll1|clk[0] ; inst1|altpll_component|auto_generated|pll1|clk[0] ; 0.000        ; 0.036      ; 0.307      ;
; 0.194 ; Data_for_register_1:inst|current_byte[0]       ; Data_for_register_1:inst|data_outpin_1       ; inst1|altpll_component|auto_generated|pll1|clk[0] ; inst1|altpll_component|auto_generated|pll1|clk[0] ; 0.000        ; 0.036      ; 0.314      ;
; 0.194 ; Data_for_register_1:inst|bit_index[0]          ; Data_for_register_1:inst|bit_index[0]        ; inst1|altpll_component|auto_generated|pll1|clk[0] ; inst1|altpll_component|auto_generated|pll1|clk[0] ; 0.000        ; 0.036      ; 0.314      ;
; 0.197 ; Data_for_register_1:inst|Phase_data_index[4]   ; Data_for_register_1:inst|Phase_data_index[4] ; inst1|altpll_component|auto_generated|pll1|clk[0] ; inst1|altpll_component|auto_generated|pll1|clk[0] ; 0.000        ; 0.036      ; 0.317      ;
; 0.202 ; Data_for_register_1:inst|bit_index[2]          ; Data_for_register_1:inst|bit_index[0]        ; inst1|altpll_component|auto_generated|pll1|clk[0] ; inst1|altpll_component|auto_generated|pll1|clk[0] ; 0.000        ; 0.036      ; 0.322      ;
; 0.206 ; Data_for_register_1:inst|bit_index[0]          ; Data_for_register_1:inst|bit_index[2]        ; inst1|altpll_component|auto_generated|pll1|clk[0] ; inst1|altpll_component|auto_generated|pll1|clk[0] ; 0.000        ; 0.036      ; 0.326      ;
; 0.206 ; Data_for_register_1:inst|bit_index[0]          ; Data_for_register_1:inst|bit_index[1]        ; inst1|altpll_component|auto_generated|pll1|clk[0] ; inst1|altpll_component|auto_generated|pll1|clk[0] ; 0.000        ; 0.036      ; 0.326      ;
; 0.208 ; Data_for_register_1:inst|bit_index[0]          ; Data_for_register_1:inst|bit_index[3]        ; inst1|altpll_component|auto_generated|pll1|clk[0] ; inst1|altpll_component|auto_generated|pll1|clk[0] ; 0.000        ; 0.036      ; 0.328      ;
; 0.256 ; Data_for_register_1:inst|Phase_register[16][0] ; Data_for_register_1:inst|current_byte[0]     ; inst1|altpll_component|auto_generated|pll1|clk[0] ; inst1|altpll_component|auto_generated|pll1|clk[0] ; 0.000        ; 0.036      ; 0.376      ;
; 0.294 ; Data_for_register_1:inst|Phase_data_index[3]   ; Data_for_register_1:inst|Phase_data_index[3] ; inst1|altpll_component|auto_generated|pll1|clk[0] ; inst1|altpll_component|auto_generated|pll1|clk[0] ; 0.000        ; 0.036      ; 0.414      ;
; 0.295 ; Data_for_register_1:inst|Phase_data_index[1]   ; Data_for_register_1:inst|Phase_data_index[1] ; inst1|altpll_component|auto_generated|pll1|clk[0] ; inst1|altpll_component|auto_generated|pll1|clk[0] ; 0.000        ; 0.036      ; 0.415      ;
; 0.296 ; Data_for_register_1:inst|Phase_data_index[2]   ; Data_for_register_1:inst|Phase_data_index[2] ; inst1|altpll_component|auto_generated|pll1|clk[0] ; inst1|altpll_component|auto_generated|pll1|clk[0] ; 0.000        ; 0.036      ; 0.416      ;
; 0.303 ; Data_for_register_1:inst|Phase_data_index[4]   ; Data_for_register_1:inst|current_byte[0]     ; inst1|altpll_component|auto_generated|pll1|clk[0] ; inst1|altpll_component|auto_generated|pll1|clk[0] ; 0.000        ; 0.036      ; 0.423      ;
; 0.307 ; Data_for_register_1:inst|Phase_data_index[0]   ; Data_for_register_1:inst|Phase_data_index[0] ; inst1|altpll_component|auto_generated|pll1|clk[0] ; inst1|altpll_component|auto_generated|pll1|clk[0] ; 0.000        ; 0.036      ; 0.427      ;
; 0.307 ; Data_for_register_1:inst|bit_index[2]          ; Data_for_register_1:inst|bit_index[3]        ; inst1|altpll_component|auto_generated|pll1|clk[0] ; inst1|altpll_component|auto_generated|pll1|clk[0] ; 0.000        ; 0.036      ; 0.427      ;
; 0.316 ; Data_for_register_1:inst|bit_index[1]          ; Data_for_register_1:inst|bit_index[2]        ; inst1|altpll_component|auto_generated|pll1|clk[0] ; inst1|altpll_component|auto_generated|pll1|clk[0] ; 0.000        ; 0.036      ; 0.436      ;
; 0.317 ; Data_for_register_1:inst|bit_index[1]          ; Data_for_register_1:inst|bit_index[3]        ; inst1|altpll_component|auto_generated|pll1|clk[0] ; inst1|altpll_component|auto_generated|pll1|clk[0] ; 0.000        ; 0.036      ; 0.437      ;
; 0.320 ; Data_for_register_1:inst|bit_index[3]          ; Data_for_register_1:inst|data_outpin_1       ; inst1|altpll_component|auto_generated|pll1|clk[0] ; inst1|altpll_component|auto_generated|pll1|clk[0] ; 0.000        ; 0.036      ; 0.440      ;
; 0.345 ; Data_for_register_1:inst|bit_index[1]          ; Data_for_register_1:inst|bit_index[0]        ; inst1|altpll_component|auto_generated|pll1|clk[0] ; inst1|altpll_component|auto_generated|pll1|clk[0] ; 0.000        ; 0.036      ; 0.465      ;
; 0.349 ; Data_for_register_1:inst|bit_index[3]          ; Data_for_register_1:inst|bit_index[0]        ; inst1|altpll_component|auto_generated|pll1|clk[0] ; inst1|altpll_component|auto_generated|pll1|clk[0] ; 0.000        ; 0.036      ; 0.469      ;
; 0.443 ; Data_for_register_1:inst|Phase_data_index[3]   ; Data_for_register_1:inst|Phase_data_index[4] ; inst1|altpll_component|auto_generated|pll1|clk[0] ; inst1|altpll_component|auto_generated|pll1|clk[0] ; 0.000        ; 0.036      ; 0.563      ;
; 0.444 ; Data_for_register_1:inst|Phase_data_index[1]   ; Data_for_register_1:inst|Phase_data_index[2] ; inst1|altpll_component|auto_generated|pll1|clk[0] ; inst1|altpll_component|auto_generated|pll1|clk[0] ; 0.000        ; 0.036      ; 0.564      ;
; 0.454 ; Data_for_register_1:inst|Phase_data_index[2]   ; Data_for_register_1:inst|Phase_data_index[3] ; inst1|altpll_component|auto_generated|pll1|clk[0] ; inst1|altpll_component|auto_generated|pll1|clk[0] ; 0.000        ; 0.036      ; 0.574      ;
; 0.454 ; Data_for_register_1:inst|Phase_data_index[0]   ; Data_for_register_1:inst|Phase_data_index[1] ; inst1|altpll_component|auto_generated|pll1|clk[0] ; inst1|altpll_component|auto_generated|pll1|clk[0] ; 0.000        ; 0.036      ; 0.574      ;
; 0.457 ; Data_for_register_1:inst|Phase_data_index[2]   ; Data_for_register_1:inst|Phase_data_index[4] ; inst1|altpll_component|auto_generated|pll1|clk[0] ; inst1|altpll_component|auto_generated|pll1|clk[0] ; 0.000        ; 0.036      ; 0.577      ;
; 0.457 ; Data_for_register_1:inst|Phase_data_index[0]   ; Data_for_register_1:inst|Phase_data_index[2] ; inst1|altpll_component|auto_generated|pll1|clk[0] ; inst1|altpll_component|auto_generated|pll1|clk[0] ; 0.000        ; 0.036      ; 0.577      ;
; 0.507 ; Data_for_register_1:inst|Phase_data_index[1]   ; Data_for_register_1:inst|Phase_data_index[3] ; inst1|altpll_component|auto_generated|pll1|clk[0] ; inst1|altpll_component|auto_generated|pll1|clk[0] ; 0.000        ; 0.036      ; 0.627      ;
; 0.510 ; Data_for_register_1:inst|Phase_data_index[1]   ; Data_for_register_1:inst|Phase_data_index[4] ; inst1|altpll_component|auto_generated|pll1|clk[0] ; inst1|altpll_component|auto_generated|pll1|clk[0] ; 0.000        ; 0.036      ; 0.630      ;
; 0.520 ; Data_for_register_1:inst|Phase_data_index[0]   ; Data_for_register_1:inst|Phase_data_index[3] ; inst1|altpll_component|auto_generated|pll1|clk[0] ; inst1|altpll_component|auto_generated|pll1|clk[0] ; 0.000        ; 0.036      ; 0.640      ;
; 0.523 ; Data_for_register_1:inst|Phase_data_index[0]   ; Data_for_register_1:inst|Phase_data_index[4] ; inst1|altpll_component|auto_generated|pll1|clk[0] ; inst1|altpll_component|auto_generated|pll1|clk[0] ; 0.000        ; 0.036      ; 0.643      ;
; 0.639 ; Data_for_register_1:inst|bit_index[2]          ; Data_for_register_1:inst|Phase_data_index[4] ; inst1|altpll_component|auto_generated|pll1|clk[0] ; inst1|altpll_component|auto_generated|pll1|clk[0] ; 0.000        ; 0.036      ; 0.759      ;
; 0.639 ; Data_for_register_1:inst|bit_index[2]          ; Data_for_register_1:inst|Phase_data_index[3] ; inst1|altpll_component|auto_generated|pll1|clk[0] ; inst1|altpll_component|auto_generated|pll1|clk[0] ; 0.000        ; 0.036      ; 0.759      ;
; 0.639 ; Data_for_register_1:inst|bit_index[2]          ; Data_for_register_1:inst|Phase_data_index[2] ; inst1|altpll_component|auto_generated|pll1|clk[0] ; inst1|altpll_component|auto_generated|pll1|clk[0] ; 0.000        ; 0.036      ; 0.759      ;
; 0.639 ; Data_for_register_1:inst|bit_index[2]          ; Data_for_register_1:inst|Phase_data_index[1] ; inst1|altpll_component|auto_generated|pll1|clk[0] ; inst1|altpll_component|auto_generated|pll1|clk[0] ; 0.000        ; 0.036      ; 0.759      ;
; 0.639 ; Data_for_register_1:inst|bit_index[2]          ; Data_for_register_1:inst|Phase_data_index[0] ; inst1|altpll_component|auto_generated|pll1|clk[0] ; inst1|altpll_component|auto_generated|pll1|clk[0] ; 0.000        ; 0.036      ; 0.759      ;
; 0.764 ; Data_for_register_1:inst|bit_index[1]          ; Data_for_register_1:inst|Phase_data_index[4] ; inst1|altpll_component|auto_generated|pll1|clk[0] ; inst1|altpll_component|auto_generated|pll1|clk[0] ; 0.000        ; 0.036      ; 0.884      ;
; 0.764 ; Data_for_register_1:inst|bit_index[1]          ; Data_for_register_1:inst|Phase_data_index[3] ; inst1|altpll_component|auto_generated|pll1|clk[0] ; inst1|altpll_component|auto_generated|pll1|clk[0] ; 0.000        ; 0.036      ; 0.884      ;
; 0.764 ; Data_for_register_1:inst|bit_index[1]          ; Data_for_register_1:inst|Phase_data_index[2] ; inst1|altpll_component|auto_generated|pll1|clk[0] ; inst1|altpll_component|auto_generated|pll1|clk[0] ; 0.000        ; 0.036      ; 0.884      ;
; 0.764 ; Data_for_register_1:inst|bit_index[1]          ; Data_for_register_1:inst|Phase_data_index[1] ; inst1|altpll_component|auto_generated|pll1|clk[0] ; inst1|altpll_component|auto_generated|pll1|clk[0] ; 0.000        ; 0.036      ; 0.884      ;
; 0.764 ; Data_for_register_1:inst|bit_index[1]          ; Data_for_register_1:inst|Phase_data_index[0] ; inst1|altpll_component|auto_generated|pll1|clk[0] ; inst1|altpll_component|auto_generated|pll1|clk[0] ; 0.000        ; 0.036      ; 0.884      ;
; 0.782 ; Data_for_register_1:inst|bit_index[3]          ; Data_for_register_1:inst|Phase_data_index[4] ; inst1|altpll_component|auto_generated|pll1|clk[0] ; inst1|altpll_component|auto_generated|pll1|clk[0] ; 0.000        ; 0.036      ; 0.902      ;
; 0.782 ; Data_for_register_1:inst|bit_index[3]          ; Data_for_register_1:inst|Phase_data_index[3] ; inst1|altpll_component|auto_generated|pll1|clk[0] ; inst1|altpll_component|auto_generated|pll1|clk[0] ; 0.000        ; 0.036      ; 0.902      ;
; 0.782 ; Data_for_register_1:inst|bit_index[3]          ; Data_for_register_1:inst|Phase_data_index[2] ; inst1|altpll_component|auto_generated|pll1|clk[0] ; inst1|altpll_component|auto_generated|pll1|clk[0] ; 0.000        ; 0.036      ; 0.902      ;
; 0.782 ; Data_for_register_1:inst|bit_index[3]          ; Data_for_register_1:inst|Phase_data_index[1] ; inst1|altpll_component|auto_generated|pll1|clk[0] ; inst1|altpll_component|auto_generated|pll1|clk[0] ; 0.000        ; 0.036      ; 0.902      ;
; 0.782 ; Data_for_register_1:inst|bit_index[3]          ; Data_for_register_1:inst|Phase_data_index[0] ; inst1|altpll_component|auto_generated|pll1|clk[0] ; inst1|altpll_component|auto_generated|pll1|clk[0] ; 0.000        ; 0.036      ; 0.902      ;
; 0.791 ; Data_for_register_1:inst|bit_index[0]          ; Data_for_register_1:inst|Phase_data_index[4] ; inst1|altpll_component|auto_generated|pll1|clk[0] ; inst1|altpll_component|auto_generated|pll1|clk[0] ; 0.000        ; 0.036      ; 0.911      ;
; 0.791 ; Data_for_register_1:inst|bit_index[0]          ; Data_for_register_1:inst|Phase_data_index[3] ; inst1|altpll_component|auto_generated|pll1|clk[0] ; inst1|altpll_component|auto_generated|pll1|clk[0] ; 0.000        ; 0.036      ; 0.911      ;
; 0.791 ; Data_for_register_1:inst|bit_index[0]          ; Data_for_register_1:inst|Phase_data_index[2] ; inst1|altpll_component|auto_generated|pll1|clk[0] ; inst1|altpll_component|auto_generated|pll1|clk[0] ; 0.000        ; 0.036      ; 0.911      ;
; 0.791 ; Data_for_register_1:inst|bit_index[0]          ; Data_for_register_1:inst|Phase_data_index[1] ; inst1|altpll_component|auto_generated|pll1|clk[0] ; inst1|altpll_component|auto_generated|pll1|clk[0] ; 0.000        ; 0.036      ; 0.911      ;
; 0.791 ; Data_for_register_1:inst|bit_index[0]          ; Data_for_register_1:inst|Phase_data_index[0] ; inst1|altpll_component|auto_generated|pll1|clk[0] ; inst1|altpll_component|auto_generated|pll1|clk[0] ; 0.000        ; 0.036      ; 0.911      ;
+-------+------------------------------------------------+----------------------------------------------+---------------------------------------------------+---------------------------------------------------+--------------+------------+------------+


+-------------------------------------------------------------------------------------------------------------------------------------------------+
; Fast 1200mV 0C Model Minimum Pulse Width: 'CLK_BASE'                                                                                            ;
+--------+--------------+----------------+------------------+----------+------------+-------------------------------------------------------------+
; Slack  ; Actual Width ; Required Width ; Type             ; Clock    ; Clock Edge ; Target                                                      ;
+--------+--------------+----------------+------------------+----------+------------+-------------------------------------------------------------+
; 9.594  ; 9.594        ; 0.000          ; Low Pulse Width  ; CLK_BASE ; Rise       ; inst1|altpll_component|auto_generated|pll1|clk[0]           ;
; 9.594  ; 9.594        ; 0.000          ; Low Pulse Width  ; CLK_BASE ; Rise       ; inst1|altpll_component|auto_generated|pll1|clk[1]           ;
; 9.594  ; 9.594        ; 0.000          ; Low Pulse Width  ; CLK_BASE ; Rise       ; inst1|altpll_component|auto_generated|pll1|observablevcoout ;
; 9.620  ; 9.620        ; 0.000          ; Low Pulse Width  ; CLK_BASE ; Rise       ; CLK_BASE~input|o                                            ;
; 9.622  ; 9.622        ; 0.000          ; Low Pulse Width  ; CLK_BASE ; Rise       ; inst1|altpll_component|auto_generated|pll1|inclk[0]         ;
; 10.000 ; 10.000       ; 0.000          ; High Pulse Width ; CLK_BASE ; Rise       ; CLK_BASE~input|i                                            ;
; 10.000 ; 10.000       ; 0.000          ; Low Pulse Width  ; CLK_BASE ; Rise       ; CLK_BASE~input|i                                            ;
; 10.377 ; 10.377       ; 0.000          ; High Pulse Width ; CLK_BASE ; Rise       ; inst1|altpll_component|auto_generated|pll1|inclk[0]         ;
; 10.380 ; 10.380       ; 0.000          ; High Pulse Width ; CLK_BASE ; Rise       ; CLK_BASE~input|o                                            ;
; 10.404 ; 10.404       ; 0.000          ; High Pulse Width ; CLK_BASE ; Rise       ; inst1|altpll_component|auto_generated|pll1|clk[0]           ;
; 10.404 ; 10.404       ; 0.000          ; High Pulse Width ; CLK_BASE ; Rise       ; inst1|altpll_component|auto_generated|pll1|clk[1]           ;
; 10.404 ; 10.404       ; 0.000          ; High Pulse Width ; CLK_BASE ; Rise       ; inst1|altpll_component|auto_generated|pll1|observablevcoout ;
; 16.000 ; 20.000       ; 4.000          ; Port Rate        ; CLK_BASE ; Rise       ; CLK_BASE                                                    ;
+--------+--------------+----------------+------------------+----------+------------+-------------------------------------------------------------+


+------------------------------------------------------------------------------------------------------------------------------------------------------------------------------------------------------+
; Fast 1200mV 0C Model Minimum Pulse Width: 'inst1|altpll_component|auto_generated|pll1|clk[0]'                                                                                                        ;
+--------+--------------+----------------+------------------+---------------------------------------------------+------------+-------------------------------------------------------------------------+
; Slack  ; Actual Width ; Required Width ; Type             ; Clock                                             ; Clock Edge ; Target                                                                  ;
+--------+--------------+----------------+------------------+---------------------------------------------------+------------+-------------------------------------------------------------------------+
; 43.202 ; 43.386       ; 0.184          ; Low Pulse Width  ; inst1|altpll_component|auto_generated|pll1|clk[0] ; Rise       ; Data_for_register_1:inst|Phase_data_index[0]                            ;
; 43.202 ; 43.386       ; 0.184          ; Low Pulse Width  ; inst1|altpll_component|auto_generated|pll1|clk[0] ; Rise       ; Data_for_register_1:inst|Phase_data_index[1]                            ;
; 43.202 ; 43.386       ; 0.184          ; Low Pulse Width  ; inst1|altpll_component|auto_generated|pll1|clk[0] ; Rise       ; Data_for_register_1:inst|Phase_data_index[2]                            ;
; 43.202 ; 43.386       ; 0.184          ; Low Pulse Width  ; inst1|altpll_component|auto_generated|pll1|clk[0] ; Rise       ; Data_for_register_1:inst|Phase_data_index[3]                            ;
; 43.202 ; 43.386       ; 0.184          ; Low Pulse Width  ; inst1|altpll_component|auto_generated|pll1|clk[0] ; Rise       ; Data_for_register_1:inst|Phase_data_index[4]                            ;
; 43.202 ; 43.386       ; 0.184          ; Low Pulse Width  ; inst1|altpll_component|auto_generated|pll1|clk[0] ; Rise       ; Data_for_register_1:inst|Phase_register[16][0]                          ;
; 43.202 ; 43.386       ; 0.184          ; Low Pulse Width  ; inst1|altpll_component|auto_generated|pll1|clk[0] ; Rise       ; Data_for_register_1:inst|bit_index[0]                                   ;
; 43.202 ; 43.386       ; 0.184          ; Low Pulse Width  ; inst1|altpll_component|auto_generated|pll1|clk[0] ; Rise       ; Data_for_register_1:inst|bit_index[1]                                   ;
; 43.202 ; 43.386       ; 0.184          ; Low Pulse Width  ; inst1|altpll_component|auto_generated|pll1|clk[0] ; Rise       ; Data_for_register_1:inst|bit_index[2]                                   ;
; 43.202 ; 43.386       ; 0.184          ; Low Pulse Width  ; inst1|altpll_component|auto_generated|pll1|clk[0] ; Rise       ; Data_for_register_1:inst|bit_index[3]                                   ;
; 43.202 ; 43.386       ; 0.184          ; Low Pulse Width  ; inst1|altpll_component|auto_generated|pll1|clk[0] ; Rise       ; Data_for_register_1:inst|current_byte[0]                                ;
; 43.202 ; 43.386       ; 0.184          ; Low Pulse Width  ; inst1|altpll_component|auto_generated|pll1|clk[0] ; Rise       ; Data_for_register_1:inst|data_outpin_1                                  ;
; 43.203 ; 43.419       ; 0.216          ; High Pulse Width ; inst1|altpll_component|auto_generated|pll1|clk[0] ; Rise       ; Data_for_register_1:inst|Phase_data_index[0]                            ;
; 43.203 ; 43.419       ; 0.216          ; High Pulse Width ; inst1|altpll_component|auto_generated|pll1|clk[0] ; Rise       ; Data_for_register_1:inst|Phase_data_index[1]                            ;
; 43.203 ; 43.419       ; 0.216          ; High Pulse Width ; inst1|altpll_component|auto_generated|pll1|clk[0] ; Rise       ; Data_for_register_1:inst|Phase_data_index[2]                            ;
; 43.203 ; 43.419       ; 0.216          ; High Pulse Width ; inst1|altpll_component|auto_generated|pll1|clk[0] ; Rise       ; Data_for_register_1:inst|Phase_data_index[3]                            ;
; 43.203 ; 43.419       ; 0.216          ; High Pulse Width ; inst1|altpll_component|auto_generated|pll1|clk[0] ; Rise       ; Data_for_register_1:inst|Phase_data_index[4]                            ;
; 43.203 ; 43.419       ; 0.216          ; High Pulse Width ; inst1|altpll_component|auto_generated|pll1|clk[0] ; Rise       ; Data_for_register_1:inst|Phase_register[16][0]                          ;
; 43.203 ; 43.419       ; 0.216          ; High Pulse Width ; inst1|altpll_component|auto_generated|pll1|clk[0] ; Rise       ; Data_for_register_1:inst|bit_index[0]                                   ;
; 43.203 ; 43.419       ; 0.216          ; High Pulse Width ; inst1|altpll_component|auto_generated|pll1|clk[0] ; Rise       ; Data_for_register_1:inst|bit_index[1]                                   ;
; 43.203 ; 43.419       ; 0.216          ; High Pulse Width ; inst1|altpll_component|auto_generated|pll1|clk[0] ; Rise       ; Data_for_register_1:inst|bit_index[2]                                   ;
; 43.203 ; 43.419       ; 0.216          ; High Pulse Width ; inst1|altpll_component|auto_generated|pll1|clk[0] ; Rise       ; Data_for_register_1:inst|bit_index[3]                                   ;
; 43.203 ; 43.419       ; 0.216          ; High Pulse Width ; inst1|altpll_component|auto_generated|pll1|clk[0] ; Rise       ; Data_for_register_1:inst|current_byte[0]                                ;
; 43.203 ; 43.419       ; 0.216          ; High Pulse Width ; inst1|altpll_component|auto_generated|pll1|clk[0] ; Rise       ; Data_for_register_1:inst|data_outpin_1                                  ;
; 43.382 ; 43.382       ; 0.000          ; Low Pulse Width  ; inst1|altpll_component|auto_generated|pll1|clk[0] ; Rise       ; inst|Phase_data_index[0]|clk                                            ;
; 43.382 ; 43.382       ; 0.000          ; Low Pulse Width  ; inst1|altpll_component|auto_generated|pll1|clk[0] ; Rise       ; inst|Phase_data_index[1]|clk                                            ;
; 43.382 ; 43.382       ; 0.000          ; Low Pulse Width  ; inst1|altpll_component|auto_generated|pll1|clk[0] ; Rise       ; inst|Phase_data_index[2]|clk                                            ;
; 43.382 ; 43.382       ; 0.000          ; Low Pulse Width  ; inst1|altpll_component|auto_generated|pll1|clk[0] ; Rise       ; inst|Phase_data_index[3]|clk                                            ;
; 43.382 ; 43.382       ; 0.000          ; Low Pulse Width  ; inst1|altpll_component|auto_generated|pll1|clk[0] ; Rise       ; inst|Phase_data_index[4]|clk                                            ;
; 43.382 ; 43.382       ; 0.000          ; Low Pulse Width  ; inst1|altpll_component|auto_generated|pll1|clk[0] ; Rise       ; inst|Phase_register[16][0]|clk                                          ;
; 43.382 ; 43.382       ; 0.000          ; Low Pulse Width  ; inst1|altpll_component|auto_generated|pll1|clk[0] ; Rise       ; inst|bit_index[0]|clk                                                   ;
; 43.382 ; 43.382       ; 0.000          ; Low Pulse Width  ; inst1|altpll_component|auto_generated|pll1|clk[0] ; Rise       ; inst|bit_index[1]|clk                                                   ;
; 43.382 ; 43.382       ; 0.000          ; Low Pulse Width  ; inst1|altpll_component|auto_generated|pll1|clk[0] ; Rise       ; inst|bit_index[2]|clk                                                   ;
; 43.382 ; 43.382       ; 0.000          ; Low Pulse Width  ; inst1|altpll_component|auto_generated|pll1|clk[0] ; Rise       ; inst|bit_index[3]|clk                                                   ;
; 43.382 ; 43.382       ; 0.000          ; Low Pulse Width  ; inst1|altpll_component|auto_generated|pll1|clk[0] ; Rise       ; inst|current_byte[0]|clk                                                ;
; 43.382 ; 43.382       ; 0.000          ; Low Pulse Width  ; inst1|altpll_component|auto_generated|pll1|clk[0] ; Rise       ; inst|data_outpin_1|clk                                                  ;
; 43.403 ; 43.403       ; 0.000          ; High Pulse Width ; inst1|altpll_component|auto_generated|pll1|clk[0] ; Rise       ; inst1|altpll_component|auto_generated|wire_pll1_clk[0]~clkctrl|inclk[0] ;
; 43.403 ; 43.403       ; 0.000          ; High Pulse Width ; inst1|altpll_component|auto_generated|pll1|clk[0] ; Rise       ; inst1|altpll_component|auto_generated|wire_pll1_clk[0]~clkctrl|outclk   ;
; 43.405 ; 43.405       ; 0.000          ; Low Pulse Width  ; inst1|altpll_component|auto_generated|pll1|clk[0] ; Rise       ; inst1|altpll_component|auto_generated|wire_pll1_clk[0]~clkctrl|inclk[0] ;
; 43.405 ; 43.405       ; 0.000          ; Low Pulse Width  ; inst1|altpll_component|auto_generated|pll1|clk[0] ; Rise       ; inst1|altpll_component|auto_generated|wire_pll1_clk[0]~clkctrl|outclk   ;
; 43.425 ; 43.425       ; 0.000          ; High Pulse Width ; inst1|altpll_component|auto_generated|pll1|clk[0] ; Rise       ; inst|Phase_data_index[0]|clk                                            ;
; 43.425 ; 43.425       ; 0.000          ; High Pulse Width ; inst1|altpll_component|auto_generated|pll1|clk[0] ; Rise       ; inst|Phase_data_index[1]|clk                                            ;
; 43.425 ; 43.425       ; 0.000          ; High Pulse Width ; inst1|altpll_component|auto_generated|pll1|clk[0] ; Rise       ; inst|Phase_data_index[2]|clk                                            ;
; 43.425 ; 43.425       ; 0.000          ; High Pulse Width ; inst1|altpll_component|auto_generated|pll1|clk[0] ; Rise       ; inst|Phase_data_index[3]|clk                                            ;
; 43.425 ; 43.425       ; 0.000          ; High Pulse Width ; inst1|altpll_component|auto_generated|pll1|clk[0] ; Rise       ; inst|Phase_data_index[4]|clk                                            ;
; 43.425 ; 43.425       ; 0.000          ; High Pulse Width ; inst1|altpll_component|auto_generated|pll1|clk[0] ; Rise       ; inst|Phase_register[16][0]|clk                                          ;
; 43.425 ; 43.425       ; 0.000          ; High Pulse Width ; inst1|altpll_component|auto_generated|pll1|clk[0] ; Rise       ; inst|bit_index[0]|clk                                                   ;
; 43.425 ; 43.425       ; 0.000          ; High Pulse Width ; inst1|altpll_component|auto_generated|pll1|clk[0] ; Rise       ; inst|bit_index[1]|clk                                                   ;
; 43.425 ; 43.425       ; 0.000          ; High Pulse Width ; inst1|altpll_component|auto_generated|pll1|clk[0] ; Rise       ; inst|bit_index[2]|clk                                                   ;
; 43.425 ; 43.425       ; 0.000          ; High Pulse Width ; inst1|altpll_component|auto_generated|pll1|clk[0] ; Rise       ; inst|bit_index[3]|clk                                                   ;
; 43.425 ; 43.425       ; 0.000          ; High Pulse Width ; inst1|altpll_component|auto_generated|pll1|clk[0] ; Rise       ; inst|current_byte[0]|clk                                                ;
; 43.425 ; 43.425       ; 0.000          ; High Pulse Width ; inst1|altpll_component|auto_generated|pll1|clk[0] ; Rise       ; inst|data_outpin_1|clk                                                  ;
; 84.808 ; 86.808       ; 2.000          ; Min Period       ; inst1|altpll_component|auto_generated|pll1|clk[0] ; Rise       ; Data_for_register_1:inst|Phase_data_index[0]                            ;
; 84.808 ; 86.808       ; 2.000          ; Min Period       ; inst1|altpll_component|auto_generated|pll1|clk[0] ; Rise       ; Data_for_register_1:inst|Phase_data_index[1]                            ;
; 84.808 ; 86.808       ; 2.000          ; Min Period       ; inst1|altpll_component|auto_generated|pll1|clk[0] ; Rise       ; Data_for_register_1:inst|Phase_data_index[2]                            ;
; 84.808 ; 86.808       ; 2.000          ; Min Period       ; inst1|altpll_component|auto_generated|pll1|clk[0] ; Rise       ; Data_for_register_1:inst|Phase_data_index[3]                            ;
; 84.808 ; 86.808       ; 2.000          ; Min Period       ; inst1|altpll_component|auto_generated|pll1|clk[0] ; Rise       ; Data_for_register_1:inst|Phase_data_index[4]                            ;
; 84.808 ; 86.808       ; 2.000          ; Min Period       ; inst1|altpll_component|auto_generated|pll1|clk[0] ; Rise       ; Data_for_register_1:inst|Phase_register[16][0]                          ;
; 84.808 ; 86.808       ; 2.000          ; Min Period       ; inst1|altpll_component|auto_generated|pll1|clk[0] ; Rise       ; Data_for_register_1:inst|bit_index[0]                                   ;
; 84.808 ; 86.808       ; 2.000          ; Min Period       ; inst1|altpll_component|auto_generated|pll1|clk[0] ; Rise       ; Data_for_register_1:inst|bit_index[1]                                   ;
; 84.808 ; 86.808       ; 2.000          ; Min Period       ; inst1|altpll_component|auto_generated|pll1|clk[0] ; Rise       ; Data_for_register_1:inst|bit_index[2]                                   ;
; 84.808 ; 86.808       ; 2.000          ; Min Period       ; inst1|altpll_component|auto_generated|pll1|clk[0] ; Rise       ; Data_for_register_1:inst|bit_index[3]                                   ;
; 84.808 ; 86.808       ; 2.000          ; Min Period       ; inst1|altpll_component|auto_generated|pll1|clk[0] ; Rise       ; Data_for_register_1:inst|current_byte[0]                                ;
; 84.808 ; 86.808       ; 2.000          ; Min Period       ; inst1|altpll_component|auto_generated|pll1|clk[0] ; Rise       ; Data_for_register_1:inst|data_outpin_1                                  ;
+--------+--------------+----------------+------------------+---------------------------------------------------+------------+-------------------------------------------------------------------------+


+-------------------------------------------------------------------------------------------------------------+
; Clock to Output Times                                                                                       ;
+---------------+------------+-------+-------+------------+---------------------------------------------------+
; Data Port     ; Clock Port ; Rise  ; Fall  ; Clock Edge ; Clock Reference                                   ;
+---------------+------------+-------+-------+------------+---------------------------------------------------+
; DATA[*]       ; CLK_BASE   ; 2.030 ; 2.071 ; Rise       ; inst1|altpll_component|auto_generated|pll1|clk[0] ;
;  DATA[0]      ; CLK_BASE   ; 2.030 ; 2.071 ; Rise       ; inst1|altpll_component|auto_generated|pll1|clk[0] ;
; SHIFT_CLOCK_1 ; CLK_BASE   ; 1.543 ;       ; Rise       ; inst1|altpll_component|auto_generated|pll1|clk[0] ;
; SHIFT_CLOCK_1 ; CLK_BASE   ;       ; 1.609 ; Fall       ; inst1|altpll_component|auto_generated|pll1|clk[0] ;
; LATCH_CLOCK_1 ; CLK_BASE   ; 1.543 ;       ; Rise       ; inst1|altpll_component|auto_generated|pll1|clk[1] ;
; LATCH_CLOCK_1 ; CLK_BASE   ;       ; 1.610 ; Fall       ; inst1|altpll_component|auto_generated|pll1|clk[1] ;
+---------------+------------+-------+-------+------------+---------------------------------------------------+


+-------------------------------------------------------------------------------------------------------------+
; Minimum Clock to Output Times                                                                               ;
+---------------+------------+-------+-------+------------+---------------------------------------------------+
; Data Port     ; Clock Port ; Rise  ; Fall  ; Clock Edge ; Clock Reference                                   ;
+---------------+------------+-------+-------+------------+---------------------------------------------------+
; DATA[*]       ; CLK_BASE   ; 1.769 ; 1.809 ; Rise       ; inst1|altpll_component|auto_generated|pll1|clk[0] ;
;  DATA[0]      ; CLK_BASE   ; 1.769 ; 1.809 ; Rise       ; inst1|altpll_component|auto_generated|pll1|clk[0] ;
; SHIFT_CLOCK_1 ; CLK_BASE   ; 1.311 ;       ; Rise       ; inst1|altpll_component|auto_generated|pll1|clk[0] ;
; SHIFT_CLOCK_1 ; CLK_BASE   ;       ; 1.376 ; Fall       ; inst1|altpll_component|auto_generated|pll1|clk[0] ;
; LATCH_CLOCK_1 ; CLK_BASE   ; 1.312 ;       ; Rise       ; inst1|altpll_component|auto_generated|pll1|clk[1] ;
; LATCH_CLOCK_1 ; CLK_BASE   ;       ; 1.377 ; Fall       ; inst1|altpll_component|auto_generated|pll1|clk[1] ;
+---------------+------------+-------+-------+------------+---------------------------------------------------+


---------------------------------------------
; Fast 1200mV 0C Model Metastability Report ;
---------------------------------------------
No synchronizer chains to report.


+----------------------------------------------------------------------------------------------------------------+
; Multicorner Timing Analysis Summary                                                                            ;
+----------------------------------------------------+--------+-------+----------+---------+---------------------+
; Clock                                              ; Setup  ; Hold  ; Recovery ; Removal ; Minimum Pulse Width ;
+----------------------------------------------------+--------+-------+----------+---------+---------------------+
; Worst-case Slack                                   ; 84.493 ; 0.187 ; N/A      ; N/A     ; 9.594               ;
;  CLK_BASE                                          ; N/A    ; N/A   ; N/A      ; N/A     ; 9.594               ;
;  inst1|altpll_component|auto_generated|pll1|clk[0] ; 84.493 ; 0.187 ; N/A      ; N/A     ; 43.124              ;
; Design-wide TNS                                    ; 0.0    ; 0.0   ; 0.0      ; 0.0     ; 0.0                 ;
;  CLK_BASE                                          ; N/A    ; N/A   ; N/A      ; N/A     ; 0.000               ;
;  inst1|altpll_component|auto_generated|pll1|clk[0] ; 0.000  ; 0.000 ; N/A      ; N/A     ; 0.000               ;
+----------------------------------------------------+--------+-------+----------+---------+---------------------+


+-------------------------------------------------------------------------------------------------------------+
; Clock to Output Times                                                                                       ;
+---------------+------------+-------+-------+------------+---------------------------------------------------+
; Data Port     ; Clock Port ; Rise  ; Fall  ; Clock Edge ; Clock Reference                                   ;
+---------------+------------+-------+-------+------------+---------------------------------------------------+
; DATA[*]       ; CLK_BASE   ; 4.486 ; 4.394 ; Rise       ; inst1|altpll_component|auto_generated|pll1|clk[0] ;
;  DATA[0]      ; CLK_BASE   ; 4.486 ; 4.394 ; Rise       ; inst1|altpll_component|auto_generated|pll1|clk[0] ;
; SHIFT_CLOCK_1 ; CLK_BASE   ; 3.244 ;       ; Rise       ; inst1|altpll_component|auto_generated|pll1|clk[0] ;
; SHIFT_CLOCK_1 ; CLK_BASE   ;       ; 3.199 ; Fall       ; inst1|altpll_component|auto_generated|pll1|clk[0] ;
; LATCH_CLOCK_1 ; CLK_BASE   ; 3.247 ;       ; Rise       ; inst1|altpll_component|auto_generated|pll1|clk[1] ;
; LATCH_CLOCK_1 ; CLK_BASE   ;       ; 3.203 ; Fall       ; inst1|altpll_component|auto_generated|pll1|clk[1] ;
+---------------+------------+-------+-------+------------+---------------------------------------------------+


+-------------------------------------------------------------------------------------------------------------+
; Minimum Clock to Output Times                                                                               ;
+---------------+------------+-------+-------+------------+---------------------------------------------------+
; Data Port     ; Clock Port ; Rise  ; Fall  ; Clock Edge ; Clock Reference                                   ;
+---------------+------------+-------+-------+------------+---------------------------------------------------+
; DATA[*]       ; CLK_BASE   ; 1.769 ; 1.809 ; Rise       ; inst1|altpll_component|auto_generated|pll1|clk[0] ;
;  DATA[0]      ; CLK_BASE   ; 1.769 ; 1.809 ; Rise       ; inst1|altpll_component|auto_generated|pll1|clk[0] ;
; SHIFT_CLOCK_1 ; CLK_BASE   ; 1.311 ;       ; Rise       ; inst1|altpll_component|auto_generated|pll1|clk[0] ;
; SHIFT_CLOCK_1 ; CLK_BASE   ;       ; 1.376 ; Fall       ; inst1|altpll_component|auto_generated|pll1|clk[0] ;
; LATCH_CLOCK_1 ; CLK_BASE   ; 1.312 ;       ; Rise       ; inst1|altpll_component|auto_generated|pll1|clk[1] ;
; LATCH_CLOCK_1 ; CLK_BASE   ;       ; 1.377 ; Fall       ; inst1|altpll_component|auto_generated|pll1|clk[1] ;
+---------------+------------+-------+-------+------------+---------------------------------------------------+


+------------------------------------------------------------------------------------------------------------------------------------------------------------------------------------------------------------------------------------------------------------------------------------------------------------------------------------------------------------------------------------------------------------------+
; Board Trace Model Assignments                                                                                                                                                                                                                                                                                                                                                                                    ;
+---------------+--------------+-------------------+-------------------------+-------------------------+---------------+---------------------+----------------+------------------+--------+------------------+------------------------+------------------------+--------------+---------------+-----------------+-------+---------------------+--------------------+---------------+-----------------+-------------+
; Pin           ; I/O Standard ; Near Tline Length ; Near Tline L per Length ; Near Tline C per Length ; Near Series R ; Near Differential R ; Near Pull-up R ; Near Pull-down R ; Near C ; Far Tline Length ; Far Tline L per Length ; Far Tline C per Length ; Far Series R ; Far Pull-up R ; Far Pull-down R ; Far C ; Termination Voltage ; Far Differential R ; EBD File Name ; EBD Signal Name ; EBD Far-end ;
+---------------+--------------+-------------------+-------------------------+-------------------------+---------------+---------------------+----------------+------------------+--------+------------------+------------------------+------------------------+--------------+---------------+-----------------+-------+---------------------+--------------------+---------------+-----------------+-------------+
; SHIFT_CLOCK_1 ; 2.5 V        ; 0 in              ; 0 H/in                  ; 0 F/in                  ; short         ; -                   ; open           ; open             ; open   ; 0 in             ; 0 H/in                 ; 0 F/in                 ; short        ; open          ; open            ; open  ; 0 V                 ; -                  ; n/a           ; n/a             ; n/a         ;
; LATCH_CLOCK_1 ; 2.5 V        ; 0 in              ; 0 H/in                  ; 0 F/in                  ; short         ; -                   ; open           ; open             ; open   ; 0 in             ; 0 H/in                 ; 0 F/in                 ; short        ; open          ; open            ; open  ; 0 V                 ; -                  ; n/a           ; n/a             ; n/a         ;
; DATA[0]       ; 2.5 V        ; 0 in              ; 0 H/in                  ; 0 F/in                  ; short         ; -                   ; open           ; open             ; open   ; 0 in             ; 0 H/in                 ; 0 F/in                 ; short        ; open          ; open            ; open  ; 0 V                 ; -                  ; n/a           ; n/a             ; n/a         ;
; ~ALTERA_DCLK~ ; 2.5 V        ; 0 in              ; 0 H/in                  ; 0 F/in                  ; short         ; -                   ; open           ; open             ; open   ; 0 in             ; 0 H/in                 ; 0 F/in                 ; short        ; open          ; open            ; open  ; 0 V                 ; -                  ; n/a           ; n/a             ; n/a         ;
; ~ALTERA_nCEO~ ; 2.5 V        ; 0 in              ; 0 H/in                  ; 0 F/in                  ; short         ; -                   ; open           ; open             ; open   ; 0 in             ; 0 H/in                 ; 0 F/in                 ; short        ; open          ; open            ; open  ; 0 V                 ; -                  ; n/a           ; n/a             ; n/a         ;
+---------------+--------------+-------------------+-------------------------+-------------------------+---------------+---------------------+----------------+------------------+--------+------------------+------------------------+------------------------+--------------+---------------+-----------------+-------+---------------------+--------------------+---------------+-----------------+-------------+


+----------------------------------------------------------------------------+
; Input Transition Times                                                     ;
+-------------------------+--------------+-----------------+-----------------+
; Pin                     ; I/O Standard ; 10-90 Rise Time ; 90-10 Fall Time ;
+-------------------------+--------------+-----------------+-----------------+
; CLK_BASE                ; 2.5 V        ; 2000 ps         ; 2000 ps         ;
; ~ALTERA_ASDO_DATA1~     ; 2.5 V        ; 2000 ps         ; 2000 ps         ;
; ~ALTERA_FLASH_nCE_nCSO~ ; 2.5 V        ; 2000 ps         ; 2000 ps         ;
; ~ALTERA_DATA0~          ; 2.5 V        ; 2000 ps         ; 2000 ps         ;
+-------------------------+--------------+-----------------+-----------------+


+--------------------------------------------------------------------------------------------------------------------------------------------------------------------------------------------------------------------------------------------------------------------------------------------------------------------------------------------------------------------------------------------------------------------------------------------------------------------------------------------------------------------------------------------------------------------------------------------------------------------------------------------------------------------------------------------+
; Signal Integrity Metrics (Slow 1200mv 0c Model)                                                                                                                                                                                                                                                                                                                                                                                                                                                                                                                                                                                                                                            ;
+---------------+--------------+---------------------+---------------------+------------------------------+------------------------------+---------------------+---------------------+--------------------------------------+--------------------------------------+-----------------------------+-----------------------------+----------------------------+----------------------------+-----------------------------+-----------------------------+--------------------+--------------------+-------------------------------------+-------------------------------------+----------------------------+----------------------------+---------------------------+---------------------------+
; Pin           ; I/O Standard ; Board Delay on Rise ; Board Delay on Fall ; Steady State Voh at FPGA Pin ; Steady State Vol at FPGA Pin ; Voh Max at FPGA Pin ; Vol Min at FPGA Pin ; Ringback Voltage on Rise at FPGA Pin ; Ringback Voltage on Fall at FPGA Pin ; 10-90 Rise Time at FPGA Pin ; 90-10 Fall Time at FPGA Pin ; Monotonic Rise at FPGA Pin ; Monotonic Fall at FPGA Pin ; Steady State Voh at Far-end ; Steady State Vol at Far-end ; Voh Max at Far-end ; Vol Min at Far-end ; Ringback Voltage on Rise at Far-end ; Ringback Voltage on Fall at Far-end ; 10-90 Rise Time at Far-end ; 90-10 Fall Time at Far-end ; Monotonic Rise at Far-end ; Monotonic Fall at Far-end ;
+---------------+--------------+---------------------+---------------------+------------------------------+------------------------------+---------------------+---------------------+--------------------------------------+--------------------------------------+-----------------------------+-----------------------------+----------------------------+----------------------------+-----------------------------+-----------------------------+--------------------+--------------------+-------------------------------------+-------------------------------------+----------------------------+----------------------------+---------------------------+---------------------------+
; SHIFT_CLOCK_1 ; 2.5 V        ; 0 s                 ; 0 s                 ; 2.32 V                       ; 2.07e-09 V                   ; 2.36 V              ; -0.00737 V          ; 0.209 V                              ; 0.012 V                              ; 5.22e-10 s                  ; 5.33e-10 s                  ; Yes                        ; Yes                        ; 2.32 V                      ; 2.07e-09 V                  ; 2.36 V             ; -0.00737 V         ; 0.209 V                             ; 0.012 V                             ; 5.22e-10 s                 ; 5.33e-10 s                 ; Yes                       ; Yes                       ;
; LATCH_CLOCK_1 ; 2.5 V        ; 0 s                 ; 0 s                 ; 2.32 V                       ; 2.07e-09 V                   ; 2.36 V              ; -0.00737 V          ; 0.209 V                              ; 0.012 V                              ; 5.22e-10 s                  ; 5.33e-10 s                  ; Yes                        ; Yes                        ; 2.32 V                      ; 2.07e-09 V                  ; 2.36 V             ; -0.00737 V         ; 0.209 V                             ; 0.012 V                             ; 5.22e-10 s                 ; 5.33e-10 s                 ; Yes                       ; Yes                       ;
; DATA[0]       ; 2.5 V        ; 0 s                 ; 0 s                 ; 2.32 V                       ; 2.8e-09 V                    ; 2.37 V              ; -0.00373 V          ; 0.104 V                              ; 0.011 V                              ; 4.34e-10 s                  ; 3.82e-10 s                  ; Yes                        ; Yes                        ; 2.32 V                      ; 2.8e-09 V                   ; 2.37 V             ; -0.00373 V         ; 0.104 V                             ; 0.011 V                             ; 4.34e-10 s                 ; 3.82e-10 s                 ; Yes                       ; Yes                       ;
; ~ALTERA_DCLK~ ; 2.5 V        ; 0 s                 ; 0 s                 ; 2.32 V                       ; 1.74e-09 V                   ; 2.37 V              ; -0.0346 V           ; 0.198 V                              ; 0.094 V                              ; 3.14e-10 s                  ; 2.92e-10 s                  ; Yes                        ; Yes                        ; 2.32 V                      ; 1.74e-09 V                  ; 2.37 V             ; -0.0346 V          ; 0.198 V                             ; 0.094 V                             ; 3.14e-10 s                 ; 2.92e-10 s                 ; Yes                       ; Yes                       ;
; ~ALTERA_nCEO~ ; 2.5 V        ; 0 s                 ; 0 s                 ; 2.32 V                       ; 2.57e-09 V                   ; 2.37 V              ; -0.00683 V          ; 0.171 V                              ; 0.018 V                              ; 4.97e-10 s                  ; 6.66e-10 s                  ; Yes                        ; Yes                        ; 2.32 V                      ; 2.57e-09 V                  ; 2.37 V             ; -0.00683 V         ; 0.171 V                             ; 0.018 V                             ; 4.97e-10 s                 ; 6.66e-10 s                 ; Yes                       ; Yes                       ;
+---------------+--------------+---------------------+---------------------+------------------------------+------------------------------+---------------------+---------------------+--------------------------------------+--------------------------------------+-----------------------------+-----------------------------+----------------------------+----------------------------+-----------------------------+-----------------------------+--------------------+--------------------+-------------------------------------+-------------------------------------+----------------------------+----------------------------+---------------------------+---------------------------+


+--------------------------------------------------------------------------------------------------------------------------------------------------------------------------------------------------------------------------------------------------------------------------------------------------------------------------------------------------------------------------------------------------------------------------------------------------------------------------------------------------------------------------------------------------------------------------------------------------------------------------------------------------------------------------------------------+
; Signal Integrity Metrics (Slow 1200mv 85c Model)                                                                                                                                                                                                                                                                                                                                                                                                                                                                                                                                                                                                                                           ;
+---------------+--------------+---------------------+---------------------+------------------------------+------------------------------+---------------------+---------------------+--------------------------------------+--------------------------------------+-----------------------------+-----------------------------+----------------------------+----------------------------+-----------------------------+-----------------------------+--------------------+--------------------+-------------------------------------+-------------------------------------+----------------------------+----------------------------+---------------------------+---------------------------+
; Pin           ; I/O Standard ; Board Delay on Rise ; Board Delay on Fall ; Steady State Voh at FPGA Pin ; Steady State Vol at FPGA Pin ; Voh Max at FPGA Pin ; Vol Min at FPGA Pin ; Ringback Voltage on Rise at FPGA Pin ; Ringback Voltage on Fall at FPGA Pin ; 10-90 Rise Time at FPGA Pin ; 90-10 Fall Time at FPGA Pin ; Monotonic Rise at FPGA Pin ; Monotonic Fall at FPGA Pin ; Steady State Voh at Far-end ; Steady State Vol at Far-end ; Voh Max at Far-end ; Vol Min at Far-end ; Ringback Voltage on Rise at Far-end ; Ringback Voltage on Fall at Far-end ; 10-90 Rise Time at Far-end ; 90-10 Fall Time at Far-end ; Monotonic Rise at Far-end ; Monotonic Fall at Far-end ;
+---------------+--------------+---------------------+---------------------+------------------------------+------------------------------+---------------------+---------------------+--------------------------------------+--------------------------------------+-----------------------------+-----------------------------+----------------------------+----------------------------+-----------------------------+-----------------------------+--------------------+--------------------+-------------------------------------+-------------------------------------+----------------------------+----------------------------+---------------------------+---------------------------+
; SHIFT_CLOCK_1 ; 2.5 V        ; 0 s                 ; 0 s                 ; 2.32 V                       ; 1.93e-07 V                   ; 2.34 V              ; -0.00869 V          ; 0.14 V                               ; 0.046 V                              ; 6.89e-10 s                  ; 6.56e-10 s                  ; Yes                        ; Yes                        ; 2.32 V                      ; 1.93e-07 V                  ; 2.34 V             ; -0.00869 V         ; 0.14 V                              ; 0.046 V                             ; 6.89e-10 s                 ; 6.56e-10 s                 ; Yes                       ; Yes                       ;
; LATCH_CLOCK_1 ; 2.5 V        ; 0 s                 ; 0 s                 ; 2.32 V                       ; 1.93e-07 V                   ; 2.34 V              ; -0.00869 V          ; 0.14 V                               ; 0.046 V                              ; 6.89e-10 s                  ; 6.56e-10 s                  ; Yes                        ; Yes                        ; 2.32 V                      ; 1.93e-07 V                  ; 2.34 V             ; -0.00869 V         ; 0.14 V                              ; 0.046 V                             ; 6.89e-10 s                 ; 6.56e-10 s                 ; Yes                       ; Yes                       ;
; DATA[0]       ; 2.5 V        ; 0 s                 ; 0 s                 ; 2.32 V                       ; 2.85e-07 V                   ; 2.35 V              ; -0.0123 V           ; 0.144 V                              ; 0.042 V                              ; 4.81e-10 s                  ; 4.81e-10 s                  ; Yes                        ; Yes                        ; 2.32 V                      ; 2.85e-07 V                  ; 2.35 V             ; -0.0123 V          ; 0.144 V                             ; 0.042 V                             ; 4.81e-10 s                 ; 4.81e-10 s                 ; Yes                       ; Yes                       ;
; ~ALTERA_DCLK~ ; 2.5 V        ; 0 s                 ; 0 s                 ; 2.32 V                       ; 1.55e-07 V                   ; 2.35 V              ; -0.00221 V          ; 0.097 V                              ; 0.005 V                              ; 4.49e-10 s                  ; 3.85e-10 s                  ; Yes                        ; Yes                        ; 2.32 V                      ; 1.55e-07 V                  ; 2.35 V             ; -0.00221 V         ; 0.097 V                             ; 0.005 V                             ; 4.49e-10 s                 ; 3.85e-10 s                 ; Yes                       ; Yes                       ;
; ~ALTERA_nCEO~ ; 2.5 V        ; 0 s                 ; 0 s                 ; 2.32 V                       ; 2.54e-07 V                   ; 2.34 V              ; -0.00774 V          ; 0.109 V                              ; 0.026 V                              ; 6.58e-10 s                  ; 8.24e-10 s                  ; Yes                        ; Yes                        ; 2.32 V                      ; 2.54e-07 V                  ; 2.34 V             ; -0.00774 V         ; 0.109 V                             ; 0.026 V                             ; 6.58e-10 s                 ; 8.24e-10 s                 ; Yes                       ; Yes                       ;
+---------------+--------------+---------------------+---------------------+------------------------------+------------------------------+---------------------+---------------------+--------------------------------------+--------------------------------------+-----------------------------+-----------------------------+----------------------------+----------------------------+-----------------------------+-----------------------------+--------------------+--------------------+-------------------------------------+-------------------------------------+----------------------------+----------------------------+---------------------------+---------------------------+


+--------------------------------------------------------------------------------------------------------------------------------------------------------------------------------------------------------------------------------------------------------------------------------------------------------------------------------------------------------------------------------------------------------------------------------------------------------------------------------------------------------------------------------------------------------------------------------------------------------------------------------------------------------------------------------------------+
; Signal Integrity Metrics (Fast 1200mv 0c Model)                                                                                                                                                                                                                                                                                                                                                                                                                                                                                                                                                                                                                                            ;
+---------------+--------------+---------------------+---------------------+------------------------------+------------------------------+---------------------+---------------------+--------------------------------------+--------------------------------------+-----------------------------+-----------------------------+----------------------------+----------------------------+-----------------------------+-----------------------------+--------------------+--------------------+-------------------------------------+-------------------------------------+----------------------------+----------------------------+---------------------------+---------------------------+
; Pin           ; I/O Standard ; Board Delay on Rise ; Board Delay on Fall ; Steady State Voh at FPGA Pin ; Steady State Vol at FPGA Pin ; Voh Max at FPGA Pin ; Vol Min at FPGA Pin ; Ringback Voltage on Rise at FPGA Pin ; Ringback Voltage on Fall at FPGA Pin ; 10-90 Rise Time at FPGA Pin ; 90-10 Fall Time at FPGA Pin ; Monotonic Rise at FPGA Pin ; Monotonic Fall at FPGA Pin ; Steady State Voh at Far-end ; Steady State Vol at Far-end ; Voh Max at Far-end ; Vol Min at Far-end ; Ringback Voltage on Rise at Far-end ; Ringback Voltage on Fall at Far-end ; 10-90 Rise Time at Far-end ; 90-10 Fall Time at Far-end ; Monotonic Rise at Far-end ; Monotonic Fall at Far-end ;
+---------------+--------------+---------------------+---------------------+------------------------------+------------------------------+---------------------+---------------------+--------------------------------------+--------------------------------------+-----------------------------+-----------------------------+----------------------------+----------------------------+-----------------------------+-----------------------------+--------------------+--------------------+-------------------------------------+-------------------------------------+----------------------------+----------------------------+---------------------------+---------------------------+
; SHIFT_CLOCK_1 ; 2.5 V        ; 0 s                 ; 0 s                 ; 2.62 V                       ; 2.74e-08 V                   ; 2.71 V              ; -0.0317 V           ; 0.148 V                              ; 0.064 V                              ; 4.51e-10 s                  ; 4.15e-10 s                  ; No                         ; Yes                        ; 2.62 V                      ; 2.74e-08 V                  ; 2.71 V             ; -0.0317 V          ; 0.148 V                             ; 0.064 V                             ; 4.51e-10 s                 ; 4.15e-10 s                 ; No                        ; Yes                       ;
; LATCH_CLOCK_1 ; 2.5 V        ; 0 s                 ; 0 s                 ; 2.62 V                       ; 2.74e-08 V                   ; 2.71 V              ; -0.0317 V           ; 0.148 V                              ; 0.064 V                              ; 4.51e-10 s                  ; 4.15e-10 s                  ; No                         ; Yes                        ; 2.62 V                      ; 2.74e-08 V                  ; 2.71 V             ; -0.0317 V          ; 0.148 V                             ; 0.064 V                             ; 4.51e-10 s                 ; 4.15e-10 s                 ; No                        ; Yes                       ;
; DATA[0]       ; 2.5 V        ; 0 s                 ; 0 s                 ; 2.62 V                       ; 4.05e-08 V                   ; 2.72 V              ; -0.0349 V           ; 0.173 V                              ; 0.1 V                                ; 2.72e-10 s                  ; 2.69e-10 s                  ; Yes                        ; Yes                        ; 2.62 V                      ; 4.05e-08 V                  ; 2.72 V             ; -0.0349 V          ; 0.173 V                             ; 0.1 V                               ; 2.72e-10 s                 ; 2.69e-10 s                 ; Yes                       ; Yes                       ;
; ~ALTERA_DCLK~ ; 2.5 V        ; 0 s                 ; 0 s                 ; 2.62 V                       ; 2.22e-08 V                   ; 2.74 V              ; -0.06 V             ; 0.158 V                              ; 0.08 V                               ; 2.68e-10 s                  ; 2.19e-10 s                  ; Yes                        ; Yes                        ; 2.62 V                      ; 2.22e-08 V                  ; 2.74 V             ; -0.06 V            ; 0.158 V                             ; 0.08 V                              ; 2.68e-10 s                 ; 2.19e-10 s                 ; Yes                       ; Yes                       ;
; ~ALTERA_nCEO~ ; 2.5 V        ; 0 s                 ; 0 s                 ; 2.62 V                       ; 3.54e-08 V                   ; 2.7 V               ; -0.00943 V          ; 0.276 V                              ; 0.035 V                              ; 3.19e-10 s                  ; 4.99e-10 s                  ; No                         ; Yes                        ; 2.62 V                      ; 3.54e-08 V                  ; 2.7 V              ; -0.00943 V         ; 0.276 V                             ; 0.035 V                             ; 3.19e-10 s                 ; 4.99e-10 s                 ; No                        ; Yes                       ;
+---------------+--------------+---------------------+---------------------+------------------------------+------------------------------+---------------------+---------------------+--------------------------------------+--------------------------------------+-----------------------------+-----------------------------+----------------------------+----------------------------+-----------------------------+-----------------------------+--------------------+--------------------+-------------------------------------+-------------------------------------+----------------------------+----------------------------+---------------------------+---------------------------+


+---------------------------------------------------------------------------------------------------------------------------------------------------+
; Setup Transfers                                                                                                                                   ;
+---------------------------------------------------+---------------------------------------------------+----------+----------+----------+----------+
; From Clock                                        ; To Clock                                          ; RR Paths ; FR Paths ; RF Paths ; FF Paths ;
+---------------------------------------------------+---------------------------------------------------+----------+----------+----------+----------+
; inst1|altpll_component|auto_generated|pll1|clk[0] ; inst1|altpll_component|auto_generated|pll1|clk[0] ; 52       ; 0        ; 0        ; 0        ;
+---------------------------------------------------+---------------------------------------------------+----------+----------+----------+----------+
Entries labeled "false path" only account for clock-to-clock false paths and not path-based false paths. As a result, actual path counts may be lower than reported.


+---------------------------------------------------------------------------------------------------------------------------------------------------+
; Hold Transfers                                                                                                                                    ;
+---------------------------------------------------+---------------------------------------------------+----------+----------+----------+----------+
; From Clock                                        ; To Clock                                          ; RR Paths ; FR Paths ; RF Paths ; FF Paths ;
+---------------------------------------------------+---------------------------------------------------+----------+----------+----------+----------+
; inst1|altpll_component|auto_generated|pll1|clk[0] ; inst1|altpll_component|auto_generated|pll1|clk[0] ; 52       ; 0        ; 0        ; 0        ;
+---------------------------------------------------+---------------------------------------------------+----------+----------+----------+----------+
Entries labeled "false path" only account for clock-to-clock false paths and not path-based false paths. As a result, actual path counts may be lower than reported.


---------------
; Report TCCS ;
---------------
No dedicated SERDES Transmitter circuitry present in device or used in design


---------------
; Report RSKM ;
---------------
No non-DPA dedicated SERDES Receiver circuitry present in device or used in design


+------------------------------------------------+
; Unconstrained Paths                            ;
+---------------------------------+-------+------+
; Property                        ; Setup ; Hold ;
+---------------------------------+-------+------+
; Illegal Clocks                  ; 0     ; 0    ;
; Unconstrained Clocks            ; 0     ; 0    ;
; Unconstrained Input Ports       ; 0     ; 0    ;
; Unconstrained Input Port Paths  ; 0     ; 0    ;
; Unconstrained Output Ports      ; 3     ; 3    ;
; Unconstrained Output Port Paths ; 3     ; 3    ;
+---------------------------------+-------+------+


+------------------------------------+
; TimeQuest Timing Analyzer Messages ;
+------------------------------------+
Info: *******************************************************************
Info: Running Quartus II 64-Bit TimeQuest Timing Analyzer
    Info: Version 13.1.0 Build 162 10/23/2013 SJ Web Edition
    Info: Processing started: Sat Jul 20 14:31:31 2024
Info: Command: quartus_sta Sonicboard -c Sonicboard
Info: qsta_default_script.tcl version: #1
Info (11104): Parallel Compilation has detected 12 hyper-threaded processors. However, the extra hyper-threaded processors will not be used by default. Parallel Compilation will use 10 of the 10 physical processors detected instead.
Info (21077): Core supply voltage is 1.2V
Info (21077): Low junction temperature is 0 degrees C
Info (21077): High junction temperature is 85 degrees C
Info (332104): Reading SDC File: 'timing_constraints.sdc'
Warning (332174): Ignored filter at timing_constraints.sdc(1): CLK_10_24MHz could not be matched with a port
Warning (332049): Ignored create_clock at timing_constraints.sdc(1): Argument <targets> is an empty collection
    Info (332050): create_clock -name {clk_10_24MHz} -period 97.66 [get_ports {CLK_10_24MHz}]
Warning (332174): Ignored filter at timing_constraints.sdc(2): data_in could not be matched with a port
Warning (332174): Ignored filter at timing_constraints.sdc(2): clk_10_24MHz could not be matched with a clock
Warning (332049): Ignored set_input_delay at timing_constraints.sdc(2): Argument <targets> is an empty collection
    Info (332050): set_input_delay -clock {clk_10_24MHz} 5 [get_ports {data_in}]
Warning (332049): Ignored set_input_delay at timing_constraints.sdc(2): Argument -clock is not an object ID
Warning (332174): Ignored filter at timing_constraints.sdc(3): data_outpin_1 could not be matched with a port
Warning (332049): Ignored set_output_delay at timing_constraints.sdc(3): Argument <targets> is an empty collection
    Info (332050): set_output_delay -clock {clk_10_24MHz} 5 [get_ports {data_outpin_1}]
Warning (332049): Ignored set_output_delay at timing_constraints.sdc(3): Argument -clock is not an object ID
Info (332142): No user constrained generated clocks found in the design. Calling "derive_pll_clocks -create_base_clocks"
Info (332110): Deriving PLL clocks
    Info (332110): create_clock -period 20.000 -waveform {0.000 10.000} -name CLK_BASE CLK_BASE
    Info (332110): create_generated_clock -source {inst1|altpll_component|auto_generated|pll1|inclk[0]} -divide_by 204 -multiply_by 47 -duty_cycle 50.00 -name {inst1|altpll_component|auto_generated|pll1|clk[0]} {inst1|altpll_component|auto_generated|pll1|clk[0]}
    Info (332110): create_generated_clock -source {inst1|altpll_component|auto_generated|pll1|inclk[0]} -divide_by 1836 -multiply_by 47 -duty_cycle 50.00 -name {inst1|altpll_component|auto_generated|pll1|clk[1]} {inst1|altpll_component|auto_generated|pll1|clk[1]}
Info (332142): No user constrained base clocks found in the design. Calling "derive_clocks -period 1.0"
Info (332096): The command derive_clocks did not find any clocks to derive.  No clocks were created or changed.
Info (332143): No user constrained clock uncertainty found in the design. Calling "derive_clock_uncertainty"
Info (332123): Deriving Clock Uncertainty. Please refer to report_sdc in TimeQuest to see clock uncertainties.
Info: Found TIMEQUEST_REPORT_SCRIPT_INCLUDE_DEFAULT_ANALYSIS = ON
Info: Analyzing Slow 1200mV 85C Model
Info (332146): Worst-case setup slack is 84.493
    Info (332119):     Slack       End Point TNS Clock 
    Info (332119): ========= =================== =====================
    Info (332119):    84.493               0.000 inst1|altpll_component|auto_generated|pll1|clk[0] 
Info (332146): Worst-case hold slack is 0.454
    Info (332119):     Slack       End Point TNS Clock 
    Info (332119): ========= =================== =====================
    Info (332119):     0.454               0.000 inst1|altpll_component|auto_generated|pll1|clk[0] 
Info (332140): No Recovery paths to report
Info (332140): No Removal paths to report
Info (332146): Worst-case minimum pulse width slack is 9.934
    Info (332119):     Slack       End Point TNS Clock 
    Info (332119): ========= =================== =====================
    Info (332119):     9.934               0.000 CLK_BASE 
    Info (332119):    43.127               0.000 inst1|altpll_component|auto_generated|pll1|clk[0] 
Info: Analyzing Slow 1200mV 0C Model
Info (334003): Started post-fitting delay annotation
Info (334004): Delay annotation completed successfully
Info (332123): Deriving Clock Uncertainty. Please refer to report_sdc in TimeQuest to see clock uncertainties.
Info (332146): Worst-case setup slack is 84.691
    Info (332119):     Slack       End Point TNS Clock 
    Info (332119): ========= =================== =====================
    Info (332119):    84.691               0.000 inst1|altpll_component|auto_generated|pll1|clk[0] 
Info (332146): Worst-case hold slack is 0.402
    Info (332119):     Slack       End Point TNS Clock 
    Info (332119): ========= =================== =====================
    Info (332119):     0.402               0.000 inst1|altpll_component|auto_generated|pll1|clk[0] 
Info (332140): No Recovery paths to report
Info (332140): No Removal paths to report
Info (332146): Worst-case minimum pulse width slack is 9.943
    Info (332119):     Slack       End Point TNS Clock 
    Info (332119): ========= =================== =====================
    Info (332119):     9.943               0.000 CLK_BASE 
    Info (332119):    43.124               0.000 inst1|altpll_component|auto_generated|pll1|clk[0] 
Info: Analyzing Fast 1200mV 0C Model
Info (332123): Deriving Clock Uncertainty. Please refer to report_sdc in TimeQuest to see clock uncertainties.
Info (332146): Worst-case setup slack is 85.815
    Info (332119):     Slack       End Point TNS Clock 
    Info (332119): ========= =================== =====================
    Info (332119):    85.815               0.000 inst1|altpll_component|auto_generated|pll1|clk[0] 
Info (332146): Worst-case hold slack is 0.187
    Info (332119):     Slack       End Point TNS Clock 
    Info (332119): ========= =================== =====================
    Info (332119):     0.187               0.000 inst1|altpll_component|auto_generated|pll1|clk[0] 
Info (332140): No Recovery paths to report
Info (332140): No Removal paths to report
Info (332146): Worst-case minimum pulse width slack is 9.594
    Info (332119):     Slack       End Point TNS Clock 
    Info (332119): ========= =================== =====================
    Info (332119):     9.594               0.000 CLK_BASE 
    Info (332119):    43.202               0.000 inst1|altpll_component|auto_generated|pll1|clk[0] 
Info (332102): Design is not fully constrained for setup requirements
Info (332102): Design is not fully constrained for hold requirements
Info: Quartus II 64-Bit TimeQuest Timing Analyzer was successful. 0 errors, 9 warnings
    Info: Peak virtual memory: 4749 megabytes
    Info: Processing ended: Sat Jul 20 14:31:33 2024
    Info: Elapsed time: 00:00:02
    Info: Total CPU time (on all processors): 00:00:01


