TimeQuest Timing Analyzer report for SonicBoard_ver8
Sat Aug 03 18:05:35 2024
Quartus II 64-Bit Version 13.1.0 Build 162 10/23/2013 SJ Web Edition


---------------------
; Table of Contents ;
---------------------
  1. Legal Notice
  2. TimeQuest Timing Analyzer Summary
  3. Parallel Compilation
  4. Clocks
  5. Slow 1200mV 85C Model Fmax Summary
  6. Timing Closure Recommendations
  7. Slow 1200mV 85C Model Setup Summary
  8. Slow 1200mV 85C Model Hold Summary
  9. Slow 1200mV 85C Model Recovery Summary
 10. Slow 1200mV 85C Model Removal Summary
 11. Slow 1200mV 85C Model Minimum Pulse Width Summary
 12. Slow 1200mV 85C Model Setup: 'inst|altpll_component|auto_generated|pll1|clk[0]'
 13. Slow 1200mV 85C Model Hold: 'inst|altpll_component|auto_generated|pll1|clk[0]'
 14. Slow 1200mV 85C Model Minimum Pulse Width: 'BasicClock'
 15. Slow 1200mV 85C Model Minimum Pulse Width: 'inst|altpll_component|auto_generated|pll1|clk[0]'
 16. Clock to Output Times
 17. Minimum Clock to Output Times
 18. Slow 1200mV 85C Model Metastability Report
 19. Slow 1200mV 0C Model Fmax Summary
 20. Slow 1200mV 0C Model Setup Summary
 21. Slow 1200mV 0C Model Hold Summary
 22. Slow 1200mV 0C Model Recovery Summary
 23. Slow 1200mV 0C Model Removal Summary
 24. Slow 1200mV 0C Model Minimum Pulse Width Summary
 25. Slow 1200mV 0C Model Setup: 'inst|altpll_component|auto_generated|pll1|clk[0]'
 26. Slow 1200mV 0C Model Hold: 'inst|altpll_component|auto_generated|pll1|clk[0]'
 27. Slow 1200mV 0C Model Minimum Pulse Width: 'BasicClock'
 28. Slow 1200mV 0C Model Minimum Pulse Width: 'inst|altpll_component|auto_generated|pll1|clk[0]'
 29. Clock to Output Times
 30. Minimum Clock to Output Times
 31. Slow 1200mV 0C Model Metastability Report
 32. Fast 1200mV 0C Model Setup Summary
 33. Fast 1200mV 0C Model Hold Summary
 34. Fast 1200mV 0C Model Recovery Summary
 35. Fast 1200mV 0C Model Removal Summary
 36. Fast 1200mV 0C Model Minimum Pulse Width Summary
 37. Fast 1200mV 0C Model Setup: 'inst|altpll_component|auto_generated|pll1|clk[0]'
 38. Fast 1200mV 0C Model Hold: 'inst|altpll_component|auto_generated|pll1|clk[0]'
 39. Fast 1200mV 0C Model Minimum Pulse Width: 'BasicClock'
 40. Fast 1200mV 0C Model Minimum Pulse Width: 'inst|altpll_component|auto_generated|pll1|clk[0]'
 41. Clock to Output Times
 42. Minimum Clock to Output Times
 43. Fast 1200mV 0C Model Metastability Report
 44. Multicorner Timing Analysis Summary
 45. Clock to Output Times
 46. Minimum Clock to Output Times
 47. Board Trace Model Assignments
 48. Input Transition Times
 49. Signal Integrity Metrics (Slow 1200mv 0c Model)
 50. Signal Integrity Metrics (Slow 1200mv 85c Model)
 51. Signal Integrity Metrics (Fast 1200mv 0c Model)
 52. Setup Transfers
 53. Hold Transfers
 54. Report TCCS
 55. Report RSKM
 56. Unconstrained Paths
 57. TimeQuest Timing Analyzer Messages



----------------
; Legal Notice ;
----------------
Copyright (C) 1991-2013 Altera Corporation
Your use of Altera Corporation's design tools, logic functions 
and other software and tools, and its AMPP partner logic 
functions, and any output files from any of the foregoing 
(including device programming or simulation files), and any 
associated documentation or information are expressly subject 
to the terms and conditions of the Altera Program License 
Subscription Agreement, Altera MegaCore Function License 
Agreement, or other applicable license agreement, including, 
without limitation, that your use is for the sole purpose of 
programming logic devices manufactured by Altera and sold by 
Altera or its authorized distributors.  Please refer to the 
applicable agreement for further details.



+-------------------------------------------------------------------------+
; TimeQuest Timing Analyzer Summary                                       ;
+--------------------+----------------------------------------------------+
; Quartus II Version ; Version 13.1.0 Build 162 10/23/2013 SJ Web Edition ;
; Revision Name      ; SonicBoard_ver8                                    ;
; Device Family      ; Cyclone IV E                                       ;
; Device Name        ; EP4CE6E22C6                                        ;
; Timing Models      ; Final                                              ;
; Delay Model        ; Combined                                           ;
; Rise/Fall Delays   ; Enabled                                            ;
+--------------------+----------------------------------------------------+


+------------------------------------------+
; Parallel Compilation                     ;
+----------------------------+-------------+
; Processors                 ; Number      ;
+----------------------------+-------------+
; Number detected on machine ; 6           ;
; Maximum allowed            ; 6           ;
;                            ;             ;
; Average used               ; 1.00        ;
; Maximum used               ; 6           ;
;                            ;             ;
; Usage by Processor         ; % Time Used ;
;     Processor 1            ; 100.0%      ;
;     Processors 2-6         ; < 0.1%      ;
+----------------------------+-------------+


+-------------------------------------------------------------------------------------------------------------------------------------------------------------------------------------------------------------------------------------------------------------------------------------------------------------------------+
; Clocks                                                                                                                                                                                                                                                                                                                  ;
+--------------------------------------------------+-----------+--------+-----------+-------+--------+------------+-----------+-------------+-------+--------+-----------+------------+----------+------------+----------------------------------------------------+------------------------------------------------------+
; Clock Name                                       ; Type      ; Period ; Frequency ; Rise  ; Fall   ; Duty Cycle ; Divide by ; Multiply by ; Phase ; Offset ; Edge List ; Edge Shift ; Inverted ; Master     ; Source                                             ; Targets                                              ;
+--------------------------------------------------+-----------+--------+-----------+-------+--------+------------+-----------+-------------+-------+--------+-----------+------------+----------+------------+----------------------------------------------------+------------------------------------------------------+
; BasicClock                                       ; Base      ; 20.000 ; 50.0 MHz  ; 0.000 ; 10.000 ;            ;           ;             ;       ;        ;           ;            ;          ;            ;                                                    ; { BasicClock }                                       ;
; inst|altpll_component|auto_generated|pll1|clk[0] ; Generated ; 97.656 ; 10.24 MHz ; 0.000 ; 48.828 ; 50.00      ; 625       ; 128         ;       ;        ;           ;            ; false    ; BasicClock ; inst|altpll_component|auto_generated|pll1|inclk[0] ; { inst|altpll_component|auto_generated|pll1|clk[0] } ;
+--------------------------------------------------+-----------+--------+-----------+-------+--------+------------+-----------+-------------+-------+--------+-----------+------------+----------+------------+----------------------------------------------------+------------------------------------------------------+


+---------------------------------------------------------------------------------------+
; Slow 1200mV 85C Model Fmax Summary                                                    ;
+-----------+-----------------+--------------------------------------------------+------+
; Fmax      ; Restricted Fmax ; Clock Name                                       ; Note ;
+-----------+-----------------+--------------------------------------------------+------+
; 412.2 MHz ; 412.2 MHz       ; inst|altpll_component|auto_generated|pll1|clk[0] ;      ;
+-----------+-----------------+--------------------------------------------------+------+
This panel reports FMAX for every clock in the design, regardless of the user-specified clock periods.  FMAX is only computed for paths where the source and destination registers or ports are driven by the same clock.  Paths of different clocks, including generated clocks, are ignored.  For paths between a clock and its inversion, FMAX is computed as if the rising and falling edges are scaled along with FMAX, such that the duty cycle (in terms of a percentage) is maintained. Altera recommends that you always use clock constraints and other slack reports for sign-off analysis.


----------------------------------
; Timing Closure Recommendations ;
----------------------------------
HTML report is unavailable in plain text report export.


+---------------------------------------------------------------------------+
; Slow 1200mV 85C Model Setup Summary                                       ;
+--------------------------------------------------+--------+---------------+
; Clock                                            ; Slack  ; End Point TNS ;
+--------------------------------------------------+--------+---------------+
; inst|altpll_component|auto_generated|pll1|clk[0] ; 95.230 ; 0.000         ;
+--------------------------------------------------+--------+---------------+


+--------------------------------------------------------------------------+
; Slow 1200mV 85C Model Hold Summary                                       ;
+--------------------------------------------------+-------+---------------+
; Clock                                            ; Slack ; End Point TNS ;
+--------------------------------------------------+-------+---------------+
; inst|altpll_component|auto_generated|pll1|clk[0] ; 0.355 ; 0.000         ;
+--------------------------------------------------+-------+---------------+


------------------------------------------
; Slow 1200mV 85C Model Recovery Summary ;
------------------------------------------
No paths to report.


-----------------------------------------
; Slow 1200mV 85C Model Removal Summary ;
-----------------------------------------
No paths to report.


+---------------------------------------------------------------------------+
; Slow 1200mV 85C Model Minimum Pulse Width Summary                         ;
+--------------------------------------------------+--------+---------------+
; Clock                                            ; Slack  ; End Point TNS ;
+--------------------------------------------------+--------+---------------+
; BasicClock                                       ; 9.835  ; 0.000         ;
; inst|altpll_component|auto_generated|pll1|clk[0] ; 48.601 ; 0.000         ;
+--------------------------------------------------+--------+---------------+


+--------------------------------------------------------------------------------------------------------------------------------------------------------------------------------------------------------------------------------------------------------+
; Slow 1200mV 85C Model Setup: 'inst|altpll_component|auto_generated|pll1|clk[0]'                                                                                                                                                                        ;
+--------+------------------------------------------------+-----------------------------------------------+--------------------------------------------------+--------------------------------------------------+--------------+------------+------------+
; Slack  ; From Node                                      ; To Node                                       ; Launch Clock                                     ; Latch Clock                                      ; Relationship ; Clock Skew ; Data Delay ;
+--------+------------------------------------------------+-----------------------------------------------+--------------------------------------------------+--------------------------------------------------+--------------+------------+------------+
; 95.230 ; Data_for_register_1:inst2|bit_index[0]         ; Data_for_register_1:inst2|data_outpin_1       ; inst|altpll_component|auto_generated|pll1|clk[0] ; inst|altpll_component|auto_generated|pll1|clk[0] ; 97.656       ; -0.065     ; 2.356      ;
; 95.343 ; Data_for_register_1:inst2|bit_index[1]         ; Data_for_register_1:inst2|data_outpin_1       ; inst|altpll_component|auto_generated|pll1|clk[0] ; inst|altpll_component|auto_generated|pll1|clk[0] ; 97.656       ; -0.065     ; 2.243      ;
; 95.395 ; Data_for_register_1:inst2|current_byte[4]      ; Data_for_register_1:inst2|data_outpin_1       ; inst|altpll_component|auto_generated|pll1|clk[0] ; inst|altpll_component|auto_generated|pll1|clk[0] ; 97.656       ; -0.064     ; 2.192      ;
; 95.680 ; Data_for_register_1:inst2|current_byte[5]      ; Data_for_register_1:inst2|data_outpin_1       ; inst|altpll_component|auto_generated|pll1|clk[0] ; inst|altpll_component|auto_generated|pll1|clk[0] ; 97.656       ; -0.064     ; 1.907      ;
; 95.695 ; Data_for_register_1:inst2|current_byte[0]      ; Data_for_register_1:inst2|data_outpin_1       ; inst|altpll_component|auto_generated|pll1|clk[0] ; inst|altpll_component|auto_generated|pll1|clk[0] ; 97.656       ; -0.064     ; 1.892      ;
; 95.777 ; Data_for_register_1:inst2|Phase_data_index[3]  ; Data_for_register_1:inst2|current_byte[2]     ; inst|altpll_component|auto_generated|pll1|clk[0] ; inst|altpll_component|auto_generated|pll1|clk[0] ; 97.656       ; -0.065     ; 1.809      ;
; 95.788 ; Data_for_register_1:inst2|bit_index[0]         ; Data_for_register_1:inst2|Phase_data_index[4] ; inst|altpll_component|auto_generated|pll1|clk[0] ; inst|altpll_component|auto_generated|pll1|clk[0] ; 97.656       ; -0.065     ; 1.798      ;
; 95.788 ; Data_for_register_1:inst2|bit_index[0]         ; Data_for_register_1:inst2|Phase_data_index[3] ; inst|altpll_component|auto_generated|pll1|clk[0] ; inst|altpll_component|auto_generated|pll1|clk[0] ; 97.656       ; -0.065     ; 1.798      ;
; 95.788 ; Data_for_register_1:inst2|bit_index[0]         ; Data_for_register_1:inst2|Phase_data_index[2] ; inst|altpll_component|auto_generated|pll1|clk[0] ; inst|altpll_component|auto_generated|pll1|clk[0] ; 97.656       ; -0.065     ; 1.798      ;
; 95.788 ; Data_for_register_1:inst2|bit_index[0]         ; Data_for_register_1:inst2|Phase_data_index[1] ; inst|altpll_component|auto_generated|pll1|clk[0] ; inst|altpll_component|auto_generated|pll1|clk[0] ; 97.656       ; -0.065     ; 1.798      ;
; 95.788 ; Data_for_register_1:inst2|bit_index[0]         ; Data_for_register_1:inst2|Phase_data_index[0] ; inst|altpll_component|auto_generated|pll1|clk[0] ; inst|altpll_component|auto_generated|pll1|clk[0] ; 97.656       ; -0.065     ; 1.798      ;
; 95.791 ; Data_for_register_1:inst2|Phase_data_index[3]  ; Data_for_register_1:inst2|latch_flag          ; inst|altpll_component|auto_generated|pll1|clk[0] ; inst|altpll_component|auto_generated|pll1|clk[0] ; 97.656       ; -0.065     ; 1.795      ;
; 95.797 ; Data_for_register_1:inst2|Phase_data_index[3]  ; Data_for_register_1:inst2|current_byte[1]     ; inst|altpll_component|auto_generated|pll1|clk[0] ; inst|altpll_component|auto_generated|pll1|clk[0] ; 97.656       ; -0.065     ; 1.789      ;
; 95.844 ; Data_for_register_1:inst2|Phase_data_index[2]  ; Data_for_register_1:inst2|current_byte[4]     ; inst|altpll_component|auto_generated|pll1|clk[0] ; inst|altpll_component|auto_generated|pll1|clk[0] ; 97.656       ; -0.065     ; 1.742      ;
; 95.845 ; Data_for_register_1:inst2|Phase_data_index[1]  ; Data_for_register_1:inst2|current_byte[4]     ; inst|altpll_component|auto_generated|pll1|clk[0] ; inst|altpll_component|auto_generated|pll1|clk[0] ; 97.656       ; -0.065     ; 1.741      ;
; 95.868 ; Data_for_register_1:inst2|Phase_data_index[0]  ; Data_for_register_1:inst2|current_byte[3]     ; inst|altpll_component|auto_generated|pll1|clk[0] ; inst|altpll_component|auto_generated|pll1|clk[0] ; 97.656       ; -0.065     ; 1.718      ;
; 95.885 ; Data_for_register_1:inst2|Phase_data_index[0]  ; Data_for_register_1:inst2|current_byte[6]     ; inst|altpll_component|auto_generated|pll1|clk[0] ; inst|altpll_component|auto_generated|pll1|clk[0] ; 97.656       ; -0.065     ; 1.701      ;
; 95.893 ; Data_for_register_1:inst2|bit_index[1]         ; Data_for_register_1:inst2|Phase_data_index[4] ; inst|altpll_component|auto_generated|pll1|clk[0] ; inst|altpll_component|auto_generated|pll1|clk[0] ; 97.656       ; -0.065     ; 1.693      ;
; 95.893 ; Data_for_register_1:inst2|bit_index[1]         ; Data_for_register_1:inst2|Phase_data_index[3] ; inst|altpll_component|auto_generated|pll1|clk[0] ; inst|altpll_component|auto_generated|pll1|clk[0] ; 97.656       ; -0.065     ; 1.693      ;
; 95.893 ; Data_for_register_1:inst2|bit_index[1]         ; Data_for_register_1:inst2|Phase_data_index[2] ; inst|altpll_component|auto_generated|pll1|clk[0] ; inst|altpll_component|auto_generated|pll1|clk[0] ; 97.656       ; -0.065     ; 1.693      ;
; 95.893 ; Data_for_register_1:inst2|bit_index[1]         ; Data_for_register_1:inst2|Phase_data_index[1] ; inst|altpll_component|auto_generated|pll1|clk[0] ; inst|altpll_component|auto_generated|pll1|clk[0] ; 97.656       ; -0.065     ; 1.693      ;
; 95.893 ; Data_for_register_1:inst2|bit_index[1]         ; Data_for_register_1:inst2|Phase_data_index[0] ; inst|altpll_component|auto_generated|pll1|clk[0] ; inst|altpll_component|auto_generated|pll1|clk[0] ; 97.656       ; -0.065     ; 1.693      ;
; 95.906 ; Data_for_register_1:inst2|Phase_data_index[0]  ; Data_for_register_1:inst2|current_byte[2]     ; inst|altpll_component|auto_generated|pll1|clk[0] ; inst|altpll_component|auto_generated|pll1|clk[0] ; 97.656       ; -0.065     ; 1.680      ;
; 95.908 ; Data_for_register_1:inst2|Phase_data_index[0]  ; Data_for_register_1:inst2|latch_flag          ; inst|altpll_component|auto_generated|pll1|clk[0] ; inst|altpll_component|auto_generated|pll1|clk[0] ; 97.656       ; -0.065     ; 1.678      ;
; 95.914 ; Data_for_register_1:inst2|Phase_data_index[0]  ; Data_for_register_1:inst2|current_byte[1]     ; inst|altpll_component|auto_generated|pll1|clk[0] ; inst|altpll_component|auto_generated|pll1|clk[0] ; 97.656       ; -0.065     ; 1.672      ;
; 95.918 ; Data_for_register_1:inst2|Phase_data_index[1]  ; Data_for_register_1:inst2|Phase_data_index[4] ; inst|altpll_component|auto_generated|pll1|clk[0] ; inst|altpll_component|auto_generated|pll1|clk[0] ; 97.656       ; -0.065     ; 1.668      ;
; 95.979 ; Data_for_register_1:inst2|current_byte[1]      ; Data_for_register_1:inst2|data_outpin_1       ; inst|altpll_component|auto_generated|pll1|clk[0] ; inst|altpll_component|auto_generated|pll1|clk[0] ; 97.656       ; -0.064     ; 1.608      ;
; 96.001 ; Data_for_register_1:inst2|Phase_data_index[0]  ; Data_for_register_1:inst2|current_byte[7]     ; inst|altpll_component|auto_generated|pll1|clk[0] ; inst|altpll_component|auto_generated|pll1|clk[0] ; 97.656       ; -0.065     ; 1.585      ;
; 96.004 ; Data_for_register_1:inst2|Phase_data_index[0]  ; Data_for_register_1:inst2|current_byte[5]     ; inst|altpll_component|auto_generated|pll1|clk[0] ; inst|altpll_component|auto_generated|pll1|clk[0] ; 97.656       ; -0.065     ; 1.582      ;
; 96.004 ; Data_for_register_1:inst2|current_byte[7]      ; Data_for_register_1:inst2|data_outpin_1       ; inst|altpll_component|auto_generated|pll1|clk[0] ; inst|altpll_component|auto_generated|pll1|clk[0] ; 97.656       ; -0.064     ; 1.583      ;
; 96.006 ; Data_for_register_1:inst2|Phase_data_index[0]  ; Data_for_register_1:inst2|Phase_data_index[4] ; inst|altpll_component|auto_generated|pll1|clk[0] ; inst|altpll_component|auto_generated|pll1|clk[0] ; 97.656       ; -0.065     ; 1.580      ;
; 96.009 ; Data_for_register_1:inst2|Phase_data_index[1]  ; Data_for_register_1:inst2|latch_flag          ; inst|altpll_component|auto_generated|pll1|clk[0] ; inst|altpll_component|auto_generated|pll1|clk[0] ; 97.656       ; -0.065     ; 1.577      ;
; 96.015 ; Data_for_register_1:inst2|Phase_data_index[1]  ; Data_for_register_1:inst2|current_byte[1]     ; inst|altpll_component|auto_generated|pll1|clk[0] ; inst|altpll_component|auto_generated|pll1|clk[0] ; 97.656       ; -0.065     ; 1.571      ;
; 96.015 ; Data_for_register_1:inst2|Phase_data_index[4]  ; Data_for_register_1:inst2|current_byte[4]     ; inst|altpll_component|auto_generated|pll1|clk[0] ; inst|altpll_component|auto_generated|pll1|clk[0] ; 97.656       ; -0.065     ; 1.571      ;
; 96.034 ; Data_for_register_1:inst2|Phase_data_index[1]  ; Data_for_register_1:inst2|Phase_data_index[2] ; inst|altpll_component|auto_generated|pll1|clk[0] ; inst|altpll_component|auto_generated|pll1|clk[0] ; 97.656       ; -0.065     ; 1.552      ;
; 96.040 ; Data_for_register_1:inst2|Phase_data_index[1]  ; Data_for_register_1:inst2|Phase_data_index[3] ; inst|altpll_component|auto_generated|pll1|clk[0] ; inst|altpll_component|auto_generated|pll1|clk[0] ; 97.656       ; -0.065     ; 1.546      ;
; 96.043 ; Data_for_register_1:inst2|bit_index[2]         ; Data_for_register_1:inst2|Phase_data_index[4] ; inst|altpll_component|auto_generated|pll1|clk[0] ; inst|altpll_component|auto_generated|pll1|clk[0] ; 97.656       ; -0.065     ; 1.543      ;
; 96.043 ; Data_for_register_1:inst2|bit_index[2]         ; Data_for_register_1:inst2|Phase_data_index[3] ; inst|altpll_component|auto_generated|pll1|clk[0] ; inst|altpll_component|auto_generated|pll1|clk[0] ; 97.656       ; -0.065     ; 1.543      ;
; 96.043 ; Data_for_register_1:inst2|bit_index[2]         ; Data_for_register_1:inst2|Phase_data_index[2] ; inst|altpll_component|auto_generated|pll1|clk[0] ; inst|altpll_component|auto_generated|pll1|clk[0] ; 97.656       ; -0.065     ; 1.543      ;
; 96.043 ; Data_for_register_1:inst2|bit_index[2]         ; Data_for_register_1:inst2|Phase_data_index[1] ; inst|altpll_component|auto_generated|pll1|clk[0] ; inst|altpll_component|auto_generated|pll1|clk[0] ; 97.656       ; -0.065     ; 1.543      ;
; 96.043 ; Data_for_register_1:inst2|bit_index[2]         ; Data_for_register_1:inst2|Phase_data_index[0] ; inst|altpll_component|auto_generated|pll1|clk[0] ; inst|altpll_component|auto_generated|pll1|clk[0] ; 97.656       ; -0.065     ; 1.543      ;
; 96.046 ; Data_for_register_1:inst2|Phase_data_index[1]  ; Data_for_register_1:inst2|current_byte[2]     ; inst|altpll_component|auto_generated|pll1|clk[0] ; inst|altpll_component|auto_generated|pll1|clk[0] ; 97.656       ; -0.065     ; 1.540      ;
; 96.054 ; Data_for_register_1:inst2|Phase_data_index[1]  ; Data_for_register_1:inst2|current_byte[3]     ; inst|altpll_component|auto_generated|pll1|clk[0] ; inst|altpll_component|auto_generated|pll1|clk[0] ; 97.656       ; -0.065     ; 1.532      ;
; 96.057 ; Data_for_register_1:inst2|Phase_data_index[3]  ; Data_for_register_1:inst2|Phase_data_index[4] ; inst|altpll_component|auto_generated|pll1|clk[0] ; inst|altpll_component|auto_generated|pll1|clk[0] ; 97.656       ; -0.065     ; 1.529      ;
; 96.062 ; Data_for_register_1:inst2|Phase_data_index[0]  ; Data_for_register_1:inst2|Phase_data_index[3] ; inst|altpll_component|auto_generated|pll1|clk[0] ; inst|altpll_component|auto_generated|pll1|clk[0] ; 97.656       ; -0.065     ; 1.524      ;
; 96.071 ; Data_for_register_1:inst2|Phase_data_index[1]  ; Data_for_register_1:inst2|current_byte[6]     ; inst|altpll_component|auto_generated|pll1|clk[0] ; inst|altpll_component|auto_generated|pll1|clk[0] ; 97.656       ; -0.065     ; 1.515      ;
; 96.114 ; Data_for_register_1:inst2|Phase_data_index[2]  ; Data_for_register_1:inst2|Phase_data_index[4] ; inst|altpll_component|auto_generated|pll1|clk[0] ; inst|altpll_component|auto_generated|pll1|clk[0] ; 97.656       ; -0.065     ; 1.472      ;
; 96.122 ; Data_for_register_1:inst2|Phase_data_index[0]  ; Data_for_register_1:inst2|Phase_data_index[2] ; inst|altpll_component|auto_generated|pll1|clk[0] ; inst|altpll_component|auto_generated|pll1|clk[0] ; 97.656       ; -0.065     ; 1.464      ;
; 96.147 ; Data_for_register_1:inst2|Phase_data_index[2]  ; Data_for_register_1:inst2|current_byte[2]     ; inst|altpll_component|auto_generated|pll1|clk[0] ; inst|altpll_component|auto_generated|pll1|clk[0] ; 97.656       ; -0.065     ; 1.439      ;
; 96.149 ; Data_for_register_1:inst2|Phase_data_index[2]  ; Data_for_register_1:inst2|latch_flag          ; inst|altpll_component|auto_generated|pll1|clk[0] ; inst|altpll_component|auto_generated|pll1|clk[0] ; 97.656       ; -0.065     ; 1.437      ;
; 96.155 ; Data_for_register_1:inst2|Phase_data_index[2]  ; Data_for_register_1:inst2|current_byte[1]     ; inst|altpll_component|auto_generated|pll1|clk[0] ; inst|altpll_component|auto_generated|pll1|clk[0] ; 97.656       ; -0.065     ; 1.431      ;
; 96.155 ; Data_for_register_1:inst2|Phase_data_index[2]  ; Data_for_register_1:inst2|current_byte[3]     ; inst|altpll_component|auto_generated|pll1|clk[0] ; inst|altpll_component|auto_generated|pll1|clk[0] ; 97.656       ; -0.065     ; 1.431      ;
; 96.163 ; Data_for_register_1:inst2|Phase_data_index[3]  ; Data_for_register_1:inst2|current_byte[4]     ; inst|altpll_component|auto_generated|pll1|clk[0] ; inst|altpll_component|auto_generated|pll1|clk[0] ; 97.656       ; -0.065     ; 1.423      ;
; 96.171 ; Data_for_register_1:inst2|bit_index[0]         ; Data_for_register_1:inst2|latch_flag          ; inst|altpll_component|auto_generated|pll1|clk[0] ; inst|altpll_component|auto_generated|pll1|clk[0] ; 97.656       ; -0.065     ; 1.415      ;
; 96.171 ; Data_for_register_1:inst2|Phase_data_index[1]  ; Data_for_register_1:inst2|current_byte[7]     ; inst|altpll_component|auto_generated|pll1|clk[0] ; inst|altpll_component|auto_generated|pll1|clk[0] ; 97.656       ; -0.065     ; 1.415      ;
; 96.171 ; Data_for_register_1:inst2|Phase_data_index[2]  ; Data_for_register_1:inst2|Phase_data_index[3] ; inst|altpll_component|auto_generated|pll1|clk[0] ; inst|altpll_component|auto_generated|pll1|clk[0] ; 97.656       ; -0.065     ; 1.415      ;
; 96.172 ; Data_for_register_1:inst2|Phase_data_index[2]  ; Data_for_register_1:inst2|current_byte[6]     ; inst|altpll_component|auto_generated|pll1|clk[0] ; inst|altpll_component|auto_generated|pll1|clk[0] ; 97.656       ; -0.065     ; 1.414      ;
; 96.174 ; Data_for_register_1:inst2|Phase_data_index[1]  ; Data_for_register_1:inst2|current_byte[5]     ; inst|altpll_component|auto_generated|pll1|clk[0] ; inst|altpll_component|auto_generated|pll1|clk[0] ; 97.656       ; -0.065     ; 1.412      ;
; 96.178 ; Data_for_register_1:inst2|Phase_data_index[0]  ; Data_for_register_1:inst2|Phase_data_index[1] ; inst|altpll_component|auto_generated|pll1|clk[0] ; inst|altpll_component|auto_generated|pll1|clk[0] ; 97.656       ; -0.065     ; 1.408      ;
; 96.271 ; Data_for_register_1:inst2|Phase_data_index[2]  ; Data_for_register_1:inst2|current_byte[7]     ; inst|altpll_component|auto_generated|pll1|clk[0] ; inst|altpll_component|auto_generated|pll1|clk[0] ; 97.656       ; -0.065     ; 1.315      ;
; 96.274 ; Data_for_register_1:inst2|Phase_data_index[2]  ; Data_for_register_1:inst2|current_byte[5]     ; inst|altpll_component|auto_generated|pll1|clk[0] ; inst|altpll_component|auto_generated|pll1|clk[0] ; 97.656       ; -0.065     ; 1.312      ;
; 96.276 ; Data_for_register_1:inst2|bit_index[1]         ; Data_for_register_1:inst2|latch_flag          ; inst|altpll_component|auto_generated|pll1|clk[0] ; inst|altpll_component|auto_generated|pll1|clk[0] ; 97.656       ; -0.065     ; 1.310      ;
; 96.286 ; Data_for_register_1:inst2|current_byte[6]      ; Data_for_register_1:inst2|data_outpin_1       ; inst|altpll_component|auto_generated|pll1|clk[0] ; inst|altpll_component|auto_generated|pll1|clk[0] ; 97.656       ; -0.064     ; 1.301      ;
; 96.326 ; Data_for_register_1:inst2|Phase_data_index[4]  ; Data_for_register_1:inst2|current_byte[6]     ; inst|altpll_component|auto_generated|pll1|clk[0] ; inst|altpll_component|auto_generated|pll1|clk[0] ; 97.656       ; -0.065     ; 1.260      ;
; 96.329 ; Data_for_register_1:inst2|current_byte[2]      ; Data_for_register_1:inst2|data_outpin_1       ; inst|altpll_component|auto_generated|pll1|clk[0] ; inst|altpll_component|auto_generated|pll1|clk[0] ; 97.656       ; -0.064     ; 1.258      ;
; 96.329 ; Data_for_register_1:inst2|Phase_data_index[4]  ; Data_for_register_1:inst2|current_byte[3]     ; inst|altpll_component|auto_generated|pll1|clk[0] ; inst|altpll_component|auto_generated|pll1|clk[0] ; 97.656       ; -0.065     ; 1.257      ;
; 96.384 ; Data_for_register_1:inst2|Phase_data_index[3]  ; Data_for_register_1:inst2|current_byte[7]     ; inst|altpll_component|auto_generated|pll1|clk[0] ; inst|altpll_component|auto_generated|pll1|clk[0] ; 97.656       ; -0.065     ; 1.202      ;
; 96.391 ; Data_for_register_1:inst2|Phase_data_index[3]  ; Data_for_register_1:inst2|current_byte[5]     ; inst|altpll_component|auto_generated|pll1|clk[0] ; inst|altpll_component|auto_generated|pll1|clk[0] ; 97.656       ; -0.065     ; 1.195      ;
; 96.426 ; Data_for_register_1:inst2|bit_index[2]         ; Data_for_register_1:inst2|latch_flag          ; inst|altpll_component|auto_generated|pll1|clk[0] ; inst|altpll_component|auto_generated|pll1|clk[0] ; 97.656       ; -0.065     ; 1.160      ;
; 96.430 ; Data_for_register_1:inst2|Phase_data_index[3]  ; Data_for_register_1:inst2|current_byte[6]     ; inst|altpll_component|auto_generated|pll1|clk[0] ; inst|altpll_component|auto_generated|pll1|clk[0] ; 97.656       ; -0.065     ; 1.156      ;
; 96.431 ; Data_for_register_1:inst2|bit_index[2]         ; Data_for_register_1:inst2|data_outpin_1       ; inst|altpll_component|auto_generated|pll1|clk[0] ; inst|altpll_component|auto_generated|pll1|clk[0] ; 97.656       ; -0.065     ; 1.155      ;
; 96.453 ; Data_for_register_1:inst2|Phase_data_index[4]  ; Data_for_register_1:inst2|current_byte[2]     ; inst|altpll_component|auto_generated|pll1|clk[0] ; inst|altpll_component|auto_generated|pll1|clk[0] ; 97.656       ; -0.065     ; 1.133      ;
; 96.454 ; Data_for_register_1:inst2|Phase_data_index[4]  ; Data_for_register_1:inst2|current_byte[0]     ; inst|altpll_component|auto_generated|pll1|clk[0] ; inst|altpll_component|auto_generated|pll1|clk[0] ; 97.656       ; -0.065     ; 1.132      ;
; 96.455 ; Data_for_register_1:inst2|Phase_data_index[4]  ; Data_for_register_1:inst2|current_byte[1]     ; inst|altpll_component|auto_generated|pll1|clk[0] ; inst|altpll_component|auto_generated|pll1|clk[0] ; 97.656       ; -0.065     ; 1.131      ;
; 96.456 ; Data_for_register_1:inst2|Phase_data_index[3]  ; Data_for_register_1:inst2|current_byte[3]     ; inst|altpll_component|auto_generated|pll1|clk[0] ; inst|altpll_component|auto_generated|pll1|clk[0] ; 97.656       ; -0.065     ; 1.130      ;
; 96.524 ; Data_for_register_1:inst2|Phase_register[0][7] ; Data_for_register_1:inst2|current_byte[5]     ; inst|altpll_component|auto_generated|pll1|clk[0] ; inst|altpll_component|auto_generated|pll1|clk[0] ; 97.656       ; -0.064     ; 1.063      ;
; 96.544 ; Data_for_register_1:inst2|Phase_data_index[2]  ; Data_for_register_1:inst2|Phase_data_index[2] ; inst|altpll_component|auto_generated|pll1|clk[0] ; inst|altpll_component|auto_generated|pll1|clk[0] ; 97.656       ; -0.065     ; 1.042      ;
; 96.550 ; Data_for_register_1:inst2|Phase_register[0][7] ; Data_for_register_1:inst2|current_byte[7]     ; inst|altpll_component|auto_generated|pll1|clk[0] ; inst|altpll_component|auto_generated|pll1|clk[0] ; 97.656       ; -0.064     ; 1.037      ;
; 96.552 ; Data_for_register_1:inst2|Phase_data_index[0]  ; Data_for_register_1:inst2|Phase_data_index[0] ; inst|altpll_component|auto_generated|pll1|clk[0] ; inst|altpll_component|auto_generated|pll1|clk[0] ; 97.656       ; -0.065     ; 1.034      ;
; 96.559 ; Data_for_register_1:inst2|bit_index[0]         ; Data_for_register_1:inst2|bit_index[2]        ; inst|altpll_component|auto_generated|pll1|clk[0] ; inst|altpll_component|auto_generated|pll1|clk[0] ; 97.656       ; -0.065     ; 1.027      ;
; 96.561 ; Data_for_register_1:inst2|Phase_data_index[4]  ; Data_for_register_1:inst2|Phase_data_index[4] ; inst|altpll_component|auto_generated|pll1|clk[0] ; inst|altpll_component|auto_generated|pll1|clk[0] ; 97.656       ; -0.065     ; 1.025      ;
; 96.564 ; Data_for_register_1:inst2|bit_index[1]         ; Data_for_register_1:inst2|bit_index[2]        ; inst|altpll_component|auto_generated|pll1|clk[0] ; inst|altpll_component|auto_generated|pll1|clk[0] ; 97.656       ; -0.065     ; 1.022      ;
; 96.570 ; Data_for_register_1:inst2|Phase_data_index[1]  ; Data_for_register_1:inst2|Phase_data_index[1] ; inst|altpll_component|auto_generated|pll1|clk[0] ; inst|altpll_component|auto_generated|pll1|clk[0] ; 97.656       ; -0.065     ; 1.016      ;
; 96.589 ; Data_for_register_1:inst2|current_byte[3]      ; Data_for_register_1:inst2|data_outpin_1       ; inst|altpll_component|auto_generated|pll1|clk[0] ; inst|altpll_component|auto_generated|pll1|clk[0] ; 97.656       ; -0.064     ; 0.998      ;
; 96.592 ; Data_for_register_1:inst2|Phase_data_index[3]  ; Data_for_register_1:inst2|Phase_data_index[3] ; inst|altpll_component|auto_generated|pll1|clk[0] ; inst|altpll_component|auto_generated|pll1|clk[0] ; 97.656       ; -0.065     ; 0.994      ;
; 96.614 ; Data_for_register_1:inst2|Phase_data_index[4]  ; Data_for_register_1:inst2|latch_flag          ; inst|altpll_component|auto_generated|pll1|clk[0] ; inst|altpll_component|auto_generated|pll1|clk[0] ; 97.656       ; -0.065     ; 0.972      ;
; 96.695 ; Data_for_register_1:inst2|Phase_data_index[4]  ; Data_for_register_1:inst2|current_byte[5]     ; inst|altpll_component|auto_generated|pll1|clk[0] ; inst|altpll_component|auto_generated|pll1|clk[0] ; 97.656       ; -0.065     ; 0.891      ;
; 96.697 ; Data_for_register_1:inst2|Phase_data_index[4]  ; Data_for_register_1:inst2|current_byte[7]     ; inst|altpll_component|auto_generated|pll1|clk[0] ; inst|altpll_component|auto_generated|pll1|clk[0] ; 97.656       ; -0.065     ; 0.889      ;
; 96.822 ; Data_for_register_1:inst2|Phase_register[0][7] ; Data_for_register_1:inst2|current_byte[4]     ; inst|altpll_component|auto_generated|pll1|clk[0] ; inst|altpll_component|auto_generated|pll1|clk[0] ; 97.656       ; -0.064     ; 0.765      ;
; 96.823 ; Data_for_register_1:inst2|Phase_register[0][7] ; Data_for_register_1:inst2|current_byte[2]     ; inst|altpll_component|auto_generated|pll1|clk[0] ; inst|altpll_component|auto_generated|pll1|clk[0] ; 97.656       ; -0.064     ; 0.764      ;
; 96.824 ; Data_for_register_1:inst2|Phase_register[0][7] ; Data_for_register_1:inst2|current_byte[0]     ; inst|altpll_component|auto_generated|pll1|clk[0] ; inst|altpll_component|auto_generated|pll1|clk[0] ; 97.656       ; -0.064     ; 0.763      ;
; 96.825 ; Data_for_register_1:inst2|Phase_register[0][7] ; Data_for_register_1:inst2|current_byte[1]     ; inst|altpll_component|auto_generated|pll1|clk[0] ; inst|altpll_component|auto_generated|pll1|clk[0] ; 97.656       ; -0.064     ; 0.762      ;
; 96.826 ; Data_for_register_1:inst2|Phase_register[0][7] ; Data_for_register_1:inst2|current_byte[6]     ; inst|altpll_component|auto_generated|pll1|clk[0] ; inst|altpll_component|auto_generated|pll1|clk[0] ; 97.656       ; -0.064     ; 0.761      ;
; 96.834 ; Data_for_register_1:inst2|Phase_register[0][7] ; Data_for_register_1:inst2|current_byte[3]     ; inst|altpll_component|auto_generated|pll1|clk[0] ; inst|altpll_component|auto_generated|pll1|clk[0] ; 97.656       ; -0.064     ; 0.753      ;
; 96.856 ; Data_for_register_1:inst2|bit_index[0]         ; Data_for_register_1:inst2|bit_index[1]        ; inst|altpll_component|auto_generated|pll1|clk[0] ; inst|altpll_component|auto_generated|pll1|clk[0] ; 97.656       ; -0.065     ; 0.730      ;
; 96.927 ; Data_for_register_1:inst2|bit_index[0]         ; Data_for_register_1:inst2|bit_index[0]        ; inst|altpll_component|auto_generated|pll1|clk[0] ; inst|altpll_component|auto_generated|pll1|clk[0] ; 97.656       ; -0.065     ; 0.659      ;
; 96.927 ; Data_for_register_1:inst2|bit_index[2]         ; Data_for_register_1:inst2|bit_index[2]        ; inst|altpll_component|auto_generated|pll1|clk[0] ; inst|altpll_component|auto_generated|pll1|clk[0] ; 97.656       ; -0.065     ; 0.659      ;
; 96.927 ; Data_for_register_1:inst2|bit_index[1]         ; Data_for_register_1:inst2|bit_index[1]        ; inst|altpll_component|auto_generated|pll1|clk[0] ; inst|altpll_component|auto_generated|pll1|clk[0] ; 97.656       ; -0.065     ; 0.659      ;
; 96.949 ; Data_for_register_1:inst2|latch_flag           ; Data_for_register_1:inst2|latch_flag          ; inst|altpll_component|auto_generated|pll1|clk[0] ; inst|altpll_component|auto_generated|pll1|clk[0] ; 97.656       ; -0.065     ; 0.637      ;
+--------+------------------------------------------------+-----------------------------------------------+--------------------------------------------------+--------------------------------------------------+--------------+------------+------------+


+-------------------------------------------------------------------------------------------------------------------------------------------------------------------------------------------------------------------------------------------------------+
; Slow 1200mV 85C Model Hold: 'inst|altpll_component|auto_generated|pll1|clk[0]'                                                                                                                                                                        ;
+-------+------------------------------------------------+-----------------------------------------------+--------------------------------------------------+--------------------------------------------------+--------------+------------+------------+
; Slack ; From Node                                      ; To Node                                       ; Launch Clock                                     ; Latch Clock                                      ; Relationship ; Clock Skew ; Data Delay ;
+-------+------------------------------------------------+-----------------------------------------------+--------------------------------------------------+--------------------------------------------------+--------------+------------+------------+
; 0.355 ; Data_for_register_1:inst2|latch_flag           ; Data_for_register_1:inst2|latch_flag          ; inst|altpll_component|auto_generated|pll1|clk[0] ; inst|altpll_component|auto_generated|pll1|clk[0] ; 0.000        ; 0.065      ; 0.577      ;
; 0.355 ; Data_for_register_1:inst2|bit_index[2]         ; Data_for_register_1:inst2|bit_index[2]        ; inst|altpll_component|auto_generated|pll1|clk[0] ; inst|altpll_component|auto_generated|pll1|clk[0] ; 0.000        ; 0.065      ; 0.577      ;
; 0.355 ; Data_for_register_1:inst2|bit_index[1]         ; Data_for_register_1:inst2|bit_index[1]        ; inst|altpll_component|auto_generated|pll1|clk[0] ; inst|altpll_component|auto_generated|pll1|clk[0] ; 0.000        ; 0.065      ; 0.577      ;
; 0.358 ; Data_for_register_1:inst2|bit_index[0]         ; Data_for_register_1:inst2|bit_index[0]        ; inst|altpll_component|auto_generated|pll1|clk[0] ; inst|altpll_component|auto_generated|pll1|clk[0] ; 0.000        ; 0.065      ; 0.580      ;
; 0.402 ; Data_for_register_1:inst2|bit_index[0]         ; Data_for_register_1:inst2|bit_index[1]        ; inst|altpll_component|auto_generated|pll1|clk[0] ; inst|altpll_component|auto_generated|pll1|clk[0] ; 0.000        ; 0.065      ; 0.624      ;
; 0.416 ; Data_for_register_1:inst2|Phase_register[0][7] ; Data_for_register_1:inst2|current_byte[3]     ; inst|altpll_component|auto_generated|pll1|clk[0] ; inst|altpll_component|auto_generated|pll1|clk[0] ; 0.000        ; 0.064      ; 0.637      ;
; 0.423 ; Data_for_register_1:inst2|Phase_register[0][7] ; Data_for_register_1:inst2|current_byte[6]     ; inst|altpll_component|auto_generated|pll1|clk[0] ; inst|altpll_component|auto_generated|pll1|clk[0] ; 0.000        ; 0.064      ; 0.644      ;
; 0.424 ; Data_for_register_1:inst2|Phase_register[0][7] ; Data_for_register_1:inst2|current_byte[4]     ; inst|altpll_component|auto_generated|pll1|clk[0] ; inst|altpll_component|auto_generated|pll1|clk[0] ; 0.000        ; 0.064      ; 0.645      ;
; 0.424 ; Data_for_register_1:inst2|Phase_register[0][7] ; Data_for_register_1:inst2|current_byte[1]     ; inst|altpll_component|auto_generated|pll1|clk[0] ; inst|altpll_component|auto_generated|pll1|clk[0] ; 0.000        ; 0.064      ; 0.645      ;
; 0.425 ; Data_for_register_1:inst2|Phase_register[0][7] ; Data_for_register_1:inst2|current_byte[0]     ; inst|altpll_component|auto_generated|pll1|clk[0] ; inst|altpll_component|auto_generated|pll1|clk[0] ; 0.000        ; 0.064      ; 0.646      ;
; 0.426 ; Data_for_register_1:inst2|Phase_register[0][7] ; Data_for_register_1:inst2|current_byte[2]     ; inst|altpll_component|auto_generated|pll1|clk[0] ; inst|altpll_component|auto_generated|pll1|clk[0] ; 0.000        ; 0.064      ; 0.647      ;
; 0.560 ; Data_for_register_1:inst2|Phase_data_index[4]  ; Data_for_register_1:inst2|current_byte[7]     ; inst|altpll_component|auto_generated|pll1|clk[0] ; inst|altpll_component|auto_generated|pll1|clk[0] ; 0.000        ; 0.064      ; 0.781      ;
; 0.563 ; Data_for_register_1:inst2|Phase_data_index[4]  ; Data_for_register_1:inst2|current_byte[5]     ; inst|altpll_component|auto_generated|pll1|clk[0] ; inst|altpll_component|auto_generated|pll1|clk[0] ; 0.000        ; 0.064      ; 0.784      ;
; 0.575 ; Data_for_register_1:inst2|Phase_data_index[3]  ; Data_for_register_1:inst2|Phase_data_index[3] ; inst|altpll_component|auto_generated|pll1|clk[0] ; inst|altpll_component|auto_generated|pll1|clk[0] ; 0.000        ; 0.065      ; 0.797      ;
; 0.575 ; Data_for_register_1:inst2|bit_index[1]         ; Data_for_register_1:inst2|bit_index[2]        ; inst|altpll_component|auto_generated|pll1|clk[0] ; inst|altpll_component|auto_generated|pll1|clk[0] ; 0.000        ; 0.065      ; 0.797      ;
; 0.584 ; Data_for_register_1:inst2|Phase_data_index[2]  ; Data_for_register_1:inst2|Phase_data_index[2] ; inst|altpll_component|auto_generated|pll1|clk[0] ; inst|altpll_component|auto_generated|pll1|clk[0] ; 0.000        ; 0.065      ; 0.806      ;
; 0.585 ; Data_for_register_1:inst2|bit_index[0]         ; Data_for_register_1:inst2|bit_index[2]        ; inst|altpll_component|auto_generated|pll1|clk[0] ; inst|altpll_component|auto_generated|pll1|clk[0] ; 0.000        ; 0.065      ; 0.807      ;
; 0.587 ; Data_for_register_1:inst2|Phase_data_index[4]  ; Data_for_register_1:inst2|latch_flag          ; inst|altpll_component|auto_generated|pll1|clk[0] ; inst|altpll_component|auto_generated|pll1|clk[0] ; 0.000        ; 0.065      ; 0.809      ;
; 0.589 ; Data_for_register_1:inst2|Phase_data_index[4]  ; Data_for_register_1:inst2|Phase_data_index[4] ; inst|altpll_component|auto_generated|pll1|clk[0] ; inst|altpll_component|auto_generated|pll1|clk[0] ; 0.000        ; 0.065      ; 0.811      ;
; 0.589 ; Data_for_register_1:inst2|Phase_data_index[1]  ; Data_for_register_1:inst2|Phase_data_index[1] ; inst|altpll_component|auto_generated|pll1|clk[0] ; inst|altpll_component|auto_generated|pll1|clk[0] ; 0.000        ; 0.065      ; 0.811      ;
; 0.595 ; Data_for_register_1:inst2|Phase_data_index[0]  ; Data_for_register_1:inst2|Phase_data_index[0] ; inst|altpll_component|auto_generated|pll1|clk[0] ; inst|altpll_component|auto_generated|pll1|clk[0] ; 0.000        ; 0.065      ; 0.817      ;
; 0.599 ; Data_for_register_1:inst2|Phase_register[0][7] ; Data_for_register_1:inst2|current_byte[7]     ; inst|altpll_component|auto_generated|pll1|clk[0] ; inst|altpll_component|auto_generated|pll1|clk[0] ; 0.000        ; 0.064      ; 0.820      ;
; 0.620 ; Data_for_register_1:inst2|Phase_register[0][7] ; Data_for_register_1:inst2|current_byte[5]     ; inst|altpll_component|auto_generated|pll1|clk[0] ; inst|altpll_component|auto_generated|pll1|clk[0] ; 0.000        ; 0.064      ; 0.841      ;
; 0.664 ; Data_for_register_1:inst2|current_byte[3]      ; Data_for_register_1:inst2|data_outpin_1       ; inst|altpll_component|auto_generated|pll1|clk[0] ; inst|altpll_component|auto_generated|pll1|clk[0] ; 0.000        ; 0.064      ; 0.885      ;
; 0.747 ; Data_for_register_1:inst2|Phase_data_index[4]  ; Data_for_register_1:inst2|current_byte[0]     ; inst|altpll_component|auto_generated|pll1|clk[0] ; inst|altpll_component|auto_generated|pll1|clk[0] ; 0.000        ; 0.064      ; 0.968      ;
; 0.748 ; Data_for_register_1:inst2|Phase_data_index[4]  ; Data_for_register_1:inst2|current_byte[2]     ; inst|altpll_component|auto_generated|pll1|clk[0] ; inst|altpll_component|auto_generated|pll1|clk[0] ; 0.000        ; 0.064      ; 0.969      ;
; 0.758 ; Data_for_register_1:inst2|bit_index[2]         ; Data_for_register_1:inst2|data_outpin_1       ; inst|altpll_component|auto_generated|pll1|clk[0] ; inst|altpll_component|auto_generated|pll1|clk[0] ; 0.000        ; 0.064      ; 0.979      ;
; 0.761 ; Data_for_register_1:inst2|Phase_data_index[4]  ; Data_for_register_1:inst2|current_byte[1]     ; inst|altpll_component|auto_generated|pll1|clk[0] ; inst|altpll_component|auto_generated|pll1|clk[0] ; 0.000        ; 0.064      ; 0.982      ;
; 0.777 ; Data_for_register_1:inst2|Phase_data_index[3]  ; Data_for_register_1:inst2|current_byte[6]     ; inst|altpll_component|auto_generated|pll1|clk[0] ; inst|altpll_component|auto_generated|pll1|clk[0] ; 0.000        ; 0.064      ; 0.998      ;
; 0.777 ; Data_for_register_1:inst2|Phase_data_index[3]  ; Data_for_register_1:inst2|current_byte[7]     ; inst|altpll_component|auto_generated|pll1|clk[0] ; inst|altpll_component|auto_generated|pll1|clk[0] ; 0.000        ; 0.064      ; 0.998      ;
; 0.793 ; Data_for_register_1:inst2|Phase_data_index[3]  ; Data_for_register_1:inst2|current_byte[3]     ; inst|altpll_component|auto_generated|pll1|clk[0] ; inst|altpll_component|auto_generated|pll1|clk[0] ; 0.000        ; 0.064      ; 1.014      ;
; 0.815 ; Data_for_register_1:inst2|Phase_data_index[3]  ; Data_for_register_1:inst2|current_byte[5]     ; inst|altpll_component|auto_generated|pll1|clk[0] ; inst|altpll_component|auto_generated|pll1|clk[0] ; 0.000        ; 0.064      ; 1.036      ;
; 0.820 ; Data_for_register_1:inst2|bit_index[2]         ; Data_for_register_1:inst2|latch_flag          ; inst|altpll_component|auto_generated|pll1|clk[0] ; inst|altpll_component|auto_generated|pll1|clk[0] ; 0.000        ; 0.065      ; 1.042      ;
; 0.842 ; Data_for_register_1:inst2|current_byte[6]      ; Data_for_register_1:inst2|data_outpin_1       ; inst|altpll_component|auto_generated|pll1|clk[0] ; inst|altpll_component|auto_generated|pll1|clk[0] ; 0.000        ; 0.064      ; 1.063      ;
; 0.850 ; Data_for_register_1:inst2|Phase_data_index[3]  ; Data_for_register_1:inst2|Phase_data_index[4] ; inst|altpll_component|auto_generated|pll1|clk[0] ; inst|altpll_component|auto_generated|pll1|clk[0] ; 0.000        ; 0.065      ; 1.072      ;
; 0.860 ; Data_for_register_1:inst2|current_byte[2]      ; Data_for_register_1:inst2|data_outpin_1       ; inst|altpll_component|auto_generated|pll1|clk[0] ; inst|altpll_component|auto_generated|pll1|clk[0] ; 0.000        ; 0.064      ; 1.081      ;
; 0.863 ; Data_for_register_1:inst2|Phase_data_index[1]  ; Data_for_register_1:inst2|Phase_data_index[2] ; inst|altpll_component|auto_generated|pll1|clk[0] ; inst|altpll_component|auto_generated|pll1|clk[0] ; 0.000        ; 0.065      ; 1.085      ;
; 0.865 ; Data_for_register_1:inst2|Phase_data_index[0]  ; Data_for_register_1:inst2|Phase_data_index[1] ; inst|altpll_component|auto_generated|pll1|clk[0] ; inst|altpll_component|auto_generated|pll1|clk[0] ; 0.000        ; 0.065      ; 1.087      ;
; 0.867 ; Data_for_register_1:inst2|Phase_data_index[0]  ; Data_for_register_1:inst2|Phase_data_index[2] ; inst|altpll_component|auto_generated|pll1|clk[0] ; inst|altpll_component|auto_generated|pll1|clk[0] ; 0.000        ; 0.065      ; 1.089      ;
; 0.872 ; Data_for_register_1:inst2|Phase_data_index[2]  ; Data_for_register_1:inst2|Phase_data_index[3] ; inst|altpll_component|auto_generated|pll1|clk[0] ; inst|altpll_component|auto_generated|pll1|clk[0] ; 0.000        ; 0.065      ; 1.094      ;
; 0.874 ; Data_for_register_1:inst2|Phase_data_index[2]  ; Data_for_register_1:inst2|Phase_data_index[4] ; inst|altpll_component|auto_generated|pll1|clk[0] ; inst|altpll_component|auto_generated|pll1|clk[0] ; 0.000        ; 0.065      ; 1.096      ;
; 0.917 ; Data_for_register_1:inst2|Phase_data_index[4]  ; Data_for_register_1:inst2|current_byte[3]     ; inst|altpll_component|auto_generated|pll1|clk[0] ; inst|altpll_component|auto_generated|pll1|clk[0] ; 0.000        ; 0.064      ; 1.138      ;
; 0.918 ; Data_for_register_1:inst2|Phase_data_index[4]  ; Data_for_register_1:inst2|current_byte[6]     ; inst|altpll_component|auto_generated|pll1|clk[0] ; inst|altpll_component|auto_generated|pll1|clk[0] ; 0.000        ; 0.064      ; 1.139      ;
; 0.931 ; Data_for_register_1:inst2|bit_index[1]         ; Data_for_register_1:inst2|latch_flag          ; inst|altpll_component|auto_generated|pll1|clk[0] ; inst|altpll_component|auto_generated|pll1|clk[0] ; 0.000        ; 0.065      ; 1.153      ;
; 0.942 ; Data_for_register_1:inst2|Phase_data_index[2]  ; Data_for_register_1:inst2|current_byte[7]     ; inst|altpll_component|auto_generated|pll1|clk[0] ; inst|altpll_component|auto_generated|pll1|clk[0] ; 0.000        ; 0.064      ; 1.163      ;
; 0.943 ; Data_for_register_1:inst2|Phase_data_index[2]  ; Data_for_register_1:inst2|current_byte[5]     ; inst|altpll_component|auto_generated|pll1|clk[0] ; inst|altpll_component|auto_generated|pll1|clk[0] ; 0.000        ; 0.064      ; 1.164      ;
; 0.973 ; Data_for_register_1:inst2|bit_index[1]         ; Data_for_register_1:inst2|data_outpin_1       ; inst|altpll_component|auto_generated|pll1|clk[0] ; inst|altpll_component|auto_generated|pll1|clk[0] ; 0.000        ; 0.064      ; 1.194      ;
; 0.973 ; Data_for_register_1:inst2|Phase_data_index[1]  ; Data_for_register_1:inst2|Phase_data_index[3] ; inst|altpll_component|auto_generated|pll1|clk[0] ; inst|altpll_component|auto_generated|pll1|clk[0] ; 0.000        ; 0.065      ; 1.195      ;
; 0.975 ; Data_for_register_1:inst2|Phase_data_index[1]  ; Data_for_register_1:inst2|Phase_data_index[4] ; inst|altpll_component|auto_generated|pll1|clk[0] ; inst|altpll_component|auto_generated|pll1|clk[0] ; 0.000        ; 0.065      ; 1.197      ;
; 0.977 ; Data_for_register_1:inst2|Phase_data_index[0]  ; Data_for_register_1:inst2|Phase_data_index[3] ; inst|altpll_component|auto_generated|pll1|clk[0] ; inst|altpll_component|auto_generated|pll1|clk[0] ; 0.000        ; 0.065      ; 1.199      ;
; 0.979 ; Data_for_register_1:inst2|Phase_data_index[0]  ; Data_for_register_1:inst2|Phase_data_index[4] ; inst|altpll_component|auto_generated|pll1|clk[0] ; inst|altpll_component|auto_generated|pll1|clk[0] ; 0.000        ; 0.065      ; 1.201      ;
; 1.016 ; Data_for_register_1:inst2|bit_index[0]         ; Data_for_register_1:inst2|latch_flag          ; inst|altpll_component|auto_generated|pll1|clk[0] ; inst|altpll_component|auto_generated|pll1|clk[0] ; 0.000        ; 0.065      ; 1.238      ;
; 1.018 ; Data_for_register_1:inst2|Phase_data_index[2]  ; Data_for_register_1:inst2|latch_flag          ; inst|altpll_component|auto_generated|pll1|clk[0] ; inst|altpll_component|auto_generated|pll1|clk[0] ; 0.000        ; 0.065      ; 1.240      ;
; 1.020 ; Data_for_register_1:inst2|current_byte[7]      ; Data_for_register_1:inst2|data_outpin_1       ; inst|altpll_component|auto_generated|pll1|clk[0] ; inst|altpll_component|auto_generated|pll1|clk[0] ; 0.000        ; 0.064      ; 1.241      ;
; 1.026 ; Data_for_register_1:inst2|Phase_data_index[2]  ; Data_for_register_1:inst2|current_byte[1]     ; inst|altpll_component|auto_generated|pll1|clk[0] ; inst|altpll_component|auto_generated|pll1|clk[0] ; 0.000        ; 0.064      ; 1.247      ;
; 1.035 ; Data_for_register_1:inst2|Phase_data_index[3]  ; Data_for_register_1:inst2|current_byte[4]     ; inst|altpll_component|auto_generated|pll1|clk[0] ; inst|altpll_component|auto_generated|pll1|clk[0] ; 0.000        ; 0.064      ; 1.256      ;
; 1.036 ; Data_for_register_1:inst2|Phase_data_index[2]  ; Data_for_register_1:inst2|current_byte[6]     ; inst|altpll_component|auto_generated|pll1|clk[0] ; inst|altpll_component|auto_generated|pll1|clk[0] ; 0.000        ; 0.064      ; 1.257      ;
; 1.047 ; Data_for_register_1:inst2|Phase_data_index[1]  ; Data_for_register_1:inst2|current_byte[7]     ; inst|altpll_component|auto_generated|pll1|clk[0] ; inst|altpll_component|auto_generated|pll1|clk[0] ; 0.000        ; 0.064      ; 1.268      ;
; 1.048 ; Data_for_register_1:inst2|Phase_data_index[1]  ; Data_for_register_1:inst2|current_byte[5]     ; inst|altpll_component|auto_generated|pll1|clk[0] ; inst|altpll_component|auto_generated|pll1|clk[0] ; 0.000        ; 0.064      ; 1.269      ;
; 1.058 ; Data_for_register_1:inst2|Phase_data_index[2]  ; Data_for_register_1:inst2|current_byte[3]     ; inst|altpll_component|auto_generated|pll1|clk[0] ; inst|altpll_component|auto_generated|pll1|clk[0] ; 0.000        ; 0.064      ; 1.279      ;
; 1.061 ; Data_for_register_1:inst2|Phase_data_index[2]  ; Data_for_register_1:inst2|current_byte[2]     ; inst|altpll_component|auto_generated|pll1|clk[0] ; inst|altpll_component|auto_generated|pll1|clk[0] ; 0.000        ; 0.064      ; 1.282      ;
; 1.125 ; Data_for_register_1:inst2|Phase_data_index[1]  ; Data_for_register_1:inst2|latch_flag          ; inst|altpll_component|auto_generated|pll1|clk[0] ; inst|altpll_component|auto_generated|pll1|clk[0] ; 0.000        ; 0.065      ; 1.347      ;
; 1.133 ; Data_for_register_1:inst2|Phase_data_index[1]  ; Data_for_register_1:inst2|current_byte[1]     ; inst|altpll_component|auto_generated|pll1|clk[0] ; inst|altpll_component|auto_generated|pll1|clk[0] ; 0.000        ; 0.064      ; 1.354      ;
; 1.137 ; Data_for_register_1:inst2|current_byte[1]      ; Data_for_register_1:inst2|data_outpin_1       ; inst|altpll_component|auto_generated|pll1|clk[0] ; inst|altpll_component|auto_generated|pll1|clk[0] ; 0.000        ; 0.064      ; 1.358      ;
; 1.141 ; Data_for_register_1:inst2|Phase_data_index[1]  ; Data_for_register_1:inst2|current_byte[6]     ; inst|altpll_component|auto_generated|pll1|clk[0] ; inst|altpll_component|auto_generated|pll1|clk[0] ; 0.000        ; 0.064      ; 1.362      ;
; 1.149 ; Data_for_register_1:inst2|Phase_data_index[4]  ; Data_for_register_1:inst2|current_byte[4]     ; inst|altpll_component|auto_generated|pll1|clk[0] ; inst|altpll_component|auto_generated|pll1|clk[0] ; 0.000        ; 0.064      ; 1.370      ;
; 1.163 ; Data_for_register_1:inst2|Phase_data_index[1]  ; Data_for_register_1:inst2|current_byte[3]     ; inst|altpll_component|auto_generated|pll1|clk[0] ; inst|altpll_component|auto_generated|pll1|clk[0] ; 0.000        ; 0.064      ; 1.384      ;
; 1.170 ; Data_for_register_1:inst2|Phase_data_index[1]  ; Data_for_register_1:inst2|current_byte[2]     ; inst|altpll_component|auto_generated|pll1|clk[0] ; inst|altpll_component|auto_generated|pll1|clk[0] ; 0.000        ; 0.064      ; 1.391      ;
; 1.173 ; Data_for_register_1:inst2|Phase_data_index[0]  ; Data_for_register_1:inst2|current_byte[7]     ; inst|altpll_component|auto_generated|pll1|clk[0] ; inst|altpll_component|auto_generated|pll1|clk[0] ; 0.000        ; 0.064      ; 1.394      ;
; 1.174 ; Data_for_register_1:inst2|Phase_data_index[0]  ; Data_for_register_1:inst2|current_byte[5]     ; inst|altpll_component|auto_generated|pll1|clk[0] ; inst|altpll_component|auto_generated|pll1|clk[0] ; 0.000        ; 0.064      ; 1.395      ;
; 1.193 ; Data_for_register_1:inst2|Phase_data_index[0]  ; Data_for_register_1:inst2|latch_flag          ; inst|altpll_component|auto_generated|pll1|clk[0] ; inst|altpll_component|auto_generated|pll1|clk[0] ; 0.000        ; 0.065      ; 1.415      ;
; 1.201 ; Data_for_register_1:inst2|Phase_data_index[0]  ; Data_for_register_1:inst2|current_byte[1]     ; inst|altpll_component|auto_generated|pll1|clk[0] ; inst|altpll_component|auto_generated|pll1|clk[0] ; 0.000        ; 0.064      ; 1.422      ;
; 1.267 ; Data_for_register_1:inst2|Phase_data_index[2]  ; Data_for_register_1:inst2|current_byte[4]     ; inst|altpll_component|auto_generated|pll1|clk[0] ; inst|altpll_component|auto_generated|pll1|clk[0] ; 0.000        ; 0.064      ; 1.488      ;
; 1.274 ; Data_for_register_1:inst2|Phase_data_index[1]  ; Data_for_register_1:inst2|current_byte[4]     ; inst|altpll_component|auto_generated|pll1|clk[0] ; inst|altpll_component|auto_generated|pll1|clk[0] ; 0.000        ; 0.064      ; 1.495      ;
; 1.276 ; Data_for_register_1:inst2|Phase_data_index[0]  ; Data_for_register_1:inst2|current_byte[2]     ; inst|altpll_component|auto_generated|pll1|clk[0] ; inst|altpll_component|auto_generated|pll1|clk[0] ; 0.000        ; 0.064      ; 1.497      ;
; 1.296 ; Data_for_register_1:inst2|Phase_data_index[0]  ; Data_for_register_1:inst2|current_byte[6]     ; inst|altpll_component|auto_generated|pll1|clk[0] ; inst|altpll_component|auto_generated|pll1|clk[0] ; 0.000        ; 0.064      ; 1.517      ;
; 1.312 ; Data_for_register_1:inst2|current_byte[5]      ; Data_for_register_1:inst2|data_outpin_1       ; inst|altpll_component|auto_generated|pll1|clk[0] ; inst|altpll_component|auto_generated|pll1|clk[0] ; 0.000        ; 0.064      ; 1.533      ;
; 1.318 ; Data_for_register_1:inst2|Phase_data_index[0]  ; Data_for_register_1:inst2|current_byte[3]     ; inst|altpll_component|auto_generated|pll1|clk[0] ; inst|altpll_component|auto_generated|pll1|clk[0] ; 0.000        ; 0.064      ; 1.539      ;
; 1.329 ; Data_for_register_1:inst2|current_byte[0]      ; Data_for_register_1:inst2|data_outpin_1       ; inst|altpll_component|auto_generated|pll1|clk[0] ; inst|altpll_component|auto_generated|pll1|clk[0] ; 0.000        ; 0.064      ; 1.550      ;
; 1.335 ; Data_for_register_1:inst2|Phase_data_index[3]  ; Data_for_register_1:inst2|latch_flag          ; inst|altpll_component|auto_generated|pll1|clk[0] ; inst|altpll_component|auto_generated|pll1|clk[0] ; 0.000        ; 0.065      ; 1.557      ;
; 1.341 ; Data_for_register_1:inst2|bit_index[2]         ; Data_for_register_1:inst2|Phase_data_index[4] ; inst|altpll_component|auto_generated|pll1|clk[0] ; inst|altpll_component|auto_generated|pll1|clk[0] ; 0.000        ; 0.065      ; 1.563      ;
; 1.341 ; Data_for_register_1:inst2|bit_index[2]         ; Data_for_register_1:inst2|Phase_data_index[3] ; inst|altpll_component|auto_generated|pll1|clk[0] ; inst|altpll_component|auto_generated|pll1|clk[0] ; 0.000        ; 0.065      ; 1.563      ;
; 1.341 ; Data_for_register_1:inst2|bit_index[2]         ; Data_for_register_1:inst2|Phase_data_index[2] ; inst|altpll_component|auto_generated|pll1|clk[0] ; inst|altpll_component|auto_generated|pll1|clk[0] ; 0.000        ; 0.065      ; 1.563      ;
; 1.341 ; Data_for_register_1:inst2|bit_index[2]         ; Data_for_register_1:inst2|Phase_data_index[1] ; inst|altpll_component|auto_generated|pll1|clk[0] ; inst|altpll_component|auto_generated|pll1|clk[0] ; 0.000        ; 0.065      ; 1.563      ;
; 1.341 ; Data_for_register_1:inst2|bit_index[2]         ; Data_for_register_1:inst2|Phase_data_index[0] ; inst|altpll_component|auto_generated|pll1|clk[0] ; inst|altpll_component|auto_generated|pll1|clk[0] ; 0.000        ; 0.065      ; 1.563      ;
; 1.343 ; Data_for_register_1:inst2|Phase_data_index[3]  ; Data_for_register_1:inst2|current_byte[1]     ; inst|altpll_component|auto_generated|pll1|clk[0] ; inst|altpll_component|auto_generated|pll1|clk[0] ; 0.000        ; 0.064      ; 1.564      ;
; 1.401 ; Data_for_register_1:inst2|Phase_data_index[3]  ; Data_for_register_1:inst2|current_byte[2]     ; inst|altpll_component|auto_generated|pll1|clk[0] ; inst|altpll_component|auto_generated|pll1|clk[0] ; 0.000        ; 0.064      ; 1.622      ;
; 1.452 ; Data_for_register_1:inst2|bit_index[1]         ; Data_for_register_1:inst2|Phase_data_index[4] ; inst|altpll_component|auto_generated|pll1|clk[0] ; inst|altpll_component|auto_generated|pll1|clk[0] ; 0.000        ; 0.065      ; 1.674      ;
; 1.452 ; Data_for_register_1:inst2|bit_index[1]         ; Data_for_register_1:inst2|Phase_data_index[3] ; inst|altpll_component|auto_generated|pll1|clk[0] ; inst|altpll_component|auto_generated|pll1|clk[0] ; 0.000        ; 0.065      ; 1.674      ;
; 1.452 ; Data_for_register_1:inst2|bit_index[1]         ; Data_for_register_1:inst2|Phase_data_index[2] ; inst|altpll_component|auto_generated|pll1|clk[0] ; inst|altpll_component|auto_generated|pll1|clk[0] ; 0.000        ; 0.065      ; 1.674      ;
; 1.452 ; Data_for_register_1:inst2|bit_index[1]         ; Data_for_register_1:inst2|Phase_data_index[1] ; inst|altpll_component|auto_generated|pll1|clk[0] ; inst|altpll_component|auto_generated|pll1|clk[0] ; 0.000        ; 0.065      ; 1.674      ;
; 1.452 ; Data_for_register_1:inst2|bit_index[1]         ; Data_for_register_1:inst2|Phase_data_index[0] ; inst|altpll_component|auto_generated|pll1|clk[0] ; inst|altpll_component|auto_generated|pll1|clk[0] ; 0.000        ; 0.065      ; 1.674      ;
; 1.505 ; Data_for_register_1:inst2|current_byte[4]      ; Data_for_register_1:inst2|data_outpin_1       ; inst|altpll_component|auto_generated|pll1|clk[0] ; inst|altpll_component|auto_generated|pll1|clk[0] ; 0.000        ; 0.064      ; 1.726      ;
; 1.510 ; Data_for_register_1:inst2|bit_index[0]         ; Data_for_register_1:inst2|data_outpin_1       ; inst|altpll_component|auto_generated|pll1|clk[0] ; inst|altpll_component|auto_generated|pll1|clk[0] ; 0.000        ; 0.064      ; 1.731      ;
; 1.537 ; Data_for_register_1:inst2|bit_index[0]         ; Data_for_register_1:inst2|Phase_data_index[4] ; inst|altpll_component|auto_generated|pll1|clk[0] ; inst|altpll_component|auto_generated|pll1|clk[0] ; 0.000        ; 0.065      ; 1.759      ;
; 1.537 ; Data_for_register_1:inst2|bit_index[0]         ; Data_for_register_1:inst2|Phase_data_index[3] ; inst|altpll_component|auto_generated|pll1|clk[0] ; inst|altpll_component|auto_generated|pll1|clk[0] ; 0.000        ; 0.065      ; 1.759      ;
; 1.537 ; Data_for_register_1:inst2|bit_index[0]         ; Data_for_register_1:inst2|Phase_data_index[2] ; inst|altpll_component|auto_generated|pll1|clk[0] ; inst|altpll_component|auto_generated|pll1|clk[0] ; 0.000        ; 0.065      ; 1.759      ;
; 1.537 ; Data_for_register_1:inst2|bit_index[0]         ; Data_for_register_1:inst2|Phase_data_index[1] ; inst|altpll_component|auto_generated|pll1|clk[0] ; inst|altpll_component|auto_generated|pll1|clk[0] ; 0.000        ; 0.065      ; 1.759      ;
; 1.537 ; Data_for_register_1:inst2|bit_index[0]         ; Data_for_register_1:inst2|Phase_data_index[0] ; inst|altpll_component|auto_generated|pll1|clk[0] ; inst|altpll_component|auto_generated|pll1|clk[0] ; 0.000        ; 0.065      ; 1.759      ;
+-------+------------------------------------------------+-----------------------------------------------+--------------------------------------------------+--------------------------------------------------+--------------+------------+------------+


+--------------------------------------------------------------------------------------------------------------------------------------------------+
; Slow 1200mV 85C Model Minimum Pulse Width: 'BasicClock'                                                                                          ;
+--------+--------------+----------------+------------------+------------+------------+------------------------------------------------------------+
; Slack  ; Actual Width ; Required Width ; Type             ; Clock      ; Clock Edge ; Target                                                     ;
+--------+--------------+----------------+------------------+------------+------------+------------------------------------------------------------+
; 9.835  ; 9.835        ; 0.000          ; Low Pulse Width  ; BasicClock ; Rise       ; BasicClock~input|o                                         ;
; 9.837  ; 9.837        ; 0.000          ; Low Pulse Width  ; BasicClock ; Rise       ; inst|altpll_component|auto_generated|pll1|clk[0]           ;
; 9.837  ; 9.837        ; 0.000          ; Low Pulse Width  ; BasicClock ; Rise       ; inst|altpll_component|auto_generated|pll1|observablevcoout ;
; 9.848  ; 9.848        ; 0.000          ; Low Pulse Width  ; BasicClock ; Rise       ; inst|altpll_component|auto_generated|pll1|inclk[0]         ;
; 10.000 ; 10.000       ; 0.000          ; High Pulse Width ; BasicClock ; Rise       ; BasicClock~input|i                                         ;
; 10.000 ; 10.000       ; 0.000          ; Low Pulse Width  ; BasicClock ; Rise       ; BasicClock~input|i                                         ;
; 10.152 ; 10.152       ; 0.000          ; High Pulse Width ; BasicClock ; Rise       ; inst|altpll_component|auto_generated|pll1|inclk[0]         ;
; 10.162 ; 10.162       ; 0.000          ; High Pulse Width ; BasicClock ; Rise       ; inst|altpll_component|auto_generated|pll1|clk[0]           ;
; 10.162 ; 10.162       ; 0.000          ; High Pulse Width ; BasicClock ; Rise       ; inst|altpll_component|auto_generated|pll1|observablevcoout ;
; 10.165 ; 10.165       ; 0.000          ; High Pulse Width ; BasicClock ; Rise       ; BasicClock~input|o                                         ;
; 16.000 ; 20.000       ; 4.000          ; Port Rate        ; BasicClock ; Rise       ; BasicClock                                                 ;
+--------+--------------+----------------+------------------+------------+------------+------------------------------------------------------------+


+----------------------------------------------------------------------------------------------------------------------------------------------------------------------------------------------------+
; Slow 1200mV 85C Model Minimum Pulse Width: 'inst|altpll_component|auto_generated|pll1|clk[0]'                                                                                                      ;
+--------+--------------+----------------+------------------+--------------------------------------------------+------------+------------------------------------------------------------------------+
; Slack  ; Actual Width ; Required Width ; Type             ; Clock                                            ; Clock Edge ; Target                                                                 ;
+--------+--------------+----------------+------------------+--------------------------------------------------+------------+------------------------------------------------------------------------+
; 48.601 ; 48.817       ; 0.216          ; High Pulse Width ; inst|altpll_component|auto_generated|pll1|clk[0] ; Rise       ; Data_for_register_1:inst2|Phase_data_index[0]                          ;
; 48.601 ; 48.817       ; 0.216          ; High Pulse Width ; inst|altpll_component|auto_generated|pll1|clk[0] ; Rise       ; Data_for_register_1:inst2|Phase_data_index[1]                          ;
; 48.601 ; 48.817       ; 0.216          ; High Pulse Width ; inst|altpll_component|auto_generated|pll1|clk[0] ; Rise       ; Data_for_register_1:inst2|Phase_data_index[2]                          ;
; 48.601 ; 48.817       ; 0.216          ; High Pulse Width ; inst|altpll_component|auto_generated|pll1|clk[0] ; Rise       ; Data_for_register_1:inst2|Phase_data_index[3]                          ;
; 48.601 ; 48.817       ; 0.216          ; High Pulse Width ; inst|altpll_component|auto_generated|pll1|clk[0] ; Rise       ; Data_for_register_1:inst2|Phase_data_index[4]                          ;
; 48.601 ; 48.817       ; 0.216          ; High Pulse Width ; inst|altpll_component|auto_generated|pll1|clk[0] ; Rise       ; Data_for_register_1:inst2|Phase_register[0][7]                         ;
; 48.601 ; 48.817       ; 0.216          ; High Pulse Width ; inst|altpll_component|auto_generated|pll1|clk[0] ; Rise       ; Data_for_register_1:inst2|bit_index[0]                                 ;
; 48.601 ; 48.817       ; 0.216          ; High Pulse Width ; inst|altpll_component|auto_generated|pll1|clk[0] ; Rise       ; Data_for_register_1:inst2|bit_index[1]                                 ;
; 48.601 ; 48.817       ; 0.216          ; High Pulse Width ; inst|altpll_component|auto_generated|pll1|clk[0] ; Rise       ; Data_for_register_1:inst2|bit_index[2]                                 ;
; 48.601 ; 48.817       ; 0.216          ; High Pulse Width ; inst|altpll_component|auto_generated|pll1|clk[0] ; Rise       ; Data_for_register_1:inst2|current_byte[0]                              ;
; 48.601 ; 48.817       ; 0.216          ; High Pulse Width ; inst|altpll_component|auto_generated|pll1|clk[0] ; Rise       ; Data_for_register_1:inst2|current_byte[1]                              ;
; 48.601 ; 48.817       ; 0.216          ; High Pulse Width ; inst|altpll_component|auto_generated|pll1|clk[0] ; Rise       ; Data_for_register_1:inst2|current_byte[2]                              ;
; 48.601 ; 48.817       ; 0.216          ; High Pulse Width ; inst|altpll_component|auto_generated|pll1|clk[0] ; Rise       ; Data_for_register_1:inst2|current_byte[3]                              ;
; 48.601 ; 48.817       ; 0.216          ; High Pulse Width ; inst|altpll_component|auto_generated|pll1|clk[0] ; Rise       ; Data_for_register_1:inst2|current_byte[4]                              ;
; 48.601 ; 48.817       ; 0.216          ; High Pulse Width ; inst|altpll_component|auto_generated|pll1|clk[0] ; Rise       ; Data_for_register_1:inst2|current_byte[5]                              ;
; 48.601 ; 48.817       ; 0.216          ; High Pulse Width ; inst|altpll_component|auto_generated|pll1|clk[0] ; Rise       ; Data_for_register_1:inst2|current_byte[6]                              ;
; 48.601 ; 48.817       ; 0.216          ; High Pulse Width ; inst|altpll_component|auto_generated|pll1|clk[0] ; Rise       ; Data_for_register_1:inst2|current_byte[7]                              ;
; 48.601 ; 48.817       ; 0.216          ; High Pulse Width ; inst|altpll_component|auto_generated|pll1|clk[0] ; Rise       ; Data_for_register_1:inst2|data_outpin_1                                ;
; 48.601 ; 48.817       ; 0.216          ; High Pulse Width ; inst|altpll_component|auto_generated|pll1|clk[0] ; Rise       ; Data_for_register_1:inst2|latch_flag                                   ;
; 48.653 ; 48.837       ; 0.184          ; Low Pulse Width  ; inst|altpll_component|auto_generated|pll1|clk[0] ; Rise       ; Data_for_register_1:inst2|Phase_register[0][7]                         ;
; 48.653 ; 48.837       ; 0.184          ; Low Pulse Width  ; inst|altpll_component|auto_generated|pll1|clk[0] ; Rise       ; Data_for_register_1:inst2|current_byte[0]                              ;
; 48.653 ; 48.837       ; 0.184          ; Low Pulse Width  ; inst|altpll_component|auto_generated|pll1|clk[0] ; Rise       ; Data_for_register_1:inst2|current_byte[1]                              ;
; 48.653 ; 48.837       ; 0.184          ; Low Pulse Width  ; inst|altpll_component|auto_generated|pll1|clk[0] ; Rise       ; Data_for_register_1:inst2|current_byte[2]                              ;
; 48.653 ; 48.837       ; 0.184          ; Low Pulse Width  ; inst|altpll_component|auto_generated|pll1|clk[0] ; Rise       ; Data_for_register_1:inst2|current_byte[3]                              ;
; 48.653 ; 48.837       ; 0.184          ; Low Pulse Width  ; inst|altpll_component|auto_generated|pll1|clk[0] ; Rise       ; Data_for_register_1:inst2|current_byte[4]                              ;
; 48.653 ; 48.837       ; 0.184          ; Low Pulse Width  ; inst|altpll_component|auto_generated|pll1|clk[0] ; Rise       ; Data_for_register_1:inst2|current_byte[5]                              ;
; 48.653 ; 48.837       ; 0.184          ; Low Pulse Width  ; inst|altpll_component|auto_generated|pll1|clk[0] ; Rise       ; Data_for_register_1:inst2|current_byte[6]                              ;
; 48.653 ; 48.837       ; 0.184          ; Low Pulse Width  ; inst|altpll_component|auto_generated|pll1|clk[0] ; Rise       ; Data_for_register_1:inst2|current_byte[7]                              ;
; 48.653 ; 48.837       ; 0.184          ; Low Pulse Width  ; inst|altpll_component|auto_generated|pll1|clk[0] ; Rise       ; Data_for_register_1:inst2|data_outpin_1                                ;
; 48.654 ; 48.838       ; 0.184          ; Low Pulse Width  ; inst|altpll_component|auto_generated|pll1|clk[0] ; Rise       ; Data_for_register_1:inst2|Phase_data_index[0]                          ;
; 48.654 ; 48.838       ; 0.184          ; Low Pulse Width  ; inst|altpll_component|auto_generated|pll1|clk[0] ; Rise       ; Data_for_register_1:inst2|Phase_data_index[1]                          ;
; 48.654 ; 48.838       ; 0.184          ; Low Pulse Width  ; inst|altpll_component|auto_generated|pll1|clk[0] ; Rise       ; Data_for_register_1:inst2|Phase_data_index[2]                          ;
; 48.654 ; 48.838       ; 0.184          ; Low Pulse Width  ; inst|altpll_component|auto_generated|pll1|clk[0] ; Rise       ; Data_for_register_1:inst2|Phase_data_index[3]                          ;
; 48.654 ; 48.838       ; 0.184          ; Low Pulse Width  ; inst|altpll_component|auto_generated|pll1|clk[0] ; Rise       ; Data_for_register_1:inst2|Phase_data_index[4]                          ;
; 48.654 ; 48.838       ; 0.184          ; Low Pulse Width  ; inst|altpll_component|auto_generated|pll1|clk[0] ; Rise       ; Data_for_register_1:inst2|bit_index[0]                                 ;
; 48.654 ; 48.838       ; 0.184          ; Low Pulse Width  ; inst|altpll_component|auto_generated|pll1|clk[0] ; Rise       ; Data_for_register_1:inst2|bit_index[1]                                 ;
; 48.654 ; 48.838       ; 0.184          ; Low Pulse Width  ; inst|altpll_component|auto_generated|pll1|clk[0] ; Rise       ; Data_for_register_1:inst2|bit_index[2]                                 ;
; 48.654 ; 48.838       ; 0.184          ; Low Pulse Width  ; inst|altpll_component|auto_generated|pll1|clk[0] ; Rise       ; Data_for_register_1:inst2|latch_flag                                   ;
; 48.815 ; 48.815       ; 0.000          ; Low Pulse Width  ; inst|altpll_component|auto_generated|pll1|clk[0] ; Rise       ; inst2|Phase_data_index[0]|clk                                          ;
; 48.815 ; 48.815       ; 0.000          ; Low Pulse Width  ; inst|altpll_component|auto_generated|pll1|clk[0] ; Rise       ; inst2|Phase_data_index[1]|clk                                          ;
; 48.815 ; 48.815       ; 0.000          ; Low Pulse Width  ; inst|altpll_component|auto_generated|pll1|clk[0] ; Rise       ; inst2|Phase_data_index[2]|clk                                          ;
; 48.815 ; 48.815       ; 0.000          ; Low Pulse Width  ; inst|altpll_component|auto_generated|pll1|clk[0] ; Rise       ; inst2|Phase_data_index[3]|clk                                          ;
; 48.815 ; 48.815       ; 0.000          ; Low Pulse Width  ; inst|altpll_component|auto_generated|pll1|clk[0] ; Rise       ; inst2|Phase_data_index[4]|clk                                          ;
; 48.815 ; 48.815       ; 0.000          ; Low Pulse Width  ; inst|altpll_component|auto_generated|pll1|clk[0] ; Rise       ; inst2|Phase_register[0][7]|clk                                         ;
; 48.815 ; 48.815       ; 0.000          ; Low Pulse Width  ; inst|altpll_component|auto_generated|pll1|clk[0] ; Rise       ; inst2|bit_index[0]|clk                                                 ;
; 48.815 ; 48.815       ; 0.000          ; Low Pulse Width  ; inst|altpll_component|auto_generated|pll1|clk[0] ; Rise       ; inst2|bit_index[1]|clk                                                 ;
; 48.815 ; 48.815       ; 0.000          ; Low Pulse Width  ; inst|altpll_component|auto_generated|pll1|clk[0] ; Rise       ; inst2|bit_index[2]|clk                                                 ;
; 48.815 ; 48.815       ; 0.000          ; Low Pulse Width  ; inst|altpll_component|auto_generated|pll1|clk[0] ; Rise       ; inst2|current_byte[0]|clk                                              ;
; 48.815 ; 48.815       ; 0.000          ; Low Pulse Width  ; inst|altpll_component|auto_generated|pll1|clk[0] ; Rise       ; inst2|current_byte[1]|clk                                              ;
; 48.815 ; 48.815       ; 0.000          ; Low Pulse Width  ; inst|altpll_component|auto_generated|pll1|clk[0] ; Rise       ; inst2|current_byte[2]|clk                                              ;
; 48.815 ; 48.815       ; 0.000          ; Low Pulse Width  ; inst|altpll_component|auto_generated|pll1|clk[0] ; Rise       ; inst2|current_byte[3]|clk                                              ;
; 48.815 ; 48.815       ; 0.000          ; Low Pulse Width  ; inst|altpll_component|auto_generated|pll1|clk[0] ; Rise       ; inst2|current_byte[4]|clk                                              ;
; 48.815 ; 48.815       ; 0.000          ; Low Pulse Width  ; inst|altpll_component|auto_generated|pll1|clk[0] ; Rise       ; inst2|current_byte[5]|clk                                              ;
; 48.815 ; 48.815       ; 0.000          ; Low Pulse Width  ; inst|altpll_component|auto_generated|pll1|clk[0] ; Rise       ; inst2|current_byte[6]|clk                                              ;
; 48.815 ; 48.815       ; 0.000          ; Low Pulse Width  ; inst|altpll_component|auto_generated|pll1|clk[0] ; Rise       ; inst2|current_byte[7]|clk                                              ;
; 48.815 ; 48.815       ; 0.000          ; Low Pulse Width  ; inst|altpll_component|auto_generated|pll1|clk[0] ; Rise       ; inst2|data_outpin_1|clk                                                ;
; 48.815 ; 48.815       ; 0.000          ; Low Pulse Width  ; inst|altpll_component|auto_generated|pll1|clk[0] ; Rise       ; inst2|latch_flag|clk                                                   ;
; 48.815 ; 48.815       ; 0.000          ; High Pulse Width ; inst|altpll_component|auto_generated|pll1|clk[0] ; Rise       ; inst|altpll_component|auto_generated|wire_pll1_clk[0]~clkctrl|inclk[0] ;
; 48.815 ; 48.815       ; 0.000          ; High Pulse Width ; inst|altpll_component|auto_generated|pll1|clk[0] ; Rise       ; inst|altpll_component|auto_generated|wire_pll1_clk[0]~clkctrl|outclk   ;
; 48.840 ; 48.840       ; 0.000          ; High Pulse Width ; inst|altpll_component|auto_generated|pll1|clk[0] ; Rise       ; inst2|Phase_data_index[0]|clk                                          ;
; 48.840 ; 48.840       ; 0.000          ; High Pulse Width ; inst|altpll_component|auto_generated|pll1|clk[0] ; Rise       ; inst2|Phase_data_index[1]|clk                                          ;
; 48.840 ; 48.840       ; 0.000          ; High Pulse Width ; inst|altpll_component|auto_generated|pll1|clk[0] ; Rise       ; inst2|Phase_data_index[2]|clk                                          ;
; 48.840 ; 48.840       ; 0.000          ; High Pulse Width ; inst|altpll_component|auto_generated|pll1|clk[0] ; Rise       ; inst2|Phase_data_index[3]|clk                                          ;
; 48.840 ; 48.840       ; 0.000          ; High Pulse Width ; inst|altpll_component|auto_generated|pll1|clk[0] ; Rise       ; inst2|Phase_data_index[4]|clk                                          ;
; 48.840 ; 48.840       ; 0.000          ; High Pulse Width ; inst|altpll_component|auto_generated|pll1|clk[0] ; Rise       ; inst2|bit_index[0]|clk                                                 ;
; 48.840 ; 48.840       ; 0.000          ; High Pulse Width ; inst|altpll_component|auto_generated|pll1|clk[0] ; Rise       ; inst2|bit_index[1]|clk                                                 ;
; 48.840 ; 48.840       ; 0.000          ; High Pulse Width ; inst|altpll_component|auto_generated|pll1|clk[0] ; Rise       ; inst2|bit_index[2]|clk                                                 ;
; 48.840 ; 48.840       ; 0.000          ; High Pulse Width ; inst|altpll_component|auto_generated|pll1|clk[0] ; Rise       ; inst2|latch_flag|clk                                                   ;
; 48.840 ; 48.840       ; 0.000          ; Low Pulse Width  ; inst|altpll_component|auto_generated|pll1|clk[0] ; Rise       ; inst|altpll_component|auto_generated|wire_pll1_clk[0]~clkctrl|inclk[0] ;
; 48.840 ; 48.840       ; 0.000          ; Low Pulse Width  ; inst|altpll_component|auto_generated|pll1|clk[0] ; Rise       ; inst|altpll_component|auto_generated|wire_pll1_clk[0]~clkctrl|outclk   ;
; 48.841 ; 48.841       ; 0.000          ; High Pulse Width ; inst|altpll_component|auto_generated|pll1|clk[0] ; Rise       ; inst2|Phase_register[0][7]|clk                                         ;
; 48.841 ; 48.841       ; 0.000          ; High Pulse Width ; inst|altpll_component|auto_generated|pll1|clk[0] ; Rise       ; inst2|current_byte[0]|clk                                              ;
; 48.841 ; 48.841       ; 0.000          ; High Pulse Width ; inst|altpll_component|auto_generated|pll1|clk[0] ; Rise       ; inst2|current_byte[1]|clk                                              ;
; 48.841 ; 48.841       ; 0.000          ; High Pulse Width ; inst|altpll_component|auto_generated|pll1|clk[0] ; Rise       ; inst2|current_byte[2]|clk                                              ;
; 48.841 ; 48.841       ; 0.000          ; High Pulse Width ; inst|altpll_component|auto_generated|pll1|clk[0] ; Rise       ; inst2|current_byte[3]|clk                                              ;
; 48.841 ; 48.841       ; 0.000          ; High Pulse Width ; inst|altpll_component|auto_generated|pll1|clk[0] ; Rise       ; inst2|current_byte[4]|clk                                              ;
; 48.841 ; 48.841       ; 0.000          ; High Pulse Width ; inst|altpll_component|auto_generated|pll1|clk[0] ; Rise       ; inst2|current_byte[5]|clk                                              ;
; 48.841 ; 48.841       ; 0.000          ; High Pulse Width ; inst|altpll_component|auto_generated|pll1|clk[0] ; Rise       ; inst2|current_byte[6]|clk                                              ;
; 48.841 ; 48.841       ; 0.000          ; High Pulse Width ; inst|altpll_component|auto_generated|pll1|clk[0] ; Rise       ; inst2|current_byte[7]|clk                                              ;
; 48.841 ; 48.841       ; 0.000          ; High Pulse Width ; inst|altpll_component|auto_generated|pll1|clk[0] ; Rise       ; inst2|data_outpin_1|clk                                                ;
; 95.656 ; 97.656       ; 2.000          ; Min Period       ; inst|altpll_component|auto_generated|pll1|clk[0] ; Rise       ; Data_for_register_1:inst2|Phase_data_index[0]                          ;
; 95.656 ; 97.656       ; 2.000          ; Min Period       ; inst|altpll_component|auto_generated|pll1|clk[0] ; Rise       ; Data_for_register_1:inst2|Phase_data_index[1]                          ;
; 95.656 ; 97.656       ; 2.000          ; Min Period       ; inst|altpll_component|auto_generated|pll1|clk[0] ; Rise       ; Data_for_register_1:inst2|Phase_data_index[2]                          ;
; 95.656 ; 97.656       ; 2.000          ; Min Period       ; inst|altpll_component|auto_generated|pll1|clk[0] ; Rise       ; Data_for_register_1:inst2|Phase_data_index[3]                          ;
; 95.656 ; 97.656       ; 2.000          ; Min Period       ; inst|altpll_component|auto_generated|pll1|clk[0] ; Rise       ; Data_for_register_1:inst2|Phase_data_index[4]                          ;
; 95.656 ; 97.656       ; 2.000          ; Min Period       ; inst|altpll_component|auto_generated|pll1|clk[0] ; Rise       ; Data_for_register_1:inst2|Phase_register[0][7]                         ;
; 95.656 ; 97.656       ; 2.000          ; Min Period       ; inst|altpll_component|auto_generated|pll1|clk[0] ; Rise       ; Data_for_register_1:inst2|bit_index[0]                                 ;
; 95.656 ; 97.656       ; 2.000          ; Min Period       ; inst|altpll_component|auto_generated|pll1|clk[0] ; Rise       ; Data_for_register_1:inst2|bit_index[1]                                 ;
; 95.656 ; 97.656       ; 2.000          ; Min Period       ; inst|altpll_component|auto_generated|pll1|clk[0] ; Rise       ; Data_for_register_1:inst2|bit_index[2]                                 ;
; 95.656 ; 97.656       ; 2.000          ; Min Period       ; inst|altpll_component|auto_generated|pll1|clk[0] ; Rise       ; Data_for_register_1:inst2|current_byte[0]                              ;
; 95.656 ; 97.656       ; 2.000          ; Min Period       ; inst|altpll_component|auto_generated|pll1|clk[0] ; Rise       ; Data_for_register_1:inst2|current_byte[1]                              ;
; 95.656 ; 97.656       ; 2.000          ; Min Period       ; inst|altpll_component|auto_generated|pll1|clk[0] ; Rise       ; Data_for_register_1:inst2|current_byte[2]                              ;
; 95.656 ; 97.656       ; 2.000          ; Min Period       ; inst|altpll_component|auto_generated|pll1|clk[0] ; Rise       ; Data_for_register_1:inst2|current_byte[3]                              ;
; 95.656 ; 97.656       ; 2.000          ; Min Period       ; inst|altpll_component|auto_generated|pll1|clk[0] ; Rise       ; Data_for_register_1:inst2|current_byte[4]                              ;
; 95.656 ; 97.656       ; 2.000          ; Min Period       ; inst|altpll_component|auto_generated|pll1|clk[0] ; Rise       ; Data_for_register_1:inst2|current_byte[5]                              ;
; 95.656 ; 97.656       ; 2.000          ; Min Period       ; inst|altpll_component|auto_generated|pll1|clk[0] ; Rise       ; Data_for_register_1:inst2|current_byte[6]                              ;
; 95.656 ; 97.656       ; 2.000          ; Min Period       ; inst|altpll_component|auto_generated|pll1|clk[0] ; Rise       ; Data_for_register_1:inst2|current_byte[7]                              ;
; 95.656 ; 97.656       ; 2.000          ; Min Period       ; inst|altpll_component|auto_generated|pll1|clk[0] ; Rise       ; Data_for_register_1:inst2|data_outpin_1                                ;
; 95.656 ; 97.656       ; 2.000          ; Min Period       ; inst|altpll_component|auto_generated|pll1|clk[0] ; Rise       ; Data_for_register_1:inst2|latch_flag                                   ;
+--------+--------------+----------------+------------------+--------------------------------------------------+------------+------------------------------------------------------------------------+


+---------------------------------------------------------------------------------------------------------+
; Clock to Output Times                                                                                   ;
+------------+------------+-------+-------+------------+--------------------------------------------------+
; Data Port  ; Clock Port ; Rise  ; Fall  ; Clock Edge ; Clock Reference                                  ;
+------------+------------+-------+-------+------------+--------------------------------------------------+
; DataPin    ; BasicClock ; 4.801 ; 4.841 ; Rise       ; inst|altpll_component|auto_generated|pll1|clk[0] ;
; LatchClock ; BasicClock ; 3.786 ; 3.811 ; Rise       ; inst|altpll_component|auto_generated|pll1|clk[0] ;
; ShiftClock ; BasicClock ; 2.520 ;       ; Rise       ; inst|altpll_component|auto_generated|pll1|clk[0] ;
; ShiftClock ; BasicClock ;       ; 2.534 ; Fall       ; inst|altpll_component|auto_generated|pll1|clk[0] ;
+------------+------------+-------+-------+------------+--------------------------------------------------+


+---------------------------------------------------------------------------------------------------------+
; Minimum Clock to Output Times                                                                           ;
+------------+------------+-------+-------+------------+--------------------------------------------------+
; Data Port  ; Clock Port ; Rise  ; Fall  ; Clock Edge ; Clock Reference                                  ;
+------------+------------+-------+-------+------------+--------------------------------------------------+
; DataPin    ; BasicClock ; 4.314 ; 4.352 ; Rise       ; inst|altpll_component|auto_generated|pll1|clk[0] ;
; LatchClock ; BasicClock ; 3.339 ; 3.362 ; Rise       ; inst|altpll_component|auto_generated|pll1|clk[0] ;
; ShiftClock ; BasicClock ; 2.134 ;       ; Rise       ; inst|altpll_component|auto_generated|pll1|clk[0] ;
; ShiftClock ; BasicClock ;       ; 2.147 ; Fall       ; inst|altpll_component|auto_generated|pll1|clk[0] ;
+------------+------------+-------+-------+------------+--------------------------------------------------+


----------------------------------------------
; Slow 1200mV 85C Model Metastability Report ;
----------------------------------------------
No synchronizer chains to report.


+----------------------------------------------------------------------------------------+
; Slow 1200mV 0C Model Fmax Summary                                                      ;
+------------+-----------------+--------------------------------------------------+------+
; Fmax       ; Restricted Fmax ; Clock Name                                       ; Note ;
+------------+-----------------+--------------------------------------------------+------+
; 464.04 MHz ; 464.04 MHz      ; inst|altpll_component|auto_generated|pll1|clk[0] ;      ;
+------------+-----------------+--------------------------------------------------+------+
This panel reports FMAX for every clock in the design, regardless of the user-specified clock periods.  FMAX is only computed for paths where the source and destination registers or ports are driven by the same clock.  Paths of different clocks, including generated clocks, are ignored.  For paths between a clock and its inversion, FMAX is computed as if the rising and falling edges are scaled along with FMAX, such that the duty cycle (in terms of a percentage) is maintained. Altera recommends that you always use clock constraints and other slack reports for sign-off analysis.


+---------------------------------------------------------------------------+
; Slow 1200mV 0C Model Setup Summary                                        ;
+--------------------------------------------------+--------+---------------+
; Clock                                            ; Slack  ; End Point TNS ;
+--------------------------------------------------+--------+---------------+
; inst|altpll_component|auto_generated|pll1|clk[0] ; 95.501 ; 0.000         ;
+--------------------------------------------------+--------+---------------+


+--------------------------------------------------------------------------+
; Slow 1200mV 0C Model Hold Summary                                        ;
+--------------------------------------------------+-------+---------------+
; Clock                                            ; Slack ; End Point TNS ;
+--------------------------------------------------+-------+---------------+
; inst|altpll_component|auto_generated|pll1|clk[0] ; 0.310 ; 0.000         ;
+--------------------------------------------------+-------+---------------+


-----------------------------------------
; Slow 1200mV 0C Model Recovery Summary ;
-----------------------------------------
No paths to report.


----------------------------------------
; Slow 1200mV 0C Model Removal Summary ;
----------------------------------------
No paths to report.


+---------------------------------------------------------------------------+
; Slow 1200mV 0C Model Minimum Pulse Width Summary                          ;
+--------------------------------------------------+--------+---------------+
; Clock                                            ; Slack  ; End Point TNS ;
+--------------------------------------------------+--------+---------------+
; BasicClock                                       ; 9.812  ; 0.000         ;
; inst|altpll_component|auto_generated|pll1|clk[0] ; 48.589 ; 0.000         ;
+--------------------------------------------------+--------+---------------+


+--------------------------------------------------------------------------------------------------------------------------------------------------------------------------------------------------------------------------------------------------------+
; Slow 1200mV 0C Model Setup: 'inst|altpll_component|auto_generated|pll1|clk[0]'                                                                                                                                                                         ;
+--------+------------------------------------------------+-----------------------------------------------+--------------------------------------------------+--------------------------------------------------+--------------+------------+------------+
; Slack  ; From Node                                      ; To Node                                       ; Launch Clock                                     ; Latch Clock                                      ; Relationship ; Clock Skew ; Data Delay ;
+--------+------------------------------------------------+-----------------------------------------------+--------------------------------------------------+--------------------------------------------------+--------------+------------+------------+
; 95.501 ; Data_for_register_1:inst2|bit_index[0]         ; Data_for_register_1:inst2|data_outpin_1       ; inst|altpll_component|auto_generated|pll1|clk[0] ; inst|altpll_component|auto_generated|pll1|clk[0] ; 97.656       ; -0.058     ; 2.092      ;
; 95.597 ; Data_for_register_1:inst2|bit_index[1]         ; Data_for_register_1:inst2|data_outpin_1       ; inst|altpll_component|auto_generated|pll1|clk[0] ; inst|altpll_component|auto_generated|pll1|clk[0] ; 97.656       ; -0.058     ; 1.996      ;
; 95.647 ; Data_for_register_1:inst2|current_byte[4]      ; Data_for_register_1:inst2|data_outpin_1       ; inst|altpll_component|auto_generated|pll1|clk[0] ; inst|altpll_component|auto_generated|pll1|clk[0] ; 97.656       ; -0.058     ; 1.946      ;
; 95.900 ; Data_for_register_1:inst2|current_byte[5]      ; Data_for_register_1:inst2|data_outpin_1       ; inst|altpll_component|auto_generated|pll1|clk[0] ; inst|altpll_component|auto_generated|pll1|clk[0] ; 97.656       ; -0.058     ; 1.693      ;
; 95.913 ; Data_for_register_1:inst2|current_byte[0]      ; Data_for_register_1:inst2|data_outpin_1       ; inst|altpll_component|auto_generated|pll1|clk[0] ; inst|altpll_component|auto_generated|pll1|clk[0] ; 97.656       ; -0.058     ; 1.680      ;
; 95.972 ; Data_for_register_1:inst2|Phase_data_index[3]  ; Data_for_register_1:inst2|current_byte[2]     ; inst|altpll_component|auto_generated|pll1|clk[0] ; inst|altpll_component|auto_generated|pll1|clk[0] ; 97.656       ; -0.058     ; 1.621      ;
; 95.979 ; Data_for_register_1:inst2|bit_index[0]         ; Data_for_register_1:inst2|Phase_data_index[4] ; inst|altpll_component|auto_generated|pll1|clk[0] ; inst|altpll_component|auto_generated|pll1|clk[0] ; 97.656       ; -0.057     ; 1.615      ;
; 95.979 ; Data_for_register_1:inst2|bit_index[0]         ; Data_for_register_1:inst2|Phase_data_index[3] ; inst|altpll_component|auto_generated|pll1|clk[0] ; inst|altpll_component|auto_generated|pll1|clk[0] ; 97.656       ; -0.057     ; 1.615      ;
; 95.979 ; Data_for_register_1:inst2|bit_index[0]         ; Data_for_register_1:inst2|Phase_data_index[2] ; inst|altpll_component|auto_generated|pll1|clk[0] ; inst|altpll_component|auto_generated|pll1|clk[0] ; 97.656       ; -0.057     ; 1.615      ;
; 95.979 ; Data_for_register_1:inst2|bit_index[0]         ; Data_for_register_1:inst2|Phase_data_index[1] ; inst|altpll_component|auto_generated|pll1|clk[0] ; inst|altpll_component|auto_generated|pll1|clk[0] ; 97.656       ; -0.057     ; 1.615      ;
; 95.979 ; Data_for_register_1:inst2|bit_index[0]         ; Data_for_register_1:inst2|Phase_data_index[0] ; inst|altpll_component|auto_generated|pll1|clk[0] ; inst|altpll_component|auto_generated|pll1|clk[0] ; 97.656       ; -0.057     ; 1.615      ;
; 96.001 ; Data_for_register_1:inst2|Phase_data_index[3]  ; Data_for_register_1:inst2|current_byte[1]     ; inst|altpll_component|auto_generated|pll1|clk[0] ; inst|altpll_component|auto_generated|pll1|clk[0] ; 97.656       ; -0.058     ; 1.592      ;
; 96.005 ; Data_for_register_1:inst2|Phase_data_index[3]  ; Data_for_register_1:inst2|latch_flag          ; inst|altpll_component|auto_generated|pll1|clk[0] ; inst|altpll_component|auto_generated|pll1|clk[0] ; 97.656       ; -0.057     ; 1.589      ;
; 96.046 ; Data_for_register_1:inst2|Phase_data_index[2]  ; Data_for_register_1:inst2|current_byte[4]     ; inst|altpll_component|auto_generated|pll1|clk[0] ; inst|altpll_component|auto_generated|pll1|clk[0] ; 97.656       ; -0.058     ; 1.547      ;
; 96.051 ; Data_for_register_1:inst2|Phase_data_index[1]  ; Data_for_register_1:inst2|current_byte[4]     ; inst|altpll_component|auto_generated|pll1|clk[0] ; inst|altpll_component|auto_generated|pll1|clk[0] ; 97.656       ; -0.058     ; 1.542      ;
; 96.052 ; Data_for_register_1:inst2|Phase_data_index[0]  ; Data_for_register_1:inst2|current_byte[3]     ; inst|altpll_component|auto_generated|pll1|clk[0] ; inst|altpll_component|auto_generated|pll1|clk[0] ; 97.656       ; -0.058     ; 1.541      ;
; 96.064 ; Data_for_register_1:inst2|Phase_data_index[0]  ; Data_for_register_1:inst2|current_byte[6]     ; inst|altpll_component|auto_generated|pll1|clk[0] ; inst|altpll_component|auto_generated|pll1|clk[0] ; 97.656       ; -0.058     ; 1.529      ;
; 96.065 ; Data_for_register_1:inst2|bit_index[1]         ; Data_for_register_1:inst2|Phase_data_index[4] ; inst|altpll_component|auto_generated|pll1|clk[0] ; inst|altpll_component|auto_generated|pll1|clk[0] ; 97.656       ; -0.057     ; 1.529      ;
; 96.065 ; Data_for_register_1:inst2|bit_index[1]         ; Data_for_register_1:inst2|Phase_data_index[3] ; inst|altpll_component|auto_generated|pll1|clk[0] ; inst|altpll_component|auto_generated|pll1|clk[0] ; 97.656       ; -0.057     ; 1.529      ;
; 96.065 ; Data_for_register_1:inst2|bit_index[1]         ; Data_for_register_1:inst2|Phase_data_index[2] ; inst|altpll_component|auto_generated|pll1|clk[0] ; inst|altpll_component|auto_generated|pll1|clk[0] ; 97.656       ; -0.057     ; 1.529      ;
; 96.065 ; Data_for_register_1:inst2|bit_index[1]         ; Data_for_register_1:inst2|Phase_data_index[1] ; inst|altpll_component|auto_generated|pll1|clk[0] ; inst|altpll_component|auto_generated|pll1|clk[0] ; 97.656       ; -0.057     ; 1.529      ;
; 96.065 ; Data_for_register_1:inst2|bit_index[1]         ; Data_for_register_1:inst2|Phase_data_index[0] ; inst|altpll_component|auto_generated|pll1|clk[0] ; inst|altpll_component|auto_generated|pll1|clk[0] ; 97.656       ; -0.057     ; 1.529      ;
; 96.080 ; Data_for_register_1:inst2|Phase_data_index[0]  ; Data_for_register_1:inst2|current_byte[2]     ; inst|altpll_component|auto_generated|pll1|clk[0] ; inst|altpll_component|auto_generated|pll1|clk[0] ; 97.656       ; -0.058     ; 1.513      ;
; 96.099 ; Data_for_register_1:inst2|Phase_data_index[0]  ; Data_for_register_1:inst2|current_byte[1]     ; inst|altpll_component|auto_generated|pll1|clk[0] ; inst|altpll_component|auto_generated|pll1|clk[0] ; 97.656       ; -0.058     ; 1.494      ;
; 96.103 ; Data_for_register_1:inst2|Phase_data_index[0]  ; Data_for_register_1:inst2|latch_flag          ; inst|altpll_component|auto_generated|pll1|clk[0] ; inst|altpll_component|auto_generated|pll1|clk[0] ; 97.656       ; -0.057     ; 1.491      ;
; 96.118 ; Data_for_register_1:inst2|Phase_data_index[1]  ; Data_for_register_1:inst2|Phase_data_index[4] ; inst|altpll_component|auto_generated|pll1|clk[0] ; inst|altpll_component|auto_generated|pll1|clk[0] ; 97.656       ; -0.057     ; 1.476      ;
; 96.159 ; Data_for_register_1:inst2|Phase_data_index[0]  ; Data_for_register_1:inst2|current_byte[7]     ; inst|altpll_component|auto_generated|pll1|clk[0] ; inst|altpll_component|auto_generated|pll1|clk[0] ; 97.656       ; -0.058     ; 1.434      ;
; 96.160 ; Data_for_register_1:inst2|Phase_data_index[0]  ; Data_for_register_1:inst2|current_byte[5]     ; inst|altpll_component|auto_generated|pll1|clk[0] ; inst|altpll_component|auto_generated|pll1|clk[0] ; 97.656       ; -0.058     ; 1.433      ;
; 96.165 ; Data_for_register_1:inst2|current_byte[1]      ; Data_for_register_1:inst2|data_outpin_1       ; inst|altpll_component|auto_generated|pll1|clk[0] ; inst|altpll_component|auto_generated|pll1|clk[0] ; 97.656       ; -0.058     ; 1.428      ;
; 96.185 ; Data_for_register_1:inst2|Phase_data_index[0]  ; Data_for_register_1:inst2|Phase_data_index[4] ; inst|altpll_component|auto_generated|pll1|clk[0] ; inst|altpll_component|auto_generated|pll1|clk[0] ; 97.656       ; -0.057     ; 1.409      ;
; 96.187 ; Data_for_register_1:inst2|current_byte[7]      ; Data_for_register_1:inst2|data_outpin_1       ; inst|altpll_component|auto_generated|pll1|clk[0] ; inst|altpll_component|auto_generated|pll1|clk[0] ; 97.656       ; -0.058     ; 1.406      ;
; 96.187 ; Data_for_register_1:inst2|Phase_data_index[1]  ; Data_for_register_1:inst2|current_byte[1]     ; inst|altpll_component|auto_generated|pll1|clk[0] ; inst|altpll_component|auto_generated|pll1|clk[0] ; 97.656       ; -0.058     ; 1.406      ;
; 96.191 ; Data_for_register_1:inst2|Phase_data_index[1]  ; Data_for_register_1:inst2|latch_flag          ; inst|altpll_component|auto_generated|pll1|clk[0] ; inst|altpll_component|auto_generated|pll1|clk[0] ; 97.656       ; -0.057     ; 1.403      ;
; 96.194 ; Data_for_register_1:inst2|Phase_data_index[4]  ; Data_for_register_1:inst2|current_byte[4]     ; inst|altpll_component|auto_generated|pll1|clk[0] ; inst|altpll_component|auto_generated|pll1|clk[0] ; 97.656       ; -0.058     ; 1.399      ;
; 96.203 ; Data_for_register_1:inst2|Phase_data_index[1]  ; Data_for_register_1:inst2|current_byte[2]     ; inst|altpll_component|auto_generated|pll1|clk[0] ; inst|altpll_component|auto_generated|pll1|clk[0] ; 97.656       ; -0.058     ; 1.390      ;
; 96.205 ; Data_for_register_1:inst2|bit_index[2]         ; Data_for_register_1:inst2|Phase_data_index[4] ; inst|altpll_component|auto_generated|pll1|clk[0] ; inst|altpll_component|auto_generated|pll1|clk[0] ; 97.656       ; -0.057     ; 1.389      ;
; 96.205 ; Data_for_register_1:inst2|bit_index[2]         ; Data_for_register_1:inst2|Phase_data_index[3] ; inst|altpll_component|auto_generated|pll1|clk[0] ; inst|altpll_component|auto_generated|pll1|clk[0] ; 97.656       ; -0.057     ; 1.389      ;
; 96.205 ; Data_for_register_1:inst2|bit_index[2]         ; Data_for_register_1:inst2|Phase_data_index[2] ; inst|altpll_component|auto_generated|pll1|clk[0] ; inst|altpll_component|auto_generated|pll1|clk[0] ; 97.656       ; -0.057     ; 1.389      ;
; 96.205 ; Data_for_register_1:inst2|bit_index[2]         ; Data_for_register_1:inst2|Phase_data_index[1] ; inst|altpll_component|auto_generated|pll1|clk[0] ; inst|altpll_component|auto_generated|pll1|clk[0] ; 97.656       ; -0.057     ; 1.389      ;
; 96.205 ; Data_for_register_1:inst2|bit_index[2]         ; Data_for_register_1:inst2|Phase_data_index[0] ; inst|altpll_component|auto_generated|pll1|clk[0] ; inst|altpll_component|auto_generated|pll1|clk[0] ; 97.656       ; -0.057     ; 1.389      ;
; 96.218 ; Data_for_register_1:inst2|Phase_data_index[1]  ; Data_for_register_1:inst2|Phase_data_index[2] ; inst|altpll_component|auto_generated|pll1|clk[0] ; inst|altpll_component|auto_generated|pll1|clk[0] ; 97.656       ; -0.057     ; 1.376      ;
; 96.219 ; Data_for_register_1:inst2|Phase_data_index[1]  ; Data_for_register_1:inst2|current_byte[3]     ; inst|altpll_component|auto_generated|pll1|clk[0] ; inst|altpll_component|auto_generated|pll1|clk[0] ; 97.656       ; -0.058     ; 1.374      ;
; 96.231 ; Data_for_register_1:inst2|Phase_data_index[1]  ; Data_for_register_1:inst2|current_byte[6]     ; inst|altpll_component|auto_generated|pll1|clk[0] ; inst|altpll_component|auto_generated|pll1|clk[0] ; 97.656       ; -0.058     ; 1.362      ;
; 96.236 ; Data_for_register_1:inst2|Phase_data_index[1]  ; Data_for_register_1:inst2|Phase_data_index[3] ; inst|altpll_component|auto_generated|pll1|clk[0] ; inst|altpll_component|auto_generated|pll1|clk[0] ; 97.656       ; -0.057     ; 1.358      ;
; 96.237 ; Data_for_register_1:inst2|Phase_data_index[3]  ; Data_for_register_1:inst2|Phase_data_index[4] ; inst|altpll_component|auto_generated|pll1|clk[0] ; inst|altpll_component|auto_generated|pll1|clk[0] ; 97.656       ; -0.057     ; 1.357      ;
; 96.240 ; Data_for_register_1:inst2|Phase_data_index[0]  ; Data_for_register_1:inst2|Phase_data_index[3] ; inst|altpll_component|auto_generated|pll1|clk[0] ; inst|altpll_component|auto_generated|pll1|clk[0] ; 97.656       ; -0.057     ; 1.354      ;
; 96.279 ; Data_for_register_1:inst2|Phase_data_index[2]  ; Data_for_register_1:inst2|Phase_data_index[4] ; inst|altpll_component|auto_generated|pll1|clk[0] ; inst|altpll_component|auto_generated|pll1|clk[0] ; 97.656       ; -0.057     ; 1.315      ;
; 96.285 ; Data_for_register_1:inst2|Phase_data_index[0]  ; Data_for_register_1:inst2|Phase_data_index[2] ; inst|altpll_component|auto_generated|pll1|clk[0] ; inst|altpll_component|auto_generated|pll1|clk[0] ; 97.656       ; -0.057     ; 1.309      ;
; 96.291 ; Data_for_register_1:inst2|Phase_data_index[2]  ; Data_for_register_1:inst2|current_byte[2]     ; inst|altpll_component|auto_generated|pll1|clk[0] ; inst|altpll_component|auto_generated|pll1|clk[0] ; 97.656       ; -0.058     ; 1.302      ;
; 96.309 ; Data_for_register_1:inst2|Phase_data_index[2]  ; Data_for_register_1:inst2|current_byte[3]     ; inst|altpll_component|auto_generated|pll1|clk[0] ; inst|altpll_component|auto_generated|pll1|clk[0] ; 97.656       ; -0.058     ; 1.284      ;
; 96.311 ; Data_for_register_1:inst2|Phase_data_index[1]  ; Data_for_register_1:inst2|current_byte[7]     ; inst|altpll_component|auto_generated|pll1|clk[0] ; inst|altpll_component|auto_generated|pll1|clk[0] ; 97.656       ; -0.058     ; 1.282      ;
; 96.312 ; Data_for_register_1:inst2|Phase_data_index[2]  ; Data_for_register_1:inst2|current_byte[1]     ; inst|altpll_component|auto_generated|pll1|clk[0] ; inst|altpll_component|auto_generated|pll1|clk[0] ; 97.656       ; -0.058     ; 1.281      ;
; 96.312 ; Data_for_register_1:inst2|Phase_data_index[1]  ; Data_for_register_1:inst2|current_byte[5]     ; inst|altpll_component|auto_generated|pll1|clk[0] ; inst|altpll_component|auto_generated|pll1|clk[0] ; 97.656       ; -0.058     ; 1.281      ;
; 96.316 ; Data_for_register_1:inst2|Phase_data_index[2]  ; Data_for_register_1:inst2|latch_flag          ; inst|altpll_component|auto_generated|pll1|clk[0] ; inst|altpll_component|auto_generated|pll1|clk[0] ; 97.656       ; -0.057     ; 1.278      ;
; 96.319 ; Data_for_register_1:inst2|Phase_data_index[3]  ; Data_for_register_1:inst2|current_byte[4]     ; inst|altpll_component|auto_generated|pll1|clk[0] ; inst|altpll_component|auto_generated|pll1|clk[0] ; 97.656       ; -0.058     ; 1.274      ;
; 96.321 ; Data_for_register_1:inst2|Phase_data_index[2]  ; Data_for_register_1:inst2|current_byte[6]     ; inst|altpll_component|auto_generated|pll1|clk[0] ; inst|altpll_component|auto_generated|pll1|clk[0] ; 97.656       ; -0.058     ; 1.272      ;
; 96.332 ; Data_for_register_1:inst2|bit_index[0]         ; Data_for_register_1:inst2|latch_flag          ; inst|altpll_component|auto_generated|pll1|clk[0] ; inst|altpll_component|auto_generated|pll1|clk[0] ; 97.656       ; -0.057     ; 1.262      ;
; 96.333 ; Data_for_register_1:inst2|Phase_data_index[2]  ; Data_for_register_1:inst2|Phase_data_index[3] ; inst|altpll_component|auto_generated|pll1|clk[0] ; inst|altpll_component|auto_generated|pll1|clk[0] ; 97.656       ; -0.057     ; 1.261      ;
; 96.340 ; Data_for_register_1:inst2|Phase_data_index[0]  ; Data_for_register_1:inst2|Phase_data_index[1] ; inst|altpll_component|auto_generated|pll1|clk[0] ; inst|altpll_component|auto_generated|pll1|clk[0] ; 97.656       ; -0.057     ; 1.254      ;
; 96.401 ; Data_for_register_1:inst2|Phase_data_index[2]  ; Data_for_register_1:inst2|current_byte[7]     ; inst|altpll_component|auto_generated|pll1|clk[0] ; inst|altpll_component|auto_generated|pll1|clk[0] ; 97.656       ; -0.058     ; 1.192      ;
; 96.402 ; Data_for_register_1:inst2|Phase_data_index[2]  ; Data_for_register_1:inst2|current_byte[5]     ; inst|altpll_component|auto_generated|pll1|clk[0] ; inst|altpll_component|auto_generated|pll1|clk[0] ; 97.656       ; -0.058     ; 1.191      ;
; 96.418 ; Data_for_register_1:inst2|bit_index[1]         ; Data_for_register_1:inst2|latch_flag          ; inst|altpll_component|auto_generated|pll1|clk[0] ; inst|altpll_component|auto_generated|pll1|clk[0] ; 97.656       ; -0.057     ; 1.176      ;
; 96.438 ; Data_for_register_1:inst2|current_byte[6]      ; Data_for_register_1:inst2|data_outpin_1       ; inst|altpll_component|auto_generated|pll1|clk[0] ; inst|altpll_component|auto_generated|pll1|clk[0] ; 97.656       ; -0.058     ; 1.155      ;
; 96.470 ; Data_for_register_1:inst2|Phase_data_index[4]  ; Data_for_register_1:inst2|current_byte[6]     ; inst|altpll_component|auto_generated|pll1|clk[0] ; inst|altpll_component|auto_generated|pll1|clk[0] ; 97.656       ; -0.058     ; 1.123      ;
; 96.473 ; Data_for_register_1:inst2|Phase_data_index[4]  ; Data_for_register_1:inst2|current_byte[3]     ; inst|altpll_component|auto_generated|pll1|clk[0] ; inst|altpll_component|auto_generated|pll1|clk[0] ; 97.656       ; -0.058     ; 1.120      ;
; 96.476 ; Data_for_register_1:inst2|current_byte[2]      ; Data_for_register_1:inst2|data_outpin_1       ; inst|altpll_component|auto_generated|pll1|clk[0] ; inst|altpll_component|auto_generated|pll1|clk[0] ; 97.656       ; -0.058     ; 1.117      ;
; 96.525 ; Data_for_register_1:inst2|Phase_data_index[3]  ; Data_for_register_1:inst2|current_byte[7]     ; inst|altpll_component|auto_generated|pll1|clk[0] ; inst|altpll_component|auto_generated|pll1|clk[0] ; 97.656       ; -0.058     ; 1.068      ;
; 96.532 ; Data_for_register_1:inst2|Phase_data_index[3]  ; Data_for_register_1:inst2|current_byte[5]     ; inst|altpll_component|auto_generated|pll1|clk[0] ; inst|altpll_component|auto_generated|pll1|clk[0] ; 97.656       ; -0.058     ; 1.061      ;
; 96.558 ; Data_for_register_1:inst2|bit_index[2]         ; Data_for_register_1:inst2|latch_flag          ; inst|altpll_component|auto_generated|pll1|clk[0] ; inst|altpll_component|auto_generated|pll1|clk[0] ; 97.656       ; -0.057     ; 1.036      ;
; 96.562 ; Data_for_register_1:inst2|Phase_data_index[3]  ; Data_for_register_1:inst2|current_byte[6]     ; inst|altpll_component|auto_generated|pll1|clk[0] ; inst|altpll_component|auto_generated|pll1|clk[0] ; 97.656       ; -0.058     ; 1.031      ;
; 96.568 ; Data_for_register_1:inst2|bit_index[2]         ; Data_for_register_1:inst2|data_outpin_1       ; inst|altpll_component|auto_generated|pll1|clk[0] ; inst|altpll_component|auto_generated|pll1|clk[0] ; 97.656       ; -0.058     ; 1.025      ;
; 96.582 ; Data_for_register_1:inst2|Phase_data_index[4]  ; Data_for_register_1:inst2|current_byte[1]     ; inst|altpll_component|auto_generated|pll1|clk[0] ; inst|altpll_component|auto_generated|pll1|clk[0] ; 97.656       ; -0.058     ; 1.011      ;
; 96.586 ; Data_for_register_1:inst2|Phase_data_index[3]  ; Data_for_register_1:inst2|current_byte[3]     ; inst|altpll_component|auto_generated|pll1|clk[0] ; inst|altpll_component|auto_generated|pll1|clk[0] ; 97.656       ; -0.058     ; 1.007      ;
; 96.587 ; Data_for_register_1:inst2|Phase_data_index[4]  ; Data_for_register_1:inst2|current_byte[2]     ; inst|altpll_component|auto_generated|pll1|clk[0] ; inst|altpll_component|auto_generated|pll1|clk[0] ; 97.656       ; -0.058     ; 1.006      ;
; 96.588 ; Data_for_register_1:inst2|Phase_data_index[4]  ; Data_for_register_1:inst2|current_byte[0]     ; inst|altpll_component|auto_generated|pll1|clk[0] ; inst|altpll_component|auto_generated|pll1|clk[0] ; 97.656       ; -0.058     ; 1.005      ;
; 96.651 ; Data_for_register_1:inst2|Phase_register[0][7] ; Data_for_register_1:inst2|current_byte[5]     ; inst|altpll_component|auto_generated|pll1|clk[0] ; inst|altpll_component|auto_generated|pll1|clk[0] ; 97.656       ; -0.058     ; 0.942      ;
; 96.667 ; Data_for_register_1:inst2|Phase_data_index[2]  ; Data_for_register_1:inst2|Phase_data_index[2] ; inst|altpll_component|auto_generated|pll1|clk[0] ; inst|altpll_component|auto_generated|pll1|clk[0] ; 97.656       ; -0.057     ; 0.927      ;
; 96.673 ; Data_for_register_1:inst2|Phase_data_index[0]  ; Data_for_register_1:inst2|Phase_data_index[0] ; inst|altpll_component|auto_generated|pll1|clk[0] ; inst|altpll_component|auto_generated|pll1|clk[0] ; 97.656       ; -0.057     ; 0.921      ;
; 96.674 ; Data_for_register_1:inst2|Phase_register[0][7] ; Data_for_register_1:inst2|current_byte[7]     ; inst|altpll_component|auto_generated|pll1|clk[0] ; inst|altpll_component|auto_generated|pll1|clk[0] ; 97.656       ; -0.058     ; 0.919      ;
; 96.680 ; Data_for_register_1:inst2|Phase_data_index[4]  ; Data_for_register_1:inst2|Phase_data_index[4] ; inst|altpll_component|auto_generated|pll1|clk[0] ; inst|altpll_component|auto_generated|pll1|clk[0] ; 97.656       ; -0.057     ; 0.914      ;
; 96.683 ; Data_for_register_1:inst2|bit_index[0]         ; Data_for_register_1:inst2|bit_index[2]        ; inst|altpll_component|auto_generated|pll1|clk[0] ; inst|altpll_component|auto_generated|pll1|clk[0] ; 97.656       ; -0.057     ; 0.911      ;
; 96.686 ; Data_for_register_1:inst2|Phase_data_index[1]  ; Data_for_register_1:inst2|Phase_data_index[1] ; inst|altpll_component|auto_generated|pll1|clk[0] ; inst|altpll_component|auto_generated|pll1|clk[0] ; 97.656       ; -0.057     ; 0.908      ;
; 96.689 ; Data_for_register_1:inst2|bit_index[1]         ; Data_for_register_1:inst2|bit_index[2]        ; inst|altpll_component|auto_generated|pll1|clk[0] ; inst|altpll_component|auto_generated|pll1|clk[0] ; 97.656       ; -0.057     ; 0.905      ;
; 96.703 ; Data_for_register_1:inst2|Phase_data_index[3]  ; Data_for_register_1:inst2|Phase_data_index[3] ; inst|altpll_component|auto_generated|pll1|clk[0] ; inst|altpll_component|auto_generated|pll1|clk[0] ; 97.656       ; -0.057     ; 0.891      ;
; 96.707 ; Data_for_register_1:inst2|current_byte[3]      ; Data_for_register_1:inst2|data_outpin_1       ; inst|altpll_component|auto_generated|pll1|clk[0] ; inst|altpll_component|auto_generated|pll1|clk[0] ; 97.656       ; -0.058     ; 0.886      ;
; 96.735 ; Data_for_register_1:inst2|Phase_data_index[4]  ; Data_for_register_1:inst2|latch_flag          ; inst|altpll_component|auto_generated|pll1|clk[0] ; inst|altpll_component|auto_generated|pll1|clk[0] ; 97.656       ; -0.057     ; 0.859      ;
; 96.792 ; Data_for_register_1:inst2|Phase_data_index[4]  ; Data_for_register_1:inst2|current_byte[5]     ; inst|altpll_component|auto_generated|pll1|clk[0] ; inst|altpll_component|auto_generated|pll1|clk[0] ; 97.656       ; -0.058     ; 0.801      ;
; 96.794 ; Data_for_register_1:inst2|Phase_data_index[4]  ; Data_for_register_1:inst2|current_byte[7]     ; inst|altpll_component|auto_generated|pll1|clk[0] ; inst|altpll_component|auto_generated|pll1|clk[0] ; 97.656       ; -0.058     ; 0.799      ;
; 96.914 ; Data_for_register_1:inst2|Phase_register[0][7] ; Data_for_register_1:inst2|current_byte[4]     ; inst|altpll_component|auto_generated|pll1|clk[0] ; inst|altpll_component|auto_generated|pll1|clk[0] ; 97.656       ; -0.058     ; 0.679      ;
; 96.916 ; Data_for_register_1:inst2|Phase_register[0][7] ; Data_for_register_1:inst2|current_byte[2]     ; inst|altpll_component|auto_generated|pll1|clk[0] ; inst|altpll_component|auto_generated|pll1|clk[0] ; 97.656       ; -0.058     ; 0.677      ;
; 96.917 ; Data_for_register_1:inst2|Phase_register[0][7] ; Data_for_register_1:inst2|current_byte[0]     ; inst|altpll_component|auto_generated|pll1|clk[0] ; inst|altpll_component|auto_generated|pll1|clk[0] ; 97.656       ; -0.058     ; 0.676      ;
; 96.918 ; Data_for_register_1:inst2|Phase_register[0][7] ; Data_for_register_1:inst2|current_byte[1]     ; inst|altpll_component|auto_generated|pll1|clk[0] ; inst|altpll_component|auto_generated|pll1|clk[0] ; 97.656       ; -0.058     ; 0.675      ;
; 96.919 ; Data_for_register_1:inst2|Phase_register[0][7] ; Data_for_register_1:inst2|current_byte[6]     ; inst|altpll_component|auto_generated|pll1|clk[0] ; inst|altpll_component|auto_generated|pll1|clk[0] ; 97.656       ; -0.058     ; 0.674      ;
; 96.927 ; Data_for_register_1:inst2|Phase_register[0][7] ; Data_for_register_1:inst2|current_byte[3]     ; inst|altpll_component|auto_generated|pll1|clk[0] ; inst|altpll_component|auto_generated|pll1|clk[0] ; 97.656       ; -0.058     ; 0.666      ;
; 96.938 ; Data_for_register_1:inst2|bit_index[0]         ; Data_for_register_1:inst2|bit_index[1]        ; inst|altpll_component|auto_generated|pll1|clk[0] ; inst|altpll_component|auto_generated|pll1|clk[0] ; 97.656       ; -0.057     ; 0.656      ;
; 97.011 ; Data_for_register_1:inst2|bit_index[0]         ; Data_for_register_1:inst2|bit_index[0]        ; inst|altpll_component|auto_generated|pll1|clk[0] ; inst|altpll_component|auto_generated|pll1|clk[0] ; 97.656       ; -0.057     ; 0.583      ;
; 97.011 ; Data_for_register_1:inst2|bit_index[2]         ; Data_for_register_1:inst2|bit_index[2]        ; inst|altpll_component|auto_generated|pll1|clk[0] ; inst|altpll_component|auto_generated|pll1|clk[0] ; 97.656       ; -0.057     ; 0.583      ;
; 97.011 ; Data_for_register_1:inst2|bit_index[1]         ; Data_for_register_1:inst2|bit_index[1]        ; inst|altpll_component|auto_generated|pll1|clk[0] ; inst|altpll_component|auto_generated|pll1|clk[0] ; 97.656       ; -0.057     ; 0.583      ;
; 97.032 ; Data_for_register_1:inst2|latch_flag           ; Data_for_register_1:inst2|latch_flag          ; inst|altpll_component|auto_generated|pll1|clk[0] ; inst|altpll_component|auto_generated|pll1|clk[0] ; 97.656       ; -0.057     ; 0.562      ;
+--------+------------------------------------------------+-----------------------------------------------+--------------------------------------------------+--------------------------------------------------+--------------+------------+------------+


+-------------------------------------------------------------------------------------------------------------------------------------------------------------------------------------------------------------------------------------------------------+
; Slow 1200mV 0C Model Hold: 'inst|altpll_component|auto_generated|pll1|clk[0]'                                                                                                                                                                         ;
+-------+------------------------------------------------+-----------------------------------------------+--------------------------------------------------+--------------------------------------------------+--------------+------------+------------+
; Slack ; From Node                                      ; To Node                                       ; Launch Clock                                     ; Latch Clock                                      ; Relationship ; Clock Skew ; Data Delay ;
+-------+------------------------------------------------+-----------------------------------------------+--------------------------------------------------+--------------------------------------------------+--------------+------------+------------+
; 0.310 ; Data_for_register_1:inst2|latch_flag           ; Data_for_register_1:inst2|latch_flag          ; inst|altpll_component|auto_generated|pll1|clk[0] ; inst|altpll_component|auto_generated|pll1|clk[0] ; 0.000        ; 0.057      ; 0.511      ;
; 0.310 ; Data_for_register_1:inst2|bit_index[2]         ; Data_for_register_1:inst2|bit_index[2]        ; inst|altpll_component|auto_generated|pll1|clk[0] ; inst|altpll_component|auto_generated|pll1|clk[0] ; 0.000        ; 0.057      ; 0.511      ;
; 0.310 ; Data_for_register_1:inst2|bit_index[1]         ; Data_for_register_1:inst2|bit_index[1]        ; inst|altpll_component|auto_generated|pll1|clk[0] ; inst|altpll_component|auto_generated|pll1|clk[0] ; 0.000        ; 0.057      ; 0.511      ;
; 0.318 ; Data_for_register_1:inst2|bit_index[0]         ; Data_for_register_1:inst2|bit_index[0]        ; inst|altpll_component|auto_generated|pll1|clk[0] ; inst|altpll_component|auto_generated|pll1|clk[0] ; 0.000        ; 0.057      ; 0.519      ;
; 0.356 ; Data_for_register_1:inst2|bit_index[0]         ; Data_for_register_1:inst2|bit_index[1]        ; inst|altpll_component|auto_generated|pll1|clk[0] ; inst|altpll_component|auto_generated|pll1|clk[0] ; 0.000        ; 0.057      ; 0.557      ;
; 0.374 ; Data_for_register_1:inst2|Phase_register[0][7] ; Data_for_register_1:inst2|current_byte[3]     ; inst|altpll_component|auto_generated|pll1|clk[0] ; inst|altpll_component|auto_generated|pll1|clk[0] ; 0.000        ; 0.058      ; 0.576      ;
; 0.380 ; Data_for_register_1:inst2|Phase_register[0][7] ; Data_for_register_1:inst2|current_byte[6]     ; inst|altpll_component|auto_generated|pll1|clk[0] ; inst|altpll_component|auto_generated|pll1|clk[0] ; 0.000        ; 0.058      ; 0.582      ;
; 0.382 ; Data_for_register_1:inst2|Phase_register[0][7] ; Data_for_register_1:inst2|current_byte[4]     ; inst|altpll_component|auto_generated|pll1|clk[0] ; inst|altpll_component|auto_generated|pll1|clk[0] ; 0.000        ; 0.058      ; 0.584      ;
; 0.382 ; Data_for_register_1:inst2|Phase_register[0][7] ; Data_for_register_1:inst2|current_byte[0]     ; inst|altpll_component|auto_generated|pll1|clk[0] ; inst|altpll_component|auto_generated|pll1|clk[0] ; 0.000        ; 0.058      ; 0.584      ;
; 0.382 ; Data_for_register_1:inst2|Phase_register[0][7] ; Data_for_register_1:inst2|current_byte[1]     ; inst|altpll_component|auto_generated|pll1|clk[0] ; inst|altpll_component|auto_generated|pll1|clk[0] ; 0.000        ; 0.058      ; 0.584      ;
; 0.383 ; Data_for_register_1:inst2|Phase_register[0][7] ; Data_for_register_1:inst2|current_byte[2]     ; inst|altpll_component|auto_generated|pll1|clk[0] ; inst|altpll_component|auto_generated|pll1|clk[0] ; 0.000        ; 0.058      ; 0.585      ;
; 0.511 ; Data_for_register_1:inst2|Phase_data_index[4]  ; Data_for_register_1:inst2|current_byte[7]     ; inst|altpll_component|auto_generated|pll1|clk[0] ; inst|altpll_component|auto_generated|pll1|clk[0] ; 0.000        ; 0.057      ; 0.712      ;
; 0.515 ; Data_for_register_1:inst2|Phase_data_index[4]  ; Data_for_register_1:inst2|current_byte[5]     ; inst|altpll_component|auto_generated|pll1|clk[0] ; inst|altpll_component|auto_generated|pll1|clk[0] ; 0.000        ; 0.057      ; 0.716      ;
; 0.516 ; Data_for_register_1:inst2|bit_index[1]         ; Data_for_register_1:inst2|bit_index[2]        ; inst|altpll_component|auto_generated|pll1|clk[0] ; inst|altpll_component|auto_generated|pll1|clk[0] ; 0.000        ; 0.057      ; 0.717      ;
; 0.517 ; Data_for_register_1:inst2|Phase_data_index[3]  ; Data_for_register_1:inst2|Phase_data_index[3] ; inst|altpll_component|auto_generated|pll1|clk[0] ; inst|altpll_component|auto_generated|pll1|clk[0] ; 0.000        ; 0.057      ; 0.718      ;
; 0.525 ; Data_for_register_1:inst2|bit_index[0]         ; Data_for_register_1:inst2|bit_index[2]        ; inst|altpll_component|auto_generated|pll1|clk[0] ; inst|altpll_component|auto_generated|pll1|clk[0] ; 0.000        ; 0.057      ; 0.726      ;
; 0.526 ; Data_for_register_1:inst2|Phase_data_index[2]  ; Data_for_register_1:inst2|Phase_data_index[2] ; inst|altpll_component|auto_generated|pll1|clk[0] ; inst|altpll_component|auto_generated|pll1|clk[0] ; 0.000        ; 0.057      ; 0.727      ;
; 0.526 ; Data_for_register_1:inst2|Phase_data_index[1]  ; Data_for_register_1:inst2|Phase_data_index[1] ; inst|altpll_component|auto_generated|pll1|clk[0] ; inst|altpll_component|auto_generated|pll1|clk[0] ; 0.000        ; 0.057      ; 0.727      ;
; 0.527 ; Data_for_register_1:inst2|Phase_data_index[4]  ; Data_for_register_1:inst2|latch_flag          ; inst|altpll_component|auto_generated|pll1|clk[0] ; inst|altpll_component|auto_generated|pll1|clk[0] ; 0.000        ; 0.057      ; 0.728      ;
; 0.529 ; Data_for_register_1:inst2|Phase_data_index[4]  ; Data_for_register_1:inst2|Phase_data_index[4] ; inst|altpll_component|auto_generated|pll1|clk[0] ; inst|altpll_component|auto_generated|pll1|clk[0] ; 0.000        ; 0.057      ; 0.730      ;
; 0.534 ; Data_for_register_1:inst2|Phase_data_index[0]  ; Data_for_register_1:inst2|Phase_data_index[0] ; inst|altpll_component|auto_generated|pll1|clk[0] ; inst|altpll_component|auto_generated|pll1|clk[0] ; 0.000        ; 0.057      ; 0.735      ;
; 0.537 ; Data_for_register_1:inst2|Phase_register[0][7] ; Data_for_register_1:inst2|current_byte[7]     ; inst|altpll_component|auto_generated|pll1|clk[0] ; inst|altpll_component|auto_generated|pll1|clk[0] ; 0.000        ; 0.058      ; 0.739      ;
; 0.558 ; Data_for_register_1:inst2|Phase_register[0][7] ; Data_for_register_1:inst2|current_byte[5]     ; inst|altpll_component|auto_generated|pll1|clk[0] ; inst|altpll_component|auto_generated|pll1|clk[0] ; 0.000        ; 0.058      ; 0.760      ;
; 0.604 ; Data_for_register_1:inst2|current_byte[3]      ; Data_for_register_1:inst2|data_outpin_1       ; inst|altpll_component|auto_generated|pll1|clk[0] ; inst|altpll_component|auto_generated|pll1|clk[0] ; 0.000        ; 0.058      ; 0.806      ;
; 0.682 ; Data_for_register_1:inst2|Phase_data_index[4]  ; Data_for_register_1:inst2|current_byte[0]     ; inst|altpll_component|auto_generated|pll1|clk[0] ; inst|altpll_component|auto_generated|pll1|clk[0] ; 0.000        ; 0.057      ; 0.883      ;
; 0.683 ; Data_for_register_1:inst2|Phase_data_index[4]  ; Data_for_register_1:inst2|current_byte[2]     ; inst|altpll_component|auto_generated|pll1|clk[0] ; inst|altpll_component|auto_generated|pll1|clk[0] ; 0.000        ; 0.057      ; 0.884      ;
; 0.690 ; Data_for_register_1:inst2|bit_index[2]         ; Data_for_register_1:inst2|data_outpin_1       ; inst|altpll_component|auto_generated|pll1|clk[0] ; inst|altpll_component|auto_generated|pll1|clk[0] ; 0.000        ; 0.057      ; 0.891      ;
; 0.696 ; Data_for_register_1:inst2|Phase_data_index[4]  ; Data_for_register_1:inst2|current_byte[1]     ; inst|altpll_component|auto_generated|pll1|clk[0] ; inst|altpll_component|auto_generated|pll1|clk[0] ; 0.000        ; 0.057      ; 0.897      ;
; 0.698 ; Data_for_register_1:inst2|Phase_data_index[3]  ; Data_for_register_1:inst2|current_byte[6]     ; inst|altpll_component|auto_generated|pll1|clk[0] ; inst|altpll_component|auto_generated|pll1|clk[0] ; 0.000        ; 0.057      ; 0.899      ;
; 0.698 ; Data_for_register_1:inst2|Phase_data_index[3]  ; Data_for_register_1:inst2|current_byte[7]     ; inst|altpll_component|auto_generated|pll1|clk[0] ; inst|altpll_component|auto_generated|pll1|clk[0] ; 0.000        ; 0.057      ; 0.899      ;
; 0.714 ; Data_for_register_1:inst2|Phase_data_index[3]  ; Data_for_register_1:inst2|current_byte[3]     ; inst|altpll_component|auto_generated|pll1|clk[0] ; inst|altpll_component|auto_generated|pll1|clk[0] ; 0.000        ; 0.057      ; 0.915      ;
; 0.731 ; Data_for_register_1:inst2|Phase_data_index[3]  ; Data_for_register_1:inst2|current_byte[5]     ; inst|altpll_component|auto_generated|pll1|clk[0] ; inst|altpll_component|auto_generated|pll1|clk[0] ; 0.000        ; 0.057      ; 0.932      ;
; 0.752 ; Data_for_register_1:inst2|bit_index[2]         ; Data_for_register_1:inst2|latch_flag          ; inst|altpll_component|auto_generated|pll1|clk[0] ; inst|altpll_component|auto_generated|pll1|clk[0] ; 0.000        ; 0.057      ; 0.953      ;
; 0.760 ; Data_for_register_1:inst2|current_byte[6]      ; Data_for_register_1:inst2|data_outpin_1       ; inst|altpll_component|auto_generated|pll1|clk[0] ; inst|altpll_component|auto_generated|pll1|clk[0] ; 0.000        ; 0.058      ; 0.962      ;
; 0.761 ; Data_for_register_1:inst2|Phase_data_index[3]  ; Data_for_register_1:inst2|Phase_data_index[4] ; inst|altpll_component|auto_generated|pll1|clk[0] ; inst|altpll_component|auto_generated|pll1|clk[0] ; 0.000        ; 0.057      ; 0.962      ;
; 0.768 ; Data_for_register_1:inst2|Phase_data_index[0]  ; Data_for_register_1:inst2|Phase_data_index[1] ; inst|altpll_component|auto_generated|pll1|clk[0] ; inst|altpll_component|auto_generated|pll1|clk[0] ; 0.000        ; 0.057      ; 0.969      ;
; 0.771 ; Data_for_register_1:inst2|Phase_data_index[1]  ; Data_for_register_1:inst2|Phase_data_index[2] ; inst|altpll_component|auto_generated|pll1|clk[0] ; inst|altpll_component|auto_generated|pll1|clk[0] ; 0.000        ; 0.057      ; 0.972      ;
; 0.775 ; Data_for_register_1:inst2|Phase_data_index[2]  ; Data_for_register_1:inst2|Phase_data_index[3] ; inst|altpll_component|auto_generated|pll1|clk[0] ; inst|altpll_component|auto_generated|pll1|clk[0] ; 0.000        ; 0.057      ; 0.976      ;
; 0.775 ; Data_for_register_1:inst2|Phase_data_index[0]  ; Data_for_register_1:inst2|Phase_data_index[2] ; inst|altpll_component|auto_generated|pll1|clk[0] ; inst|altpll_component|auto_generated|pll1|clk[0] ; 0.000        ; 0.057      ; 0.976      ;
; 0.780 ; Data_for_register_1:inst2|current_byte[2]      ; Data_for_register_1:inst2|data_outpin_1       ; inst|altpll_component|auto_generated|pll1|clk[0] ; inst|altpll_component|auto_generated|pll1|clk[0] ; 0.000        ; 0.058      ; 0.982      ;
; 0.782 ; Data_for_register_1:inst2|Phase_data_index[2]  ; Data_for_register_1:inst2|Phase_data_index[4] ; inst|altpll_component|auto_generated|pll1|clk[0] ; inst|altpll_component|auto_generated|pll1|clk[0] ; 0.000        ; 0.057      ; 0.983      ;
; 0.830 ; Data_for_register_1:inst2|Phase_data_index[4]  ; Data_for_register_1:inst2|current_byte[3]     ; inst|altpll_component|auto_generated|pll1|clk[0] ; inst|altpll_component|auto_generated|pll1|clk[0] ; 0.000        ; 0.057      ; 1.031      ;
; 0.831 ; Data_for_register_1:inst2|Phase_data_index[4]  ; Data_for_register_1:inst2|current_byte[6]     ; inst|altpll_component|auto_generated|pll1|clk[0] ; inst|altpll_component|auto_generated|pll1|clk[0] ; 0.000        ; 0.057      ; 1.032      ;
; 0.851 ; Data_for_register_1:inst2|Phase_data_index[2]  ; Data_for_register_1:inst2|current_byte[7]     ; inst|altpll_component|auto_generated|pll1|clk[0] ; inst|altpll_component|auto_generated|pll1|clk[0] ; 0.000        ; 0.057      ; 1.052      ;
; 0.851 ; Data_for_register_1:inst2|Phase_data_index[2]  ; Data_for_register_1:inst2|current_byte[5]     ; inst|altpll_component|auto_generated|pll1|clk[0] ; inst|altpll_component|auto_generated|pll1|clk[0] ; 0.000        ; 0.057      ; 1.052      ;
; 0.851 ; Data_for_register_1:inst2|bit_index[1]         ; Data_for_register_1:inst2|latch_flag          ; inst|altpll_component|auto_generated|pll1|clk[0] ; inst|altpll_component|auto_generated|pll1|clk[0] ; 0.000        ; 0.057      ; 1.052      ;
; 0.860 ; Data_for_register_1:inst2|Phase_data_index[1]  ; Data_for_register_1:inst2|Phase_data_index[3] ; inst|altpll_component|auto_generated|pll1|clk[0] ; inst|altpll_component|auto_generated|pll1|clk[0] ; 0.000        ; 0.057      ; 1.061      ;
; 0.864 ; Data_for_register_1:inst2|Phase_data_index[0]  ; Data_for_register_1:inst2|Phase_data_index[3] ; inst|altpll_component|auto_generated|pll1|clk[0] ; inst|altpll_component|auto_generated|pll1|clk[0] ; 0.000        ; 0.057      ; 1.065      ;
; 0.867 ; Data_for_register_1:inst2|Phase_data_index[1]  ; Data_for_register_1:inst2|Phase_data_index[4] ; inst|altpll_component|auto_generated|pll1|clk[0] ; inst|altpll_component|auto_generated|pll1|clk[0] ; 0.000        ; 0.057      ; 1.068      ;
; 0.871 ; Data_for_register_1:inst2|Phase_data_index[0]  ; Data_for_register_1:inst2|Phase_data_index[4] ; inst|altpll_component|auto_generated|pll1|clk[0] ; inst|altpll_component|auto_generated|pll1|clk[0] ; 0.000        ; 0.057      ; 1.072      ;
; 0.875 ; Data_for_register_1:inst2|bit_index[1]         ; Data_for_register_1:inst2|data_outpin_1       ; inst|altpll_component|auto_generated|pll1|clk[0] ; inst|altpll_component|auto_generated|pll1|clk[0] ; 0.000        ; 0.057      ; 1.076      ;
; 0.916 ; Data_for_register_1:inst2|current_byte[7]      ; Data_for_register_1:inst2|data_outpin_1       ; inst|altpll_component|auto_generated|pll1|clk[0] ; inst|altpll_component|auto_generated|pll1|clk[0] ; 0.000        ; 0.058      ; 1.118      ;
; 0.924 ; Data_for_register_1:inst2|bit_index[0]         ; Data_for_register_1:inst2|latch_flag          ; inst|altpll_component|auto_generated|pll1|clk[0] ; inst|altpll_component|auto_generated|pll1|clk[0] ; 0.000        ; 0.057      ; 1.125      ;
; 0.925 ; Data_for_register_1:inst2|Phase_data_index[2]  ; Data_for_register_1:inst2|current_byte[6]     ; inst|altpll_component|auto_generated|pll1|clk[0] ; inst|altpll_component|auto_generated|pll1|clk[0] ; 0.000        ; 0.057      ; 1.126      ;
; 0.929 ; Data_for_register_1:inst2|Phase_data_index[3]  ; Data_for_register_1:inst2|current_byte[4]     ; inst|altpll_component|auto_generated|pll1|clk[0] ; inst|altpll_component|auto_generated|pll1|clk[0] ; 0.000        ; 0.057      ; 1.130      ;
; 0.934 ; Data_for_register_1:inst2|Phase_data_index[2]  ; Data_for_register_1:inst2|latch_flag          ; inst|altpll_component|auto_generated|pll1|clk[0] ; inst|altpll_component|auto_generated|pll1|clk[0] ; 0.000        ; 0.057      ; 1.135      ;
; 0.937 ; Data_for_register_1:inst2|Phase_data_index[2]  ; Data_for_register_1:inst2|current_byte[1]     ; inst|altpll_component|auto_generated|pll1|clk[0] ; inst|altpll_component|auto_generated|pll1|clk[0] ; 0.000        ; 0.057      ; 1.138      ;
; 0.937 ; Data_for_register_1:inst2|Phase_data_index[1]  ; Data_for_register_1:inst2|current_byte[7]     ; inst|altpll_component|auto_generated|pll1|clk[0] ; inst|altpll_component|auto_generated|pll1|clk[0] ; 0.000        ; 0.057      ; 1.138      ;
; 0.937 ; Data_for_register_1:inst2|Phase_data_index[1]  ; Data_for_register_1:inst2|current_byte[5]     ; inst|altpll_component|auto_generated|pll1|clk[0] ; inst|altpll_component|auto_generated|pll1|clk[0] ; 0.000        ; 0.057      ; 1.138      ;
; 0.945 ; Data_for_register_1:inst2|Phase_data_index[2]  ; Data_for_register_1:inst2|current_byte[3]     ; inst|altpll_component|auto_generated|pll1|clk[0] ; inst|altpll_component|auto_generated|pll1|clk[0] ; 0.000        ; 0.057      ; 1.146      ;
; 0.951 ; Data_for_register_1:inst2|Phase_data_index[2]  ; Data_for_register_1:inst2|current_byte[2]     ; inst|altpll_component|auto_generated|pll1|clk[0] ; inst|altpll_component|auto_generated|pll1|clk[0] ; 0.000        ; 0.057      ; 1.152      ;
; 1.012 ; Data_for_register_1:inst2|Phase_data_index[1]  ; Data_for_register_1:inst2|current_byte[6]     ; inst|altpll_component|auto_generated|pll1|clk[0] ; inst|altpll_component|auto_generated|pll1|clk[0] ; 0.000        ; 0.057      ; 1.213      ;
; 1.023 ; Data_for_register_1:inst2|Phase_data_index[1]  ; Data_for_register_1:inst2|latch_flag          ; inst|altpll_component|auto_generated|pll1|clk[0] ; inst|altpll_component|auto_generated|pll1|clk[0] ; 0.000        ; 0.057      ; 1.224      ;
; 1.024 ; Data_for_register_1:inst2|Phase_data_index[4]  ; Data_for_register_1:inst2|current_byte[4]     ; inst|altpll_component|auto_generated|pll1|clk[0] ; inst|altpll_component|auto_generated|pll1|clk[0] ; 0.000        ; 0.057      ; 1.225      ;
; 1.026 ; Data_for_register_1:inst2|Phase_data_index[1]  ; Data_for_register_1:inst2|current_byte[1]     ; inst|altpll_component|auto_generated|pll1|clk[0] ; inst|altpll_component|auto_generated|pll1|clk[0] ; 0.000        ; 0.057      ; 1.227      ;
; 1.032 ; Data_for_register_1:inst2|current_byte[1]      ; Data_for_register_1:inst2|data_outpin_1       ; inst|altpll_component|auto_generated|pll1|clk[0] ; inst|altpll_component|auto_generated|pll1|clk[0] ; 0.000        ; 0.058      ; 1.234      ;
; 1.032 ; Data_for_register_1:inst2|Phase_data_index[1]  ; Data_for_register_1:inst2|current_byte[3]     ; inst|altpll_component|auto_generated|pll1|clk[0] ; inst|altpll_component|auto_generated|pll1|clk[0] ; 0.000        ; 0.057      ; 1.233      ;
; 1.039 ; Data_for_register_1:inst2|Phase_data_index[1]  ; Data_for_register_1:inst2|current_byte[2]     ; inst|altpll_component|auto_generated|pll1|clk[0] ; inst|altpll_component|auto_generated|pll1|clk[0] ; 0.000        ; 0.057      ; 1.240      ;
; 1.060 ; Data_for_register_1:inst2|Phase_data_index[0]  ; Data_for_register_1:inst2|current_byte[7]     ; inst|altpll_component|auto_generated|pll1|clk[0] ; inst|altpll_component|auto_generated|pll1|clk[0] ; 0.000        ; 0.057      ; 1.261      ;
; 1.060 ; Data_for_register_1:inst2|Phase_data_index[0]  ; Data_for_register_1:inst2|current_byte[5]     ; inst|altpll_component|auto_generated|pll1|clk[0] ; inst|altpll_component|auto_generated|pll1|clk[0] ; 0.000        ; 0.057      ; 1.261      ;
; 1.087 ; Data_for_register_1:inst2|Phase_data_index[0]  ; Data_for_register_1:inst2|latch_flag          ; inst|altpll_component|auto_generated|pll1|clk[0] ; inst|altpll_component|auto_generated|pll1|clk[0] ; 0.000        ; 0.057      ; 1.288      ;
; 1.090 ; Data_for_register_1:inst2|Phase_data_index[0]  ; Data_for_register_1:inst2|current_byte[1]     ; inst|altpll_component|auto_generated|pll1|clk[0] ; inst|altpll_component|auto_generated|pll1|clk[0] ; 0.000        ; 0.057      ; 1.291      ;
; 1.139 ; Data_for_register_1:inst2|Phase_data_index[0]  ; Data_for_register_1:inst2|current_byte[2]     ; inst|altpll_component|auto_generated|pll1|clk[0] ; inst|altpll_component|auto_generated|pll1|clk[0] ; 0.000        ; 0.057      ; 1.340      ;
; 1.149 ; Data_for_register_1:inst2|Phase_data_index[2]  ; Data_for_register_1:inst2|current_byte[4]     ; inst|altpll_component|auto_generated|pll1|clk[0] ; inst|altpll_component|auto_generated|pll1|clk[0] ; 0.000        ; 0.057      ; 1.350      ;
; 1.149 ; Data_for_register_1:inst2|Phase_data_index[1]  ; Data_for_register_1:inst2|current_byte[4]     ; inst|altpll_component|auto_generated|pll1|clk[0] ; inst|altpll_component|auto_generated|pll1|clk[0] ; 0.000        ; 0.057      ; 1.350      ;
; 1.158 ; Data_for_register_1:inst2|Phase_data_index[0]  ; Data_for_register_1:inst2|current_byte[6]     ; inst|altpll_component|auto_generated|pll1|clk[0] ; inst|altpll_component|auto_generated|pll1|clk[0] ; 0.000        ; 0.057      ; 1.359      ;
; 1.178 ; Data_for_register_1:inst2|Phase_data_index[0]  ; Data_for_register_1:inst2|current_byte[3]     ; inst|altpll_component|auto_generated|pll1|clk[0] ; inst|altpll_component|auto_generated|pll1|clk[0] ; 0.000        ; 0.057      ; 1.379      ;
; 1.184 ; Data_for_register_1:inst2|current_byte[5]      ; Data_for_register_1:inst2|data_outpin_1       ; inst|altpll_component|auto_generated|pll1|clk[0] ; inst|altpll_component|auto_generated|pll1|clk[0] ; 0.000        ; 0.058      ; 1.386      ;
; 1.202 ; Data_for_register_1:inst2|current_byte[0]      ; Data_for_register_1:inst2|data_outpin_1       ; inst|altpll_component|auto_generated|pll1|clk[0] ; inst|altpll_component|auto_generated|pll1|clk[0] ; 0.000        ; 0.058      ; 1.404      ;
; 1.225 ; Data_for_register_1:inst2|bit_index[2]         ; Data_for_register_1:inst2|Phase_data_index[4] ; inst|altpll_component|auto_generated|pll1|clk[0] ; inst|altpll_component|auto_generated|pll1|clk[0] ; 0.000        ; 0.057      ; 1.426      ;
; 1.225 ; Data_for_register_1:inst2|bit_index[2]         ; Data_for_register_1:inst2|Phase_data_index[3] ; inst|altpll_component|auto_generated|pll1|clk[0] ; inst|altpll_component|auto_generated|pll1|clk[0] ; 0.000        ; 0.057      ; 1.426      ;
; 1.225 ; Data_for_register_1:inst2|bit_index[2]         ; Data_for_register_1:inst2|Phase_data_index[2] ; inst|altpll_component|auto_generated|pll1|clk[0] ; inst|altpll_component|auto_generated|pll1|clk[0] ; 0.000        ; 0.057      ; 1.426      ;
; 1.225 ; Data_for_register_1:inst2|bit_index[2]         ; Data_for_register_1:inst2|Phase_data_index[1] ; inst|altpll_component|auto_generated|pll1|clk[0] ; inst|altpll_component|auto_generated|pll1|clk[0] ; 0.000        ; 0.057      ; 1.426      ;
; 1.225 ; Data_for_register_1:inst2|bit_index[2]         ; Data_for_register_1:inst2|Phase_data_index[0] ; inst|altpll_component|auto_generated|pll1|clk[0] ; inst|altpll_component|auto_generated|pll1|clk[0] ; 0.000        ; 0.057      ; 1.426      ;
; 1.226 ; Data_for_register_1:inst2|Phase_data_index[3]  ; Data_for_register_1:inst2|latch_flag          ; inst|altpll_component|auto_generated|pll1|clk[0] ; inst|altpll_component|auto_generated|pll1|clk[0] ; 0.000        ; 0.057      ; 1.427      ;
; 1.229 ; Data_for_register_1:inst2|Phase_data_index[3]  ; Data_for_register_1:inst2|current_byte[1]     ; inst|altpll_component|auto_generated|pll1|clk[0] ; inst|altpll_component|auto_generated|pll1|clk[0] ; 0.000        ; 0.057      ; 1.430      ;
; 1.267 ; Data_for_register_1:inst2|Phase_data_index[3]  ; Data_for_register_1:inst2|current_byte[2]     ; inst|altpll_component|auto_generated|pll1|clk[0] ; inst|altpll_component|auto_generated|pll1|clk[0] ; 0.000        ; 0.057      ; 1.468      ;
; 1.324 ; Data_for_register_1:inst2|bit_index[1]         ; Data_for_register_1:inst2|Phase_data_index[4] ; inst|altpll_component|auto_generated|pll1|clk[0] ; inst|altpll_component|auto_generated|pll1|clk[0] ; 0.000        ; 0.057      ; 1.525      ;
; 1.324 ; Data_for_register_1:inst2|bit_index[1]         ; Data_for_register_1:inst2|Phase_data_index[3] ; inst|altpll_component|auto_generated|pll1|clk[0] ; inst|altpll_component|auto_generated|pll1|clk[0] ; 0.000        ; 0.057      ; 1.525      ;
; 1.324 ; Data_for_register_1:inst2|bit_index[1]         ; Data_for_register_1:inst2|Phase_data_index[2] ; inst|altpll_component|auto_generated|pll1|clk[0] ; inst|altpll_component|auto_generated|pll1|clk[0] ; 0.000        ; 0.057      ; 1.525      ;
; 1.324 ; Data_for_register_1:inst2|bit_index[1]         ; Data_for_register_1:inst2|Phase_data_index[1] ; inst|altpll_component|auto_generated|pll1|clk[0] ; inst|altpll_component|auto_generated|pll1|clk[0] ; 0.000        ; 0.057      ; 1.525      ;
; 1.324 ; Data_for_register_1:inst2|bit_index[1]         ; Data_for_register_1:inst2|Phase_data_index[0] ; inst|altpll_component|auto_generated|pll1|clk[0] ; inst|altpll_component|auto_generated|pll1|clk[0] ; 0.000        ; 0.057      ; 1.525      ;
; 1.355 ; Data_for_register_1:inst2|current_byte[4]      ; Data_for_register_1:inst2|data_outpin_1       ; inst|altpll_component|auto_generated|pll1|clk[0] ; inst|altpll_component|auto_generated|pll1|clk[0] ; 0.000        ; 0.058      ; 1.557      ;
; 1.374 ; Data_for_register_1:inst2|bit_index[0]         ; Data_for_register_1:inst2|data_outpin_1       ; inst|altpll_component|auto_generated|pll1|clk[0] ; inst|altpll_component|auto_generated|pll1|clk[0] ; 0.000        ; 0.057      ; 1.575      ;
; 1.397 ; Data_for_register_1:inst2|bit_index[0]         ; Data_for_register_1:inst2|Phase_data_index[4] ; inst|altpll_component|auto_generated|pll1|clk[0] ; inst|altpll_component|auto_generated|pll1|clk[0] ; 0.000        ; 0.057      ; 1.598      ;
; 1.397 ; Data_for_register_1:inst2|bit_index[0]         ; Data_for_register_1:inst2|Phase_data_index[3] ; inst|altpll_component|auto_generated|pll1|clk[0] ; inst|altpll_component|auto_generated|pll1|clk[0] ; 0.000        ; 0.057      ; 1.598      ;
; 1.397 ; Data_for_register_1:inst2|bit_index[0]         ; Data_for_register_1:inst2|Phase_data_index[2] ; inst|altpll_component|auto_generated|pll1|clk[0] ; inst|altpll_component|auto_generated|pll1|clk[0] ; 0.000        ; 0.057      ; 1.598      ;
; 1.397 ; Data_for_register_1:inst2|bit_index[0]         ; Data_for_register_1:inst2|Phase_data_index[1] ; inst|altpll_component|auto_generated|pll1|clk[0] ; inst|altpll_component|auto_generated|pll1|clk[0] ; 0.000        ; 0.057      ; 1.598      ;
; 1.397 ; Data_for_register_1:inst2|bit_index[0]         ; Data_for_register_1:inst2|Phase_data_index[0] ; inst|altpll_component|auto_generated|pll1|clk[0] ; inst|altpll_component|auto_generated|pll1|clk[0] ; 0.000        ; 0.057      ; 1.598      ;
+-------+------------------------------------------------+-----------------------------------------------+--------------------------------------------------+--------------------------------------------------+--------------+------------+------------+


+--------------------------------------------------------------------------------------------------------------------------------------------------+
; Slow 1200mV 0C Model Minimum Pulse Width: 'BasicClock'                                                                                           ;
+--------+--------------+----------------+------------------+------------+------------+------------------------------------------------------------+
; Slack  ; Actual Width ; Required Width ; Type             ; Clock      ; Clock Edge ; Target                                                     ;
+--------+--------------+----------------+------------------+------------+------------+------------------------------------------------------------+
; 9.812  ; 9.812        ; 0.000          ; Low Pulse Width  ; BasicClock ; Rise       ; inst|altpll_component|auto_generated|pll1|clk[0]           ;
; 9.812  ; 9.812        ; 0.000          ; Low Pulse Width  ; BasicClock ; Rise       ; inst|altpll_component|auto_generated|pll1|observablevcoout ;
; 9.858  ; 9.858        ; 0.000          ; Low Pulse Width  ; BasicClock ; Rise       ; BasicClock~input|o                                         ;
; 9.871  ; 9.871        ; 0.000          ; Low Pulse Width  ; BasicClock ; Rise       ; inst|altpll_component|auto_generated|pll1|inclk[0]         ;
; 10.000 ; 10.000       ; 0.000          ; High Pulse Width ; BasicClock ; Rise       ; BasicClock~input|i                                         ;
; 10.000 ; 10.000       ; 0.000          ; Low Pulse Width  ; BasicClock ; Rise       ; BasicClock~input|i                                         ;
; 10.128 ; 10.128       ; 0.000          ; High Pulse Width ; BasicClock ; Rise       ; inst|altpll_component|auto_generated|pll1|inclk[0]         ;
; 10.142 ; 10.142       ; 0.000          ; High Pulse Width ; BasicClock ; Rise       ; BasicClock~input|o                                         ;
; 10.187 ; 10.187       ; 0.000          ; High Pulse Width ; BasicClock ; Rise       ; inst|altpll_component|auto_generated|pll1|clk[0]           ;
; 10.187 ; 10.187       ; 0.000          ; High Pulse Width ; BasicClock ; Rise       ; inst|altpll_component|auto_generated|pll1|observablevcoout ;
; 16.000 ; 20.000       ; 4.000          ; Port Rate        ; BasicClock ; Rise       ; BasicClock                                                 ;
+--------+--------------+----------------+------------------+------------+------------+------------------------------------------------------------+


+----------------------------------------------------------------------------------------------------------------------------------------------------------------------------------------------------+
; Slow 1200mV 0C Model Minimum Pulse Width: 'inst|altpll_component|auto_generated|pll1|clk[0]'                                                                                                       ;
+--------+--------------+----------------+------------------+--------------------------------------------------+------------+------------------------------------------------------------------------+
; Slack  ; Actual Width ; Required Width ; Type             ; Clock                                            ; Clock Edge ; Target                                                                 ;
+--------+--------------+----------------+------------------+--------------------------------------------------+------------+------------------------------------------------------------------------+
; 48.589 ; 48.805       ; 0.216          ; High Pulse Width ; inst|altpll_component|auto_generated|pll1|clk[0] ; Rise       ; Data_for_register_1:inst2|Phase_register[0][7]                         ;
; 48.589 ; 48.805       ; 0.216          ; High Pulse Width ; inst|altpll_component|auto_generated|pll1|clk[0] ; Rise       ; Data_for_register_1:inst2|current_byte[0]                              ;
; 48.589 ; 48.805       ; 0.216          ; High Pulse Width ; inst|altpll_component|auto_generated|pll1|clk[0] ; Rise       ; Data_for_register_1:inst2|current_byte[1]                              ;
; 48.589 ; 48.805       ; 0.216          ; High Pulse Width ; inst|altpll_component|auto_generated|pll1|clk[0] ; Rise       ; Data_for_register_1:inst2|current_byte[2]                              ;
; 48.589 ; 48.805       ; 0.216          ; High Pulse Width ; inst|altpll_component|auto_generated|pll1|clk[0] ; Rise       ; Data_for_register_1:inst2|current_byte[3]                              ;
; 48.589 ; 48.805       ; 0.216          ; High Pulse Width ; inst|altpll_component|auto_generated|pll1|clk[0] ; Rise       ; Data_for_register_1:inst2|current_byte[4]                              ;
; 48.589 ; 48.805       ; 0.216          ; High Pulse Width ; inst|altpll_component|auto_generated|pll1|clk[0] ; Rise       ; Data_for_register_1:inst2|current_byte[5]                              ;
; 48.589 ; 48.805       ; 0.216          ; High Pulse Width ; inst|altpll_component|auto_generated|pll1|clk[0] ; Rise       ; Data_for_register_1:inst2|current_byte[6]                              ;
; 48.589 ; 48.805       ; 0.216          ; High Pulse Width ; inst|altpll_component|auto_generated|pll1|clk[0] ; Rise       ; Data_for_register_1:inst2|current_byte[7]                              ;
; 48.589 ; 48.805       ; 0.216          ; High Pulse Width ; inst|altpll_component|auto_generated|pll1|clk[0] ; Rise       ; Data_for_register_1:inst2|data_outpin_1                                ;
; 48.590 ; 48.806       ; 0.216          ; High Pulse Width ; inst|altpll_component|auto_generated|pll1|clk[0] ; Rise       ; Data_for_register_1:inst2|Phase_data_index[0]                          ;
; 48.590 ; 48.806       ; 0.216          ; High Pulse Width ; inst|altpll_component|auto_generated|pll1|clk[0] ; Rise       ; Data_for_register_1:inst2|Phase_data_index[1]                          ;
; 48.590 ; 48.806       ; 0.216          ; High Pulse Width ; inst|altpll_component|auto_generated|pll1|clk[0] ; Rise       ; Data_for_register_1:inst2|Phase_data_index[2]                          ;
; 48.590 ; 48.806       ; 0.216          ; High Pulse Width ; inst|altpll_component|auto_generated|pll1|clk[0] ; Rise       ; Data_for_register_1:inst2|Phase_data_index[3]                          ;
; 48.590 ; 48.806       ; 0.216          ; High Pulse Width ; inst|altpll_component|auto_generated|pll1|clk[0] ; Rise       ; Data_for_register_1:inst2|Phase_data_index[4]                          ;
; 48.590 ; 48.806       ; 0.216          ; High Pulse Width ; inst|altpll_component|auto_generated|pll1|clk[0] ; Rise       ; Data_for_register_1:inst2|bit_index[0]                                 ;
; 48.590 ; 48.806       ; 0.216          ; High Pulse Width ; inst|altpll_component|auto_generated|pll1|clk[0] ; Rise       ; Data_for_register_1:inst2|bit_index[1]                                 ;
; 48.590 ; 48.806       ; 0.216          ; High Pulse Width ; inst|altpll_component|auto_generated|pll1|clk[0] ; Rise       ; Data_for_register_1:inst2|bit_index[2]                                 ;
; 48.590 ; 48.806       ; 0.216          ; High Pulse Width ; inst|altpll_component|auto_generated|pll1|clk[0] ; Rise       ; Data_for_register_1:inst2|latch_flag                                   ;
; 48.666 ; 48.850       ; 0.184          ; Low Pulse Width  ; inst|altpll_component|auto_generated|pll1|clk[0] ; Rise       ; Data_for_register_1:inst2|Phase_data_index[0]                          ;
; 48.666 ; 48.850       ; 0.184          ; Low Pulse Width  ; inst|altpll_component|auto_generated|pll1|clk[0] ; Rise       ; Data_for_register_1:inst2|Phase_data_index[1]                          ;
; 48.666 ; 48.850       ; 0.184          ; Low Pulse Width  ; inst|altpll_component|auto_generated|pll1|clk[0] ; Rise       ; Data_for_register_1:inst2|Phase_data_index[2]                          ;
; 48.666 ; 48.850       ; 0.184          ; Low Pulse Width  ; inst|altpll_component|auto_generated|pll1|clk[0] ; Rise       ; Data_for_register_1:inst2|Phase_data_index[3]                          ;
; 48.666 ; 48.850       ; 0.184          ; Low Pulse Width  ; inst|altpll_component|auto_generated|pll1|clk[0] ; Rise       ; Data_for_register_1:inst2|Phase_data_index[4]                          ;
; 48.666 ; 48.850       ; 0.184          ; Low Pulse Width  ; inst|altpll_component|auto_generated|pll1|clk[0] ; Rise       ; Data_for_register_1:inst2|Phase_register[0][7]                         ;
; 48.666 ; 48.850       ; 0.184          ; Low Pulse Width  ; inst|altpll_component|auto_generated|pll1|clk[0] ; Rise       ; Data_for_register_1:inst2|bit_index[0]                                 ;
; 48.666 ; 48.850       ; 0.184          ; Low Pulse Width  ; inst|altpll_component|auto_generated|pll1|clk[0] ; Rise       ; Data_for_register_1:inst2|bit_index[1]                                 ;
; 48.666 ; 48.850       ; 0.184          ; Low Pulse Width  ; inst|altpll_component|auto_generated|pll1|clk[0] ; Rise       ; Data_for_register_1:inst2|bit_index[2]                                 ;
; 48.666 ; 48.850       ; 0.184          ; Low Pulse Width  ; inst|altpll_component|auto_generated|pll1|clk[0] ; Rise       ; Data_for_register_1:inst2|current_byte[0]                              ;
; 48.666 ; 48.850       ; 0.184          ; Low Pulse Width  ; inst|altpll_component|auto_generated|pll1|clk[0] ; Rise       ; Data_for_register_1:inst2|current_byte[1]                              ;
; 48.666 ; 48.850       ; 0.184          ; Low Pulse Width  ; inst|altpll_component|auto_generated|pll1|clk[0] ; Rise       ; Data_for_register_1:inst2|current_byte[2]                              ;
; 48.666 ; 48.850       ; 0.184          ; Low Pulse Width  ; inst|altpll_component|auto_generated|pll1|clk[0] ; Rise       ; Data_for_register_1:inst2|current_byte[3]                              ;
; 48.666 ; 48.850       ; 0.184          ; Low Pulse Width  ; inst|altpll_component|auto_generated|pll1|clk[0] ; Rise       ; Data_for_register_1:inst2|current_byte[4]                              ;
; 48.666 ; 48.850       ; 0.184          ; Low Pulse Width  ; inst|altpll_component|auto_generated|pll1|clk[0] ; Rise       ; Data_for_register_1:inst2|current_byte[5]                              ;
; 48.666 ; 48.850       ; 0.184          ; Low Pulse Width  ; inst|altpll_component|auto_generated|pll1|clk[0] ; Rise       ; Data_for_register_1:inst2|current_byte[6]                              ;
; 48.666 ; 48.850       ; 0.184          ; Low Pulse Width  ; inst|altpll_component|auto_generated|pll1|clk[0] ; Rise       ; Data_for_register_1:inst2|current_byte[7]                              ;
; 48.666 ; 48.850       ; 0.184          ; Low Pulse Width  ; inst|altpll_component|auto_generated|pll1|clk[0] ; Rise       ; Data_for_register_1:inst2|data_outpin_1                                ;
; 48.666 ; 48.850       ; 0.184          ; Low Pulse Width  ; inst|altpll_component|auto_generated|pll1|clk[0] ; Rise       ; Data_for_register_1:inst2|latch_flag                                   ;
; 48.812 ; 48.812       ; 0.000          ; High Pulse Width ; inst|altpll_component|auto_generated|pll1|clk[0] ; Rise       ; inst|altpll_component|auto_generated|wire_pll1_clk[0]~clkctrl|inclk[0] ;
; 48.812 ; 48.812       ; 0.000          ; High Pulse Width ; inst|altpll_component|auto_generated|pll1|clk[0] ; Rise       ; inst|altpll_component|auto_generated|wire_pll1_clk[0]~clkctrl|outclk   ;
; 48.826 ; 48.826       ; 0.000          ; Low Pulse Width  ; inst|altpll_component|auto_generated|pll1|clk[0] ; Rise       ; inst2|Phase_data_index[0]|clk                                          ;
; 48.826 ; 48.826       ; 0.000          ; Low Pulse Width  ; inst|altpll_component|auto_generated|pll1|clk[0] ; Rise       ; inst2|Phase_data_index[1]|clk                                          ;
; 48.826 ; 48.826       ; 0.000          ; Low Pulse Width  ; inst|altpll_component|auto_generated|pll1|clk[0] ; Rise       ; inst2|Phase_data_index[2]|clk                                          ;
; 48.826 ; 48.826       ; 0.000          ; Low Pulse Width  ; inst|altpll_component|auto_generated|pll1|clk[0] ; Rise       ; inst2|Phase_data_index[3]|clk                                          ;
; 48.826 ; 48.826       ; 0.000          ; Low Pulse Width  ; inst|altpll_component|auto_generated|pll1|clk[0] ; Rise       ; inst2|Phase_data_index[4]|clk                                          ;
; 48.826 ; 48.826       ; 0.000          ; Low Pulse Width  ; inst|altpll_component|auto_generated|pll1|clk[0] ; Rise       ; inst2|Phase_register[0][7]|clk                                         ;
; 48.826 ; 48.826       ; 0.000          ; Low Pulse Width  ; inst|altpll_component|auto_generated|pll1|clk[0] ; Rise       ; inst2|bit_index[0]|clk                                                 ;
; 48.826 ; 48.826       ; 0.000          ; Low Pulse Width  ; inst|altpll_component|auto_generated|pll1|clk[0] ; Rise       ; inst2|bit_index[1]|clk                                                 ;
; 48.826 ; 48.826       ; 0.000          ; Low Pulse Width  ; inst|altpll_component|auto_generated|pll1|clk[0] ; Rise       ; inst2|bit_index[2]|clk                                                 ;
; 48.826 ; 48.826       ; 0.000          ; Low Pulse Width  ; inst|altpll_component|auto_generated|pll1|clk[0] ; Rise       ; inst2|current_byte[0]|clk                                              ;
; 48.826 ; 48.826       ; 0.000          ; Low Pulse Width  ; inst|altpll_component|auto_generated|pll1|clk[0] ; Rise       ; inst2|current_byte[1]|clk                                              ;
; 48.826 ; 48.826       ; 0.000          ; Low Pulse Width  ; inst|altpll_component|auto_generated|pll1|clk[0] ; Rise       ; inst2|current_byte[2]|clk                                              ;
; 48.826 ; 48.826       ; 0.000          ; Low Pulse Width  ; inst|altpll_component|auto_generated|pll1|clk[0] ; Rise       ; inst2|current_byte[3]|clk                                              ;
; 48.826 ; 48.826       ; 0.000          ; Low Pulse Width  ; inst|altpll_component|auto_generated|pll1|clk[0] ; Rise       ; inst2|current_byte[4]|clk                                              ;
; 48.826 ; 48.826       ; 0.000          ; Low Pulse Width  ; inst|altpll_component|auto_generated|pll1|clk[0] ; Rise       ; inst2|current_byte[5]|clk                                              ;
; 48.826 ; 48.826       ; 0.000          ; Low Pulse Width  ; inst|altpll_component|auto_generated|pll1|clk[0] ; Rise       ; inst2|current_byte[6]|clk                                              ;
; 48.826 ; 48.826       ; 0.000          ; Low Pulse Width  ; inst|altpll_component|auto_generated|pll1|clk[0] ; Rise       ; inst2|current_byte[7]|clk                                              ;
; 48.826 ; 48.826       ; 0.000          ; Low Pulse Width  ; inst|altpll_component|auto_generated|pll1|clk[0] ; Rise       ; inst2|data_outpin_1|clk                                                ;
; 48.826 ; 48.826       ; 0.000          ; Low Pulse Width  ; inst|altpll_component|auto_generated|pll1|clk[0] ; Rise       ; inst2|latch_flag|clk                                                   ;
; 48.829 ; 48.829       ; 0.000          ; High Pulse Width ; inst|altpll_component|auto_generated|pll1|clk[0] ; Rise       ; inst2|Phase_register[0][7]|clk                                         ;
; 48.829 ; 48.829       ; 0.000          ; High Pulse Width ; inst|altpll_component|auto_generated|pll1|clk[0] ; Rise       ; inst2|current_byte[0]|clk                                              ;
; 48.829 ; 48.829       ; 0.000          ; High Pulse Width ; inst|altpll_component|auto_generated|pll1|clk[0] ; Rise       ; inst2|current_byte[1]|clk                                              ;
; 48.829 ; 48.829       ; 0.000          ; High Pulse Width ; inst|altpll_component|auto_generated|pll1|clk[0] ; Rise       ; inst2|current_byte[2]|clk                                              ;
; 48.829 ; 48.829       ; 0.000          ; High Pulse Width ; inst|altpll_component|auto_generated|pll1|clk[0] ; Rise       ; inst2|current_byte[3]|clk                                              ;
; 48.829 ; 48.829       ; 0.000          ; High Pulse Width ; inst|altpll_component|auto_generated|pll1|clk[0] ; Rise       ; inst2|current_byte[4]|clk                                              ;
; 48.829 ; 48.829       ; 0.000          ; High Pulse Width ; inst|altpll_component|auto_generated|pll1|clk[0] ; Rise       ; inst2|current_byte[5]|clk                                              ;
; 48.829 ; 48.829       ; 0.000          ; High Pulse Width ; inst|altpll_component|auto_generated|pll1|clk[0] ; Rise       ; inst2|current_byte[6]|clk                                              ;
; 48.829 ; 48.829       ; 0.000          ; High Pulse Width ; inst|altpll_component|auto_generated|pll1|clk[0] ; Rise       ; inst2|current_byte[7]|clk                                              ;
; 48.829 ; 48.829       ; 0.000          ; High Pulse Width ; inst|altpll_component|auto_generated|pll1|clk[0] ; Rise       ; inst2|data_outpin_1|clk                                                ;
; 48.830 ; 48.830       ; 0.000          ; High Pulse Width ; inst|altpll_component|auto_generated|pll1|clk[0] ; Rise       ; inst2|Phase_data_index[0]|clk                                          ;
; 48.830 ; 48.830       ; 0.000          ; High Pulse Width ; inst|altpll_component|auto_generated|pll1|clk[0] ; Rise       ; inst2|Phase_data_index[1]|clk                                          ;
; 48.830 ; 48.830       ; 0.000          ; High Pulse Width ; inst|altpll_component|auto_generated|pll1|clk[0] ; Rise       ; inst2|Phase_data_index[2]|clk                                          ;
; 48.830 ; 48.830       ; 0.000          ; High Pulse Width ; inst|altpll_component|auto_generated|pll1|clk[0] ; Rise       ; inst2|Phase_data_index[3]|clk                                          ;
; 48.830 ; 48.830       ; 0.000          ; High Pulse Width ; inst|altpll_component|auto_generated|pll1|clk[0] ; Rise       ; inst2|Phase_data_index[4]|clk                                          ;
; 48.830 ; 48.830       ; 0.000          ; High Pulse Width ; inst|altpll_component|auto_generated|pll1|clk[0] ; Rise       ; inst2|bit_index[0]|clk                                                 ;
; 48.830 ; 48.830       ; 0.000          ; High Pulse Width ; inst|altpll_component|auto_generated|pll1|clk[0] ; Rise       ; inst2|bit_index[1]|clk                                                 ;
; 48.830 ; 48.830       ; 0.000          ; High Pulse Width ; inst|altpll_component|auto_generated|pll1|clk[0] ; Rise       ; inst2|bit_index[2]|clk                                                 ;
; 48.830 ; 48.830       ; 0.000          ; High Pulse Width ; inst|altpll_component|auto_generated|pll1|clk[0] ; Rise       ; inst2|latch_flag|clk                                                   ;
; 48.843 ; 48.843       ; 0.000          ; Low Pulse Width  ; inst|altpll_component|auto_generated|pll1|clk[0] ; Rise       ; inst|altpll_component|auto_generated|wire_pll1_clk[0]~clkctrl|inclk[0] ;
; 48.843 ; 48.843       ; 0.000          ; Low Pulse Width  ; inst|altpll_component|auto_generated|pll1|clk[0] ; Rise       ; inst|altpll_component|auto_generated|wire_pll1_clk[0]~clkctrl|outclk   ;
; 95.656 ; 97.656       ; 2.000          ; Min Period       ; inst|altpll_component|auto_generated|pll1|clk[0] ; Rise       ; Data_for_register_1:inst2|Phase_data_index[0]                          ;
; 95.656 ; 97.656       ; 2.000          ; Min Period       ; inst|altpll_component|auto_generated|pll1|clk[0] ; Rise       ; Data_for_register_1:inst2|Phase_data_index[1]                          ;
; 95.656 ; 97.656       ; 2.000          ; Min Period       ; inst|altpll_component|auto_generated|pll1|clk[0] ; Rise       ; Data_for_register_1:inst2|Phase_data_index[2]                          ;
; 95.656 ; 97.656       ; 2.000          ; Min Period       ; inst|altpll_component|auto_generated|pll1|clk[0] ; Rise       ; Data_for_register_1:inst2|Phase_data_index[3]                          ;
; 95.656 ; 97.656       ; 2.000          ; Min Period       ; inst|altpll_component|auto_generated|pll1|clk[0] ; Rise       ; Data_for_register_1:inst2|Phase_data_index[4]                          ;
; 95.656 ; 97.656       ; 2.000          ; Min Period       ; inst|altpll_component|auto_generated|pll1|clk[0] ; Rise       ; Data_for_register_1:inst2|Phase_register[0][7]                         ;
; 95.656 ; 97.656       ; 2.000          ; Min Period       ; inst|altpll_component|auto_generated|pll1|clk[0] ; Rise       ; Data_for_register_1:inst2|bit_index[0]                                 ;
; 95.656 ; 97.656       ; 2.000          ; Min Period       ; inst|altpll_component|auto_generated|pll1|clk[0] ; Rise       ; Data_for_register_1:inst2|bit_index[1]                                 ;
; 95.656 ; 97.656       ; 2.000          ; Min Period       ; inst|altpll_component|auto_generated|pll1|clk[0] ; Rise       ; Data_for_register_1:inst2|bit_index[2]                                 ;
; 95.656 ; 97.656       ; 2.000          ; Min Period       ; inst|altpll_component|auto_generated|pll1|clk[0] ; Rise       ; Data_for_register_1:inst2|current_byte[0]                              ;
; 95.656 ; 97.656       ; 2.000          ; Min Period       ; inst|altpll_component|auto_generated|pll1|clk[0] ; Rise       ; Data_for_register_1:inst2|current_byte[1]                              ;
; 95.656 ; 97.656       ; 2.000          ; Min Period       ; inst|altpll_component|auto_generated|pll1|clk[0] ; Rise       ; Data_for_register_1:inst2|current_byte[2]                              ;
; 95.656 ; 97.656       ; 2.000          ; Min Period       ; inst|altpll_component|auto_generated|pll1|clk[0] ; Rise       ; Data_for_register_1:inst2|current_byte[3]                              ;
; 95.656 ; 97.656       ; 2.000          ; Min Period       ; inst|altpll_component|auto_generated|pll1|clk[0] ; Rise       ; Data_for_register_1:inst2|current_byte[4]                              ;
; 95.656 ; 97.656       ; 2.000          ; Min Period       ; inst|altpll_component|auto_generated|pll1|clk[0] ; Rise       ; Data_for_register_1:inst2|current_byte[5]                              ;
; 95.656 ; 97.656       ; 2.000          ; Min Period       ; inst|altpll_component|auto_generated|pll1|clk[0] ; Rise       ; Data_for_register_1:inst2|current_byte[6]                              ;
; 95.656 ; 97.656       ; 2.000          ; Min Period       ; inst|altpll_component|auto_generated|pll1|clk[0] ; Rise       ; Data_for_register_1:inst2|current_byte[7]                              ;
; 95.656 ; 97.656       ; 2.000          ; Min Period       ; inst|altpll_component|auto_generated|pll1|clk[0] ; Rise       ; Data_for_register_1:inst2|data_outpin_1                                ;
; 95.656 ; 97.656       ; 2.000          ; Min Period       ; inst|altpll_component|auto_generated|pll1|clk[0] ; Rise       ; Data_for_register_1:inst2|latch_flag                                   ;
+--------+--------------+----------------+------------------+--------------------------------------------------+------------+------------------------------------------------------------------------+


+---------------------------------------------------------------------------------------------------------+
; Clock to Output Times                                                                                   ;
+------------+------------+-------+-------+------------+--------------------------------------------------+
; Data Port  ; Clock Port ; Rise  ; Fall  ; Clock Edge ; Clock Reference                                  ;
+------------+------------+-------+-------+------------+--------------------------------------------------+
; DataPin    ; BasicClock ; 4.423 ; 4.390 ; Rise       ; inst|altpll_component|auto_generated|pll1|clk[0] ;
; LatchClock ; BasicClock ; 3.467 ; 3.479 ; Rise       ; inst|altpll_component|auto_generated|pll1|clk[0] ;
; ShiftClock ; BasicClock ; 2.305 ;       ; Rise       ; inst|altpll_component|auto_generated|pll1|clk[0] ;
; ShiftClock ; BasicClock ;       ; 2.307 ; Fall       ; inst|altpll_component|auto_generated|pll1|clk[0] ;
+------------+------------+-------+-------+------------+--------------------------------------------------+


+---------------------------------------------------------------------------------------------------------+
; Minimum Clock to Output Times                                                                           ;
+------------+------------+-------+-------+------------+--------------------------------------------------+
; Data Port  ; Clock Port ; Rise  ; Fall  ; Clock Edge ; Clock Reference                                  ;
+------------+------------+-------+-------+------------+--------------------------------------------------+
; DataPin    ; BasicClock ; 3.974 ; 3.942 ; Rise       ; inst|altpll_component|auto_generated|pll1|clk[0] ;
; LatchClock ; BasicClock ; 3.057 ; 3.068 ; Rise       ; inst|altpll_component|auto_generated|pll1|clk[0] ;
; ShiftClock ; BasicClock ; 1.949 ;       ; Rise       ; inst|altpll_component|auto_generated|pll1|clk[0] ;
; ShiftClock ; BasicClock ;       ; 1.951 ; Fall       ; inst|altpll_component|auto_generated|pll1|clk[0] ;
+------------+------------+-------+-------+------------+--------------------------------------------------+


---------------------------------------------
; Slow 1200mV 0C Model Metastability Report ;
---------------------------------------------
No synchronizer chains to report.


+---------------------------------------------------------------------------+
; Fast 1200mV 0C Model Setup Summary                                        ;
+--------------------------------------------------+--------+---------------+
; Clock                                            ; Slack  ; End Point TNS ;
+--------------------------------------------------+--------+---------------+
; inst|altpll_component|auto_generated|pll1|clk[0] ; 96.292 ; 0.000         ;
+--------------------------------------------------+--------+---------------+


+--------------------------------------------------------------------------+
; Fast 1200mV 0C Model Hold Summary                                        ;
+--------------------------------------------------+-------+---------------+
; Clock                                            ; Slack ; End Point TNS ;
+--------------------------------------------------+-------+---------------+
; inst|altpll_component|auto_generated|pll1|clk[0] ; 0.186 ; 0.000         ;
+--------------------------------------------------+-------+---------------+


-----------------------------------------
; Fast 1200mV 0C Model Recovery Summary ;
-----------------------------------------
No paths to report.


----------------------------------------
; Fast 1200mV 0C Model Removal Summary ;
----------------------------------------
No paths to report.


+---------------------------------------------------------------------------+
; Fast 1200mV 0C Model Minimum Pulse Width Summary                          ;
+--------------------------------------------------+--------+---------------+
; Clock                                            ; Slack  ; End Point TNS ;
+--------------------------------------------------+--------+---------------+
; BasicClock                                       ; 9.594  ; 0.000         ;
; inst|altpll_component|auto_generated|pll1|clk[0] ; 48.626 ; 0.000         ;
+--------------------------------------------------+--------+---------------+


+--------------------------------------------------------------------------------------------------------------------------------------------------------------------------------------------------------------------------------------------------------+
; Fast 1200mV 0C Model Setup: 'inst|altpll_component|auto_generated|pll1|clk[0]'                                                                                                                                                                         ;
+--------+------------------------------------------------+-----------------------------------------------+--------------------------------------------------+--------------------------------------------------+--------------+------------+------------+
; Slack  ; From Node                                      ; To Node                                       ; Launch Clock                                     ; Latch Clock                                      ; Relationship ; Clock Skew ; Data Delay ;
+--------+------------------------------------------------+-----------------------------------------------+--------------------------------------------------+--------------------------------------------------+--------------+------------+------------+
; 96.292 ; Data_for_register_1:inst2|bit_index[0]         ; Data_for_register_1:inst2|data_outpin_1       ; inst|altpll_component|auto_generated|pll1|clk[0] ; inst|altpll_component|auto_generated|pll1|clk[0] ; 97.656       ; -0.038     ; 1.313      ;
; 96.354 ; Data_for_register_1:inst2|bit_index[1]         ; Data_for_register_1:inst2|data_outpin_1       ; inst|altpll_component|auto_generated|pll1|clk[0] ; inst|altpll_component|auto_generated|pll1|clk[0] ; 97.656       ; -0.038     ; 1.251      ;
; 96.395 ; Data_for_register_1:inst2|current_byte[4]      ; Data_for_register_1:inst2|data_outpin_1       ; inst|altpll_component|auto_generated|pll1|clk[0] ; inst|altpll_component|auto_generated|pll1|clk[0] ; 97.656       ; -0.037     ; 1.211      ;
; 96.553 ; Data_for_register_1:inst2|current_byte[5]      ; Data_for_register_1:inst2|data_outpin_1       ; inst|altpll_component|auto_generated|pll1|clk[0] ; inst|altpll_component|auto_generated|pll1|clk[0] ; 97.656       ; -0.037     ; 1.053      ;
; 96.560 ; Data_for_register_1:inst2|current_byte[0]      ; Data_for_register_1:inst2|data_outpin_1       ; inst|altpll_component|auto_generated|pll1|clk[0] ; inst|altpll_component|auto_generated|pll1|clk[0] ; 97.656       ; -0.037     ; 1.046      ;
; 96.593 ; Data_for_register_1:inst2|Phase_data_index[3]  ; Data_for_register_1:inst2|latch_flag          ; inst|altpll_component|auto_generated|pll1|clk[0] ; inst|altpll_component|auto_generated|pll1|clk[0] ; 97.656       ; -0.037     ; 1.013      ;
; 96.596 ; Data_for_register_1:inst2|Phase_data_index[3]  ; Data_for_register_1:inst2|current_byte[1]     ; inst|altpll_component|auto_generated|pll1|clk[0] ; inst|altpll_component|auto_generated|pll1|clk[0] ; 97.656       ; -0.038     ; 1.009      ;
; 96.605 ; Data_for_register_1:inst2|bit_index[0]         ; Data_for_register_1:inst2|Phase_data_index[4] ; inst|altpll_component|auto_generated|pll1|clk[0] ; inst|altpll_component|auto_generated|pll1|clk[0] ; 97.656       ; -0.037     ; 1.001      ;
; 96.605 ; Data_for_register_1:inst2|bit_index[0]         ; Data_for_register_1:inst2|Phase_data_index[3] ; inst|altpll_component|auto_generated|pll1|clk[0] ; inst|altpll_component|auto_generated|pll1|clk[0] ; 97.656       ; -0.037     ; 1.001      ;
; 96.605 ; Data_for_register_1:inst2|bit_index[0]         ; Data_for_register_1:inst2|Phase_data_index[2] ; inst|altpll_component|auto_generated|pll1|clk[0] ; inst|altpll_component|auto_generated|pll1|clk[0] ; 97.656       ; -0.037     ; 1.001      ;
; 96.605 ; Data_for_register_1:inst2|bit_index[0]         ; Data_for_register_1:inst2|Phase_data_index[1] ; inst|altpll_component|auto_generated|pll1|clk[0] ; inst|altpll_component|auto_generated|pll1|clk[0] ; 97.656       ; -0.037     ; 1.001      ;
; 96.605 ; Data_for_register_1:inst2|bit_index[0]         ; Data_for_register_1:inst2|Phase_data_index[0] ; inst|altpll_component|auto_generated|pll1|clk[0] ; inst|altpll_component|auto_generated|pll1|clk[0] ; 97.656       ; -0.037     ; 1.001      ;
; 96.619 ; Data_for_register_1:inst2|Phase_data_index[3]  ; Data_for_register_1:inst2|current_byte[2]     ; inst|altpll_component|auto_generated|pll1|clk[0] ; inst|altpll_component|auto_generated|pll1|clk[0] ; 97.656       ; -0.038     ; 0.986      ;
; 96.631 ; Data_for_register_1:inst2|Phase_data_index[1]  ; Data_for_register_1:inst2|current_byte[4]     ; inst|altpll_component|auto_generated|pll1|clk[0] ; inst|altpll_component|auto_generated|pll1|clk[0] ; 97.656       ; -0.038     ; 0.974      ;
; 96.634 ; Data_for_register_1:inst2|Phase_data_index[2]  ; Data_for_register_1:inst2|current_byte[4]     ; inst|altpll_component|auto_generated|pll1|clk[0] ; inst|altpll_component|auto_generated|pll1|clk[0] ; 97.656       ; -0.038     ; 0.971      ;
; 96.664 ; Data_for_register_1:inst2|Phase_data_index[0]  ; Data_for_register_1:inst2|latch_flag          ; inst|altpll_component|auto_generated|pll1|clk[0] ; inst|altpll_component|auto_generated|pll1|clk[0] ; 97.656       ; -0.037     ; 0.942      ;
; 96.665 ; Data_for_register_1:inst2|Phase_data_index[0]  ; Data_for_register_1:inst2|current_byte[3]     ; inst|altpll_component|auto_generated|pll1|clk[0] ; inst|altpll_component|auto_generated|pll1|clk[0] ; 97.656       ; -0.038     ; 0.940      ;
; 96.667 ; Data_for_register_1:inst2|Phase_data_index[0]  ; Data_for_register_1:inst2|current_byte[1]     ; inst|altpll_component|auto_generated|pll1|clk[0] ; inst|altpll_component|auto_generated|pll1|clk[0] ; 97.656       ; -0.038     ; 0.938      ;
; 96.673 ; Data_for_register_1:inst2|bit_index[1]         ; Data_for_register_1:inst2|Phase_data_index[4] ; inst|altpll_component|auto_generated|pll1|clk[0] ; inst|altpll_component|auto_generated|pll1|clk[0] ; 97.656       ; -0.037     ; 0.933      ;
; 96.673 ; Data_for_register_1:inst2|bit_index[1]         ; Data_for_register_1:inst2|Phase_data_index[3] ; inst|altpll_component|auto_generated|pll1|clk[0] ; inst|altpll_component|auto_generated|pll1|clk[0] ; 97.656       ; -0.037     ; 0.933      ;
; 96.673 ; Data_for_register_1:inst2|bit_index[1]         ; Data_for_register_1:inst2|Phase_data_index[2] ; inst|altpll_component|auto_generated|pll1|clk[0] ; inst|altpll_component|auto_generated|pll1|clk[0] ; 97.656       ; -0.037     ; 0.933      ;
; 96.673 ; Data_for_register_1:inst2|bit_index[1]         ; Data_for_register_1:inst2|Phase_data_index[1] ; inst|altpll_component|auto_generated|pll1|clk[0] ; inst|altpll_component|auto_generated|pll1|clk[0] ; 97.656       ; -0.037     ; 0.933      ;
; 96.673 ; Data_for_register_1:inst2|bit_index[1]         ; Data_for_register_1:inst2|Phase_data_index[0] ; inst|altpll_component|auto_generated|pll1|clk[0] ; inst|altpll_component|auto_generated|pll1|clk[0] ; 97.656       ; -0.037     ; 0.933      ;
; 96.676 ; Data_for_register_1:inst2|Phase_data_index[0]  ; Data_for_register_1:inst2|current_byte[6]     ; inst|altpll_component|auto_generated|pll1|clk[0] ; inst|altpll_component|auto_generated|pll1|clk[0] ; 97.656       ; -0.038     ; 0.929      ;
; 96.680 ; Data_for_register_1:inst2|Phase_data_index[1]  ; Data_for_register_1:inst2|Phase_data_index[4] ; inst|altpll_component|auto_generated|pll1|clk[0] ; inst|altpll_component|auto_generated|pll1|clk[0] ; 97.656       ; -0.037     ; 0.926      ;
; 96.695 ; Data_for_register_1:inst2|Phase_data_index[0]  ; Data_for_register_1:inst2|current_byte[2]     ; inst|altpll_component|auto_generated|pll1|clk[0] ; inst|altpll_component|auto_generated|pll1|clk[0] ; 97.656       ; -0.038     ; 0.910      ;
; 96.717 ; Data_for_register_1:inst2|current_byte[1]      ; Data_for_register_1:inst2|data_outpin_1       ; inst|altpll_component|auto_generated|pll1|clk[0] ; inst|altpll_component|auto_generated|pll1|clk[0] ; 97.656       ; -0.037     ; 0.889      ;
; 96.725 ; Data_for_register_1:inst2|Phase_data_index[1]  ; Data_for_register_1:inst2|latch_flag          ; inst|altpll_component|auto_generated|pll1|clk[0] ; inst|altpll_component|auto_generated|pll1|clk[0] ; 97.656       ; -0.037     ; 0.881      ;
; 96.728 ; Data_for_register_1:inst2|Phase_data_index[1]  ; Data_for_register_1:inst2|current_byte[1]     ; inst|altpll_component|auto_generated|pll1|clk[0] ; inst|altpll_component|auto_generated|pll1|clk[0] ; 97.656       ; -0.038     ; 0.877      ;
; 96.732 ; Data_for_register_1:inst2|Phase_data_index[4]  ; Data_for_register_1:inst2|current_byte[4]     ; inst|altpll_component|auto_generated|pll1|clk[0] ; inst|altpll_component|auto_generated|pll1|clk[0] ; 97.656       ; -0.038     ; 0.873      ;
; 96.734 ; Data_for_register_1:inst2|Phase_data_index[0]  ; Data_for_register_1:inst2|Phase_data_index[4] ; inst|altpll_component|auto_generated|pll1|clk[0] ; inst|altpll_component|auto_generated|pll1|clk[0] ; 97.656       ; -0.037     ; 0.872      ;
; 96.736 ; Data_for_register_1:inst2|current_byte[7]      ; Data_for_register_1:inst2|data_outpin_1       ; inst|altpll_component|auto_generated|pll1|clk[0] ; inst|altpll_component|auto_generated|pll1|clk[0] ; 97.656       ; -0.037     ; 0.870      ;
; 96.740 ; Data_for_register_1:inst2|Phase_data_index[0]  ; Data_for_register_1:inst2|current_byte[7]     ; inst|altpll_component|auto_generated|pll1|clk[0] ; inst|altpll_component|auto_generated|pll1|clk[0] ; 97.656       ; -0.038     ; 0.865      ;
; 96.741 ; Data_for_register_1:inst2|Phase_data_index[0]  ; Data_for_register_1:inst2|current_byte[5]     ; inst|altpll_component|auto_generated|pll1|clk[0] ; inst|altpll_component|auto_generated|pll1|clk[0] ; 97.656       ; -0.038     ; 0.864      ;
; 96.744 ; Data_for_register_1:inst2|Phase_data_index[1]  ; Data_for_register_1:inst2|Phase_data_index[3] ; inst|altpll_component|auto_generated|pll1|clk[0] ; inst|altpll_component|auto_generated|pll1|clk[0] ; 97.656       ; -0.037     ; 0.862      ;
; 96.748 ; Data_for_register_1:inst2|Phase_data_index[1]  ; Data_for_register_1:inst2|Phase_data_index[2] ; inst|altpll_component|auto_generated|pll1|clk[0] ; inst|altpll_component|auto_generated|pll1|clk[0] ; 97.656       ; -0.037     ; 0.858      ;
; 96.754 ; Data_for_register_1:inst2|bit_index[2]         ; Data_for_register_1:inst2|Phase_data_index[4] ; inst|altpll_component|auto_generated|pll1|clk[0] ; inst|altpll_component|auto_generated|pll1|clk[0] ; 97.656       ; -0.037     ; 0.852      ;
; 96.754 ; Data_for_register_1:inst2|bit_index[2]         ; Data_for_register_1:inst2|Phase_data_index[3] ; inst|altpll_component|auto_generated|pll1|clk[0] ; inst|altpll_component|auto_generated|pll1|clk[0] ; 97.656       ; -0.037     ; 0.852      ;
; 96.754 ; Data_for_register_1:inst2|bit_index[2]         ; Data_for_register_1:inst2|Phase_data_index[2] ; inst|altpll_component|auto_generated|pll1|clk[0] ; inst|altpll_component|auto_generated|pll1|clk[0] ; 97.656       ; -0.037     ; 0.852      ;
; 96.754 ; Data_for_register_1:inst2|bit_index[2]         ; Data_for_register_1:inst2|Phase_data_index[1] ; inst|altpll_component|auto_generated|pll1|clk[0] ; inst|altpll_component|auto_generated|pll1|clk[0] ; 97.656       ; -0.037     ; 0.852      ;
; 96.754 ; Data_for_register_1:inst2|bit_index[2]         ; Data_for_register_1:inst2|Phase_data_index[0] ; inst|altpll_component|auto_generated|pll1|clk[0] ; inst|altpll_component|auto_generated|pll1|clk[0] ; 97.656       ; -0.037     ; 0.852      ;
; 96.768 ; Data_for_register_1:inst2|Phase_data_index[3]  ; Data_for_register_1:inst2|Phase_data_index[4] ; inst|altpll_component|auto_generated|pll1|clk[0] ; inst|altpll_component|auto_generated|pll1|clk[0] ; 97.656       ; -0.037     ; 0.838      ;
; 96.772 ; Data_for_register_1:inst2|Phase_data_index[0]  ; Data_for_register_1:inst2|Phase_data_index[3] ; inst|altpll_component|auto_generated|pll1|clk[0] ; inst|altpll_component|auto_generated|pll1|clk[0] ; 97.656       ; -0.037     ; 0.834      ;
; 96.779 ; Data_for_register_1:inst2|Phase_data_index[1]  ; Data_for_register_1:inst2|current_byte[3]     ; inst|altpll_component|auto_generated|pll1|clk[0] ; inst|altpll_component|auto_generated|pll1|clk[0] ; 97.656       ; -0.038     ; 0.826      ;
; 96.782 ; Data_for_register_1:inst2|Phase_data_index[1]  ; Data_for_register_1:inst2|current_byte[2]     ; inst|altpll_component|auto_generated|pll1|clk[0] ; inst|altpll_component|auto_generated|pll1|clk[0] ; 97.656       ; -0.038     ; 0.823      ;
; 96.790 ; Data_for_register_1:inst2|Phase_data_index[1]  ; Data_for_register_1:inst2|current_byte[6]     ; inst|altpll_component|auto_generated|pll1|clk[0] ; inst|altpll_component|auto_generated|pll1|clk[0] ; 97.656       ; -0.038     ; 0.815      ;
; 96.801 ; Data_for_register_1:inst2|Phase_data_index[2]  ; Data_for_register_1:inst2|Phase_data_index[4] ; inst|altpll_component|auto_generated|pll1|clk[0] ; inst|altpll_component|auto_generated|pll1|clk[0] ; 97.656       ; -0.037     ; 0.805      ;
; 96.802 ; Data_for_register_1:inst2|Phase_data_index[0]  ; Data_for_register_1:inst2|Phase_data_index[2] ; inst|altpll_component|auto_generated|pll1|clk[0] ; inst|altpll_component|auto_generated|pll1|clk[0] ; 97.656       ; -0.037     ; 0.804      ;
; 96.803 ; Data_for_register_1:inst2|Phase_data_index[2]  ; Data_for_register_1:inst2|latch_flag          ; inst|altpll_component|auto_generated|pll1|clk[0] ; inst|altpll_component|auto_generated|pll1|clk[0] ; 97.656       ; -0.037     ; 0.803      ;
; 96.806 ; Data_for_register_1:inst2|Phase_data_index[2]  ; Data_for_register_1:inst2|current_byte[1]     ; inst|altpll_component|auto_generated|pll1|clk[0] ; inst|altpll_component|auto_generated|pll1|clk[0] ; 97.656       ; -0.038     ; 0.799      ;
; 96.812 ; Data_for_register_1:inst2|Phase_data_index[3]  ; Data_for_register_1:inst2|current_byte[4]     ; inst|altpll_component|auto_generated|pll1|clk[0] ; inst|altpll_component|auto_generated|pll1|clk[0] ; 97.656       ; -0.038     ; 0.793      ;
; 96.815 ; Data_for_register_1:inst2|bit_index[0]         ; Data_for_register_1:inst2|latch_flag          ; inst|altpll_component|auto_generated|pll1|clk[0] ; inst|altpll_component|auto_generated|pll1|clk[0] ; 97.656       ; -0.037     ; 0.791      ;
; 96.836 ; Data_for_register_1:inst2|Phase_data_index[2]  ; Data_for_register_1:inst2|current_byte[3]     ; inst|altpll_component|auto_generated|pll1|clk[0] ; inst|altpll_component|auto_generated|pll1|clk[0] ; 97.656       ; -0.038     ; 0.769      ;
; 96.837 ; Data_for_register_1:inst2|Phase_data_index[2]  ; Data_for_register_1:inst2|Phase_data_index[3] ; inst|altpll_component|auto_generated|pll1|clk[0] ; inst|altpll_component|auto_generated|pll1|clk[0] ; 97.656       ; -0.037     ; 0.769      ;
; 96.838 ; Data_for_register_1:inst2|Phase_data_index[2]  ; Data_for_register_1:inst2|current_byte[2]     ; inst|altpll_component|auto_generated|pll1|clk[0] ; inst|altpll_component|auto_generated|pll1|clk[0] ; 97.656       ; -0.038     ; 0.767      ;
; 96.840 ; Data_for_register_1:inst2|Phase_data_index[0]  ; Data_for_register_1:inst2|Phase_data_index[1] ; inst|altpll_component|auto_generated|pll1|clk[0] ; inst|altpll_component|auto_generated|pll1|clk[0] ; 97.656       ; -0.037     ; 0.766      ;
; 96.845 ; Data_for_register_1:inst2|Phase_data_index[1]  ; Data_for_register_1:inst2|current_byte[7]     ; inst|altpll_component|auto_generated|pll1|clk[0] ; inst|altpll_component|auto_generated|pll1|clk[0] ; 97.656       ; -0.038     ; 0.760      ;
; 96.846 ; Data_for_register_1:inst2|Phase_data_index[1]  ; Data_for_register_1:inst2|current_byte[5]     ; inst|altpll_component|auto_generated|pll1|clk[0] ; inst|altpll_component|auto_generated|pll1|clk[0] ; 97.656       ; -0.038     ; 0.759      ;
; 96.847 ; Data_for_register_1:inst2|Phase_data_index[2]  ; Data_for_register_1:inst2|current_byte[6]     ; inst|altpll_component|auto_generated|pll1|clk[0] ; inst|altpll_component|auto_generated|pll1|clk[0] ; 97.656       ; -0.038     ; 0.758      ;
; 96.883 ; Data_for_register_1:inst2|bit_index[1]         ; Data_for_register_1:inst2|latch_flag          ; inst|altpll_component|auto_generated|pll1|clk[0] ; inst|altpll_component|auto_generated|pll1|clk[0] ; 97.656       ; -0.037     ; 0.723      ;
; 96.893 ; Data_for_register_1:inst2|current_byte[6]      ; Data_for_register_1:inst2|data_outpin_1       ; inst|altpll_component|auto_generated|pll1|clk[0] ; inst|altpll_component|auto_generated|pll1|clk[0] ; 97.656       ; -0.037     ; 0.713      ;
; 96.897 ; Data_for_register_1:inst2|Phase_data_index[4]  ; Data_for_register_1:inst2|current_byte[6]     ; inst|altpll_component|auto_generated|pll1|clk[0] ; inst|altpll_component|auto_generated|pll1|clk[0] ; 97.656       ; -0.038     ; 0.708      ;
; 96.899 ; Data_for_register_1:inst2|Phase_data_index[4]  ; Data_for_register_1:inst2|current_byte[3]     ; inst|altpll_component|auto_generated|pll1|clk[0] ; inst|altpll_component|auto_generated|pll1|clk[0] ; 97.656       ; -0.038     ; 0.706      ;
; 96.901 ; Data_for_register_1:inst2|Phase_data_index[2]  ; Data_for_register_1:inst2|current_byte[7]     ; inst|altpll_component|auto_generated|pll1|clk[0] ; inst|altpll_component|auto_generated|pll1|clk[0] ; 97.656       ; -0.038     ; 0.704      ;
; 96.902 ; Data_for_register_1:inst2|Phase_data_index[2]  ; Data_for_register_1:inst2|current_byte[5]     ; inst|altpll_component|auto_generated|pll1|clk[0] ; inst|altpll_component|auto_generated|pll1|clk[0] ; 97.656       ; -0.038     ; 0.703      ;
; 96.912 ; Data_for_register_1:inst2|current_byte[2]      ; Data_for_register_1:inst2|data_outpin_1       ; inst|altpll_component|auto_generated|pll1|clk[0] ; inst|altpll_component|auto_generated|pll1|clk[0] ; 97.656       ; -0.037     ; 0.694      ;
; 96.936 ; Data_for_register_1:inst2|Phase_data_index[3]  ; Data_for_register_1:inst2|current_byte[7]     ; inst|altpll_component|auto_generated|pll1|clk[0] ; inst|altpll_component|auto_generated|pll1|clk[0] ; 97.656       ; -0.038     ; 0.669      ;
; 96.942 ; Data_for_register_1:inst2|Phase_data_index[3]  ; Data_for_register_1:inst2|current_byte[5]     ; inst|altpll_component|auto_generated|pll1|clk[0] ; inst|altpll_component|auto_generated|pll1|clk[0] ; 97.656       ; -0.038     ; 0.663      ;
; 96.962 ; Data_for_register_1:inst2|Phase_data_index[3]  ; Data_for_register_1:inst2|current_byte[6]     ; inst|altpll_component|auto_generated|pll1|clk[0] ; inst|altpll_component|auto_generated|pll1|clk[0] ; 97.656       ; -0.038     ; 0.643      ;
; 96.964 ; Data_for_register_1:inst2|bit_index[2]         ; Data_for_register_1:inst2|data_outpin_1       ; inst|altpll_component|auto_generated|pll1|clk[0] ; inst|altpll_component|auto_generated|pll1|clk[0] ; 97.656       ; -0.038     ; 0.641      ;
; 96.964 ; Data_for_register_1:inst2|bit_index[2]         ; Data_for_register_1:inst2|latch_flag          ; inst|altpll_component|auto_generated|pll1|clk[0] ; inst|altpll_component|auto_generated|pll1|clk[0] ; 97.656       ; -0.037     ; 0.642      ;
; 96.972 ; Data_for_register_1:inst2|Phase_data_index[4]  ; Data_for_register_1:inst2|current_byte[2]     ; inst|altpll_component|auto_generated|pll1|clk[0] ; inst|altpll_component|auto_generated|pll1|clk[0] ; 97.656       ; -0.038     ; 0.633      ;
; 96.973 ; Data_for_register_1:inst2|Phase_data_index[4]  ; Data_for_register_1:inst2|current_byte[0]     ; inst|altpll_component|auto_generated|pll1|clk[0] ; inst|altpll_component|auto_generated|pll1|clk[0] ; 97.656       ; -0.038     ; 0.632      ;
; 96.973 ; Data_for_register_1:inst2|Phase_data_index[4]  ; Data_for_register_1:inst2|current_byte[1]     ; inst|altpll_component|auto_generated|pll1|clk[0] ; inst|altpll_component|auto_generated|pll1|clk[0] ; 97.656       ; -0.038     ; 0.632      ;
; 96.977 ; Data_for_register_1:inst2|Phase_data_index[3]  ; Data_for_register_1:inst2|current_byte[3]     ; inst|altpll_component|auto_generated|pll1|clk[0] ; inst|altpll_component|auto_generated|pll1|clk[0] ; 97.656       ; -0.038     ; 0.628      ;
; 97.018 ; Data_for_register_1:inst2|Phase_register[0][7] ; Data_for_register_1:inst2|current_byte[5]     ; inst|altpll_component|auto_generated|pll1|clk[0] ; inst|altpll_component|auto_generated|pll1|clk[0] ; 97.656       ; -0.037     ; 0.588      ;
; 97.036 ; Data_for_register_1:inst2|Phase_data_index[2]  ; Data_for_register_1:inst2|Phase_data_index[2] ; inst|altpll_component|auto_generated|pll1|clk[0] ; inst|altpll_component|auto_generated|pll1|clk[0] ; 97.656       ; -0.037     ; 0.570      ;
; 97.037 ; Data_for_register_1:inst2|Phase_data_index[0]  ; Data_for_register_1:inst2|Phase_data_index[0] ; inst|altpll_component|auto_generated|pll1|clk[0] ; inst|altpll_component|auto_generated|pll1|clk[0] ; 97.656       ; -0.037     ; 0.569      ;
; 97.037 ; Data_for_register_1:inst2|Phase_register[0][7] ; Data_for_register_1:inst2|current_byte[7]     ; inst|altpll_component|auto_generated|pll1|clk[0] ; inst|altpll_component|auto_generated|pll1|clk[0] ; 97.656       ; -0.037     ; 0.569      ;
; 97.040 ; Data_for_register_1:inst2|Phase_data_index[4]  ; Data_for_register_1:inst2|Phase_data_index[4] ; inst|altpll_component|auto_generated|pll1|clk[0] ; inst|altpll_component|auto_generated|pll1|clk[0] ; 97.656       ; -0.037     ; 0.566      ;
; 97.041 ; Data_for_register_1:inst2|bit_index[0]         ; Data_for_register_1:inst2|bit_index[2]        ; inst|altpll_component|auto_generated|pll1|clk[0] ; inst|altpll_component|auto_generated|pll1|clk[0] ; 97.656       ; -0.037     ; 0.565      ;
; 97.041 ; Data_for_register_1:inst2|Phase_data_index[1]  ; Data_for_register_1:inst2|Phase_data_index[1] ; inst|altpll_component|auto_generated|pll1|clk[0] ; inst|altpll_component|auto_generated|pll1|clk[0] ; 97.656       ; -0.037     ; 0.565      ;
; 97.047 ; Data_for_register_1:inst2|bit_index[1]         ; Data_for_register_1:inst2|bit_index[2]        ; inst|altpll_component|auto_generated|pll1|clk[0] ; inst|altpll_component|auto_generated|pll1|clk[0] ; 97.656       ; -0.037     ; 0.559      ;
; 97.060 ; Data_for_register_1:inst2|Phase_data_index[3]  ; Data_for_register_1:inst2|Phase_data_index[3] ; inst|altpll_component|auto_generated|pll1|clk[0] ; inst|altpll_component|auto_generated|pll1|clk[0] ; 97.656       ; -0.037     ; 0.546      ;
; 97.061 ; Data_for_register_1:inst2|current_byte[3]      ; Data_for_register_1:inst2|data_outpin_1       ; inst|altpll_component|auto_generated|pll1|clk[0] ; inst|altpll_component|auto_generated|pll1|clk[0] ; 97.656       ; -0.037     ; 0.545      ;
; 97.069 ; Data_for_register_1:inst2|Phase_data_index[4]  ; Data_for_register_1:inst2|latch_flag          ; inst|altpll_component|auto_generated|pll1|clk[0] ; inst|altpll_component|auto_generated|pll1|clk[0] ; 97.656       ; -0.037     ; 0.537      ;
; 97.112 ; Data_for_register_1:inst2|Phase_data_index[4]  ; Data_for_register_1:inst2|current_byte[5]     ; inst|altpll_component|auto_generated|pll1|clk[0] ; inst|altpll_component|auto_generated|pll1|clk[0] ; 97.656       ; -0.038     ; 0.493      ;
; 97.114 ; Data_for_register_1:inst2|Phase_data_index[4]  ; Data_for_register_1:inst2|current_byte[7]     ; inst|altpll_component|auto_generated|pll1|clk[0] ; inst|altpll_component|auto_generated|pll1|clk[0] ; 97.656       ; -0.038     ; 0.491      ;
; 97.183 ; Data_for_register_1:inst2|Phase_register[0][7] ; Data_for_register_1:inst2|current_byte[2]     ; inst|altpll_component|auto_generated|pll1|clk[0] ; inst|altpll_component|auto_generated|pll1|clk[0] ; 97.656       ; -0.037     ; 0.423      ;
; 97.185 ; Data_for_register_1:inst2|Phase_register[0][7] ; Data_for_register_1:inst2|current_byte[1]     ; inst|altpll_component|auto_generated|pll1|clk[0] ; inst|altpll_component|auto_generated|pll1|clk[0] ; 97.656       ; -0.037     ; 0.421      ;
; 97.185 ; Data_for_register_1:inst2|Phase_register[0][7] ; Data_for_register_1:inst2|current_byte[0]     ; inst|altpll_component|auto_generated|pll1|clk[0] ; inst|altpll_component|auto_generated|pll1|clk[0] ; 97.656       ; -0.037     ; 0.421      ;
; 97.186 ; Data_for_register_1:inst2|Phase_register[0][7] ; Data_for_register_1:inst2|current_byte[4]     ; inst|altpll_component|auto_generated|pll1|clk[0] ; inst|altpll_component|auto_generated|pll1|clk[0] ; 97.656       ; -0.037     ; 0.420      ;
; 97.187 ; Data_for_register_1:inst2|Phase_register[0][7] ; Data_for_register_1:inst2|current_byte[6]     ; inst|altpll_component|auto_generated|pll1|clk[0] ; inst|altpll_component|auto_generated|pll1|clk[0] ; 97.656       ; -0.037     ; 0.419      ;
; 97.194 ; Data_for_register_1:inst2|Phase_register[0][7] ; Data_for_register_1:inst2|current_byte[3]     ; inst|altpll_component|auto_generated|pll1|clk[0] ; inst|altpll_component|auto_generated|pll1|clk[0] ; 97.656       ; -0.037     ; 0.412      ;
; 97.209 ; Data_for_register_1:inst2|bit_index[0]         ; Data_for_register_1:inst2|bit_index[1]        ; inst|altpll_component|auto_generated|pll1|clk[0] ; inst|altpll_component|auto_generated|pll1|clk[0] ; 97.656       ; -0.037     ; 0.397      ;
; 97.247 ; Data_for_register_1:inst2|bit_index[0]         ; Data_for_register_1:inst2|bit_index[0]        ; inst|altpll_component|auto_generated|pll1|clk[0] ; inst|altpll_component|auto_generated|pll1|clk[0] ; 97.656       ; -0.037     ; 0.359      ;
; 97.247 ; Data_for_register_1:inst2|bit_index[2]         ; Data_for_register_1:inst2|bit_index[2]        ; inst|altpll_component|auto_generated|pll1|clk[0] ; inst|altpll_component|auto_generated|pll1|clk[0] ; 97.656       ; -0.037     ; 0.359      ;
; 97.247 ; Data_for_register_1:inst2|bit_index[1]         ; Data_for_register_1:inst2|bit_index[1]        ; inst|altpll_component|auto_generated|pll1|clk[0] ; inst|altpll_component|auto_generated|pll1|clk[0] ; 97.656       ; -0.037     ; 0.359      ;
; 97.256 ; Data_for_register_1:inst2|latch_flag           ; Data_for_register_1:inst2|latch_flag          ; inst|altpll_component|auto_generated|pll1|clk[0] ; inst|altpll_component|auto_generated|pll1|clk[0] ; 97.656       ; -0.037     ; 0.350      ;
+--------+------------------------------------------------+-----------------------------------------------+--------------------------------------------------+--------------------------------------------------+--------------+------------+------------+


+-------------------------------------------------------------------------------------------------------------------------------------------------------------------------------------------------------------------------------------------------------+
; Fast 1200mV 0C Model Hold: 'inst|altpll_component|auto_generated|pll1|clk[0]'                                                                                                                                                                         ;
+-------+------------------------------------------------+-----------------------------------------------+--------------------------------------------------+--------------------------------------------------+--------------+------------+------------+
; Slack ; From Node                                      ; To Node                                       ; Launch Clock                                     ; Latch Clock                                      ; Relationship ; Clock Skew ; Data Delay ;
+-------+------------------------------------------------+-----------------------------------------------+--------------------------------------------------+--------------------------------------------------+--------------+------------+------------+
; 0.186 ; Data_for_register_1:inst2|latch_flag           ; Data_for_register_1:inst2|latch_flag          ; inst|altpll_component|auto_generated|pll1|clk[0] ; inst|altpll_component|auto_generated|pll1|clk[0] ; 0.000        ; 0.037      ; 0.307      ;
; 0.186 ; Data_for_register_1:inst2|bit_index[2]         ; Data_for_register_1:inst2|bit_index[2]        ; inst|altpll_component|auto_generated|pll1|clk[0] ; inst|altpll_component|auto_generated|pll1|clk[0] ; 0.000        ; 0.037      ; 0.307      ;
; 0.186 ; Data_for_register_1:inst2|bit_index[1]         ; Data_for_register_1:inst2|bit_index[1]        ; inst|altpll_component|auto_generated|pll1|clk[0] ; inst|altpll_component|auto_generated|pll1|clk[0] ; 0.000        ; 0.037      ; 0.307      ;
; 0.193 ; Data_for_register_1:inst2|bit_index[0]         ; Data_for_register_1:inst2|bit_index[0]        ; inst|altpll_component|auto_generated|pll1|clk[0] ; inst|altpll_component|auto_generated|pll1|clk[0] ; 0.000        ; 0.037      ; 0.314      ;
; 0.212 ; Data_for_register_1:inst2|bit_index[0]         ; Data_for_register_1:inst2|bit_index[1]        ; inst|altpll_component|auto_generated|pll1|clk[0] ; inst|altpll_component|auto_generated|pll1|clk[0] ; 0.000        ; 0.037      ; 0.333      ;
; 0.218 ; Data_for_register_1:inst2|Phase_register[0][7] ; Data_for_register_1:inst2|current_byte[3]     ; inst|altpll_component|auto_generated|pll1|clk[0] ; inst|altpll_component|auto_generated|pll1|clk[0] ; 0.000        ; 0.037      ; 0.339      ;
; 0.224 ; Data_for_register_1:inst2|Phase_register[0][7] ; Data_for_register_1:inst2|current_byte[6]     ; inst|altpll_component|auto_generated|pll1|clk[0] ; inst|altpll_component|auto_generated|pll1|clk[0] ; 0.000        ; 0.037      ; 0.345      ;
; 0.225 ; Data_for_register_1:inst2|Phase_register[0][7] ; Data_for_register_1:inst2|current_byte[4]     ; inst|altpll_component|auto_generated|pll1|clk[0] ; inst|altpll_component|auto_generated|pll1|clk[0] ; 0.000        ; 0.037      ; 0.346      ;
; 0.226 ; Data_for_register_1:inst2|Phase_register[0][7] ; Data_for_register_1:inst2|current_byte[0]     ; inst|altpll_component|auto_generated|pll1|clk[0] ; inst|altpll_component|auto_generated|pll1|clk[0] ; 0.000        ; 0.037      ; 0.347      ;
; 0.226 ; Data_for_register_1:inst2|Phase_register[0][7] ; Data_for_register_1:inst2|current_byte[1]     ; inst|altpll_component|auto_generated|pll1|clk[0] ; inst|altpll_component|auto_generated|pll1|clk[0] ; 0.000        ; 0.037      ; 0.347      ;
; 0.227 ; Data_for_register_1:inst2|Phase_register[0][7] ; Data_for_register_1:inst2|current_byte[2]     ; inst|altpll_component|auto_generated|pll1|clk[0] ; inst|altpll_component|auto_generated|pll1|clk[0] ; 0.000        ; 0.037      ; 0.348      ;
; 0.295 ; Data_for_register_1:inst2|Phase_data_index[4]  ; Data_for_register_1:inst2|current_byte[7]     ; inst|altpll_component|auto_generated|pll1|clk[0] ; inst|altpll_component|auto_generated|pll1|clk[0] ; 0.000        ; 0.036      ; 0.415      ;
; 0.297 ; Data_for_register_1:inst2|Phase_data_index[4]  ; Data_for_register_1:inst2|current_byte[5]     ; inst|altpll_component|auto_generated|pll1|clk[0] ; inst|altpll_component|auto_generated|pll1|clk[0] ; 0.000        ; 0.036      ; 0.417      ;
; 0.308 ; Data_for_register_1:inst2|Phase_data_index[3]  ; Data_for_register_1:inst2|Phase_data_index[3] ; inst|altpll_component|auto_generated|pll1|clk[0] ; inst|altpll_component|auto_generated|pll1|clk[0] ; 0.000        ; 0.037      ; 0.429      ;
; 0.308 ; Data_for_register_1:inst2|bit_index[1]         ; Data_for_register_1:inst2|bit_index[2]        ; inst|altpll_component|auto_generated|pll1|clk[0] ; inst|altpll_component|auto_generated|pll1|clk[0] ; 0.000        ; 0.037      ; 0.429      ;
; 0.314 ; Data_for_register_1:inst2|bit_index[0]         ; Data_for_register_1:inst2|bit_index[2]        ; inst|altpll_component|auto_generated|pll1|clk[0] ; inst|altpll_component|auto_generated|pll1|clk[0] ; 0.000        ; 0.037      ; 0.435      ;
; 0.316 ; Data_for_register_1:inst2|Phase_data_index[4]  ; Data_for_register_1:inst2|Phase_data_index[4] ; inst|altpll_component|auto_generated|pll1|clk[0] ; inst|altpll_component|auto_generated|pll1|clk[0] ; 0.000        ; 0.037      ; 0.437      ;
; 0.316 ; Data_for_register_1:inst2|Phase_data_index[2]  ; Data_for_register_1:inst2|Phase_data_index[2] ; inst|altpll_component|auto_generated|pll1|clk[0] ; inst|altpll_component|auto_generated|pll1|clk[0] ; 0.000        ; 0.037      ; 0.437      ;
; 0.317 ; Data_for_register_1:inst2|Phase_data_index[4]  ; Data_for_register_1:inst2|latch_flag          ; inst|altpll_component|auto_generated|pll1|clk[0] ; inst|altpll_component|auto_generated|pll1|clk[0] ; 0.000        ; 0.037      ; 0.438      ;
; 0.318 ; Data_for_register_1:inst2|Phase_data_index[1]  ; Data_for_register_1:inst2|Phase_data_index[1] ; inst|altpll_component|auto_generated|pll1|clk[0] ; inst|altpll_component|auto_generated|pll1|clk[0] ; 0.000        ; 0.037      ; 0.439      ;
; 0.322 ; Data_for_register_1:inst2|Phase_data_index[0]  ; Data_for_register_1:inst2|Phase_data_index[0] ; inst|altpll_component|auto_generated|pll1|clk[0] ; inst|altpll_component|auto_generated|pll1|clk[0] ; 0.000        ; 0.037      ; 0.443      ;
; 0.323 ; Data_for_register_1:inst2|Phase_register[0][7] ; Data_for_register_1:inst2|current_byte[7]     ; inst|altpll_component|auto_generated|pll1|clk[0] ; inst|altpll_component|auto_generated|pll1|clk[0] ; 0.000        ; 0.037      ; 0.444      ;
; 0.335 ; Data_for_register_1:inst2|Phase_register[0][7] ; Data_for_register_1:inst2|current_byte[5]     ; inst|altpll_component|auto_generated|pll1|clk[0] ; inst|altpll_component|auto_generated|pll1|clk[0] ; 0.000        ; 0.037      ; 0.456      ;
; 0.346 ; Data_for_register_1:inst2|current_byte[3]      ; Data_for_register_1:inst2|data_outpin_1       ; inst|altpll_component|auto_generated|pll1|clk[0] ; inst|altpll_component|auto_generated|pll1|clk[0] ; 0.000        ; 0.037      ; 0.467      ;
; 0.398 ; Data_for_register_1:inst2|Phase_data_index[4]  ; Data_for_register_1:inst2|current_byte[0]     ; inst|altpll_component|auto_generated|pll1|clk[0] ; inst|altpll_component|auto_generated|pll1|clk[0] ; 0.000        ; 0.036      ; 0.518      ;
; 0.398 ; Data_for_register_1:inst2|bit_index[2]         ; Data_for_register_1:inst2|data_outpin_1       ; inst|altpll_component|auto_generated|pll1|clk[0] ; inst|altpll_component|auto_generated|pll1|clk[0] ; 0.000        ; 0.036      ; 0.518      ;
; 0.399 ; Data_for_register_1:inst2|Phase_data_index[4]  ; Data_for_register_1:inst2|current_byte[2]     ; inst|altpll_component|auto_generated|pll1|clk[0] ; inst|altpll_component|auto_generated|pll1|clk[0] ; 0.000        ; 0.036      ; 0.519      ;
; 0.405 ; Data_for_register_1:inst2|Phase_data_index[4]  ; Data_for_register_1:inst2|current_byte[1]     ; inst|altpll_component|auto_generated|pll1|clk[0] ; inst|altpll_component|auto_generated|pll1|clk[0] ; 0.000        ; 0.036      ; 0.525      ;
; 0.405 ; Data_for_register_1:inst2|Phase_data_index[3]  ; Data_for_register_1:inst2|current_byte[7]     ; inst|altpll_component|auto_generated|pll1|clk[0] ; inst|altpll_component|auto_generated|pll1|clk[0] ; 0.000        ; 0.036      ; 0.525      ;
; 0.406 ; Data_for_register_1:inst2|Phase_data_index[3]  ; Data_for_register_1:inst2|current_byte[6]     ; inst|altpll_component|auto_generated|pll1|clk[0] ; inst|altpll_component|auto_generated|pll1|clk[0] ; 0.000        ; 0.036      ; 0.526      ;
; 0.412 ; Data_for_register_1:inst2|Phase_data_index[3]  ; Data_for_register_1:inst2|current_byte[3]     ; inst|altpll_component|auto_generated|pll1|clk[0] ; inst|altpll_component|auto_generated|pll1|clk[0] ; 0.000        ; 0.036      ; 0.532      ;
; 0.428 ; Data_for_register_1:inst2|bit_index[2]         ; Data_for_register_1:inst2|latch_flag          ; inst|altpll_component|auto_generated|pll1|clk[0] ; inst|altpll_component|auto_generated|pll1|clk[0] ; 0.000        ; 0.037      ; 0.549      ;
; 0.428 ; Data_for_register_1:inst2|Phase_data_index[3]  ; Data_for_register_1:inst2|current_byte[5]     ; inst|altpll_component|auto_generated|pll1|clk[0] ; inst|altpll_component|auto_generated|pll1|clk[0] ; 0.000        ; 0.036      ; 0.548      ;
; 0.445 ; Data_for_register_1:inst2|current_byte[6]      ; Data_for_register_1:inst2|data_outpin_1       ; inst|altpll_component|auto_generated|pll1|clk[0] ; inst|altpll_component|auto_generated|pll1|clk[0] ; 0.000        ; 0.037      ; 0.566      ;
; 0.457 ; Data_for_register_1:inst2|Phase_data_index[3]  ; Data_for_register_1:inst2|Phase_data_index[4] ; inst|altpll_component|auto_generated|pll1|clk[0] ; inst|altpll_component|auto_generated|pll1|clk[0] ; 0.000        ; 0.037      ; 0.578      ;
; 0.459 ; Data_for_register_1:inst2|current_byte[2]      ; Data_for_register_1:inst2|data_outpin_1       ; inst|altpll_component|auto_generated|pll1|clk[0] ; inst|altpll_component|auto_generated|pll1|clk[0] ; 0.000        ; 0.037      ; 0.580      ;
; 0.467 ; Data_for_register_1:inst2|Phase_data_index[1]  ; Data_for_register_1:inst2|Phase_data_index[2] ; inst|altpll_component|auto_generated|pll1|clk[0] ; inst|altpll_component|auto_generated|pll1|clk[0] ; 0.000        ; 0.037      ; 0.588      ;
; 0.471 ; Data_for_register_1:inst2|Phase_data_index[0]  ; Data_for_register_1:inst2|Phase_data_index[1] ; inst|altpll_component|auto_generated|pll1|clk[0] ; inst|altpll_component|auto_generated|pll1|clk[0] ; 0.000        ; 0.037      ; 0.592      ;
; 0.474 ; Data_for_register_1:inst2|Phase_data_index[4]  ; Data_for_register_1:inst2|current_byte[3]     ; inst|altpll_component|auto_generated|pll1|clk[0] ; inst|altpll_component|auto_generated|pll1|clk[0] ; 0.000        ; 0.036      ; 0.594      ;
; 0.474 ; Data_for_register_1:inst2|Phase_data_index[2]  ; Data_for_register_1:inst2|Phase_data_index[3] ; inst|altpll_component|auto_generated|pll1|clk[0] ; inst|altpll_component|auto_generated|pll1|clk[0] ; 0.000        ; 0.037      ; 0.595      ;
; 0.474 ; Data_for_register_1:inst2|Phase_data_index[0]  ; Data_for_register_1:inst2|Phase_data_index[2] ; inst|altpll_component|auto_generated|pll1|clk[0] ; inst|altpll_component|auto_generated|pll1|clk[0] ; 0.000        ; 0.037      ; 0.595      ;
; 0.476 ; Data_for_register_1:inst2|Phase_data_index[4]  ; Data_for_register_1:inst2|current_byte[6]     ; inst|altpll_component|auto_generated|pll1|clk[0] ; inst|altpll_component|auto_generated|pll1|clk[0] ; 0.000        ; 0.036      ; 0.596      ;
; 0.477 ; Data_for_register_1:inst2|Phase_data_index[2]  ; Data_for_register_1:inst2|Phase_data_index[4] ; inst|altpll_component|auto_generated|pll1|clk[0] ; inst|altpll_component|auto_generated|pll1|clk[0] ; 0.000        ; 0.037      ; 0.598      ;
; 0.492 ; Data_for_register_1:inst2|bit_index[1]         ; Data_for_register_1:inst2|latch_flag          ; inst|altpll_component|auto_generated|pll1|clk[0] ; inst|altpll_component|auto_generated|pll1|clk[0] ; 0.000        ; 0.037      ; 0.613      ;
; 0.516 ; Data_for_register_1:inst2|bit_index[1]         ; Data_for_register_1:inst2|data_outpin_1       ; inst|altpll_component|auto_generated|pll1|clk[0] ; inst|altpll_component|auto_generated|pll1|clk[0] ; 0.000        ; 0.036      ; 0.636      ;
; 0.518 ; Data_for_register_1:inst2|Phase_data_index[2]  ; Data_for_register_1:inst2|current_byte[7]     ; inst|altpll_component|auto_generated|pll1|clk[0] ; inst|altpll_component|auto_generated|pll1|clk[0] ; 0.000        ; 0.036      ; 0.638      ;
; 0.518 ; Data_for_register_1:inst2|Phase_data_index[2]  ; Data_for_register_1:inst2|current_byte[5]     ; inst|altpll_component|auto_generated|pll1|clk[0] ; inst|altpll_component|auto_generated|pll1|clk[0] ; 0.000        ; 0.036      ; 0.638      ;
; 0.530 ; Data_for_register_1:inst2|Phase_data_index[1]  ; Data_for_register_1:inst2|Phase_data_index[3] ; inst|altpll_component|auto_generated|pll1|clk[0] ; inst|altpll_component|auto_generated|pll1|clk[0] ; 0.000        ; 0.037      ; 0.651      ;
; 0.533 ; Data_for_register_1:inst2|Phase_data_index[1]  ; Data_for_register_1:inst2|Phase_data_index[4] ; inst|altpll_component|auto_generated|pll1|clk[0] ; inst|altpll_component|auto_generated|pll1|clk[0] ; 0.000        ; 0.037      ; 0.654      ;
; 0.537 ; Data_for_register_1:inst2|Phase_data_index[0]  ; Data_for_register_1:inst2|Phase_data_index[3] ; inst|altpll_component|auto_generated|pll1|clk[0] ; inst|altpll_component|auto_generated|pll1|clk[0] ; 0.000        ; 0.037      ; 0.658      ;
; 0.540 ; Data_for_register_1:inst2|Phase_data_index[2]  ; Data_for_register_1:inst2|latch_flag          ; inst|altpll_component|auto_generated|pll1|clk[0] ; inst|altpll_component|auto_generated|pll1|clk[0] ; 0.000        ; 0.037      ; 0.661      ;
; 0.540 ; Data_for_register_1:inst2|bit_index[0]         ; Data_for_register_1:inst2|latch_flag          ; inst|altpll_component|auto_generated|pll1|clk[0] ; inst|altpll_component|auto_generated|pll1|clk[0] ; 0.000        ; 0.037      ; 0.661      ;
; 0.540 ; Data_for_register_1:inst2|Phase_data_index[0]  ; Data_for_register_1:inst2|Phase_data_index[4] ; inst|altpll_component|auto_generated|pll1|clk[0] ; inst|altpll_component|auto_generated|pll1|clk[0] ; 0.000        ; 0.037      ; 0.661      ;
; 0.545 ; Data_for_register_1:inst2|Phase_data_index[3]  ; Data_for_register_1:inst2|current_byte[4]     ; inst|altpll_component|auto_generated|pll1|clk[0] ; inst|altpll_component|auto_generated|pll1|clk[0] ; 0.000        ; 0.036      ; 0.665      ;
; 0.545 ; Data_for_register_1:inst2|Phase_data_index[2]  ; Data_for_register_1:inst2|current_byte[1]     ; inst|altpll_component|auto_generated|pll1|clk[0] ; inst|altpll_component|auto_generated|pll1|clk[0] ; 0.000        ; 0.036      ; 0.665      ;
; 0.546 ; Data_for_register_1:inst2|current_byte[7]      ; Data_for_register_1:inst2|data_outpin_1       ; inst|altpll_component|auto_generated|pll1|clk[0] ; inst|altpll_component|auto_generated|pll1|clk[0] ; 0.000        ; 0.037      ; 0.667      ;
; 0.573 ; Data_for_register_1:inst2|Phase_data_index[1]  ; Data_for_register_1:inst2|current_byte[7]     ; inst|altpll_component|auto_generated|pll1|clk[0] ; inst|altpll_component|auto_generated|pll1|clk[0] ; 0.000        ; 0.036      ; 0.693      ;
; 0.573 ; Data_for_register_1:inst2|Phase_data_index[1]  ; Data_for_register_1:inst2|current_byte[5]     ; inst|altpll_component|auto_generated|pll1|clk[0] ; inst|altpll_component|auto_generated|pll1|clk[0] ; 0.000        ; 0.036      ; 0.693      ;
; 0.578 ; Data_for_register_1:inst2|Phase_data_index[2]  ; Data_for_register_1:inst2|current_byte[6]     ; inst|altpll_component|auto_generated|pll1|clk[0] ; inst|altpll_component|auto_generated|pll1|clk[0] ; 0.000        ; 0.036      ; 0.698      ;
; 0.591 ; Data_for_register_1:inst2|Phase_data_index[2]  ; Data_for_register_1:inst2|current_byte[3]     ; inst|altpll_component|auto_generated|pll1|clk[0] ; inst|altpll_component|auto_generated|pll1|clk[0] ; 0.000        ; 0.036      ; 0.711      ;
; 0.591 ; Data_for_register_1:inst2|Phase_data_index[2]  ; Data_for_register_1:inst2|current_byte[2]     ; inst|altpll_component|auto_generated|pll1|clk[0] ; inst|altpll_component|auto_generated|pll1|clk[0] ; 0.000        ; 0.036      ; 0.711      ;
; 0.600 ; Data_for_register_1:inst2|Phase_data_index[1]  ; Data_for_register_1:inst2|latch_flag          ; inst|altpll_component|auto_generated|pll1|clk[0] ; inst|altpll_component|auto_generated|pll1|clk[0] ; 0.000        ; 0.037      ; 0.721      ;
; 0.603 ; Data_for_register_1:inst2|current_byte[1]      ; Data_for_register_1:inst2|data_outpin_1       ; inst|altpll_component|auto_generated|pll1|clk[0] ; inst|altpll_component|auto_generated|pll1|clk[0] ; 0.000        ; 0.037      ; 0.724      ;
; 0.605 ; Data_for_register_1:inst2|Phase_data_index[1]  ; Data_for_register_1:inst2|current_byte[1]     ; inst|altpll_component|auto_generated|pll1|clk[0] ; inst|altpll_component|auto_generated|pll1|clk[0] ; 0.000        ; 0.036      ; 0.725      ;
; 0.609 ; Data_for_register_1:inst2|Phase_data_index[4]  ; Data_for_register_1:inst2|current_byte[4]     ; inst|altpll_component|auto_generated|pll1|clk[0] ; inst|altpll_component|auto_generated|pll1|clk[0] ; 0.000        ; 0.036      ; 0.729      ;
; 0.634 ; Data_for_register_1:inst2|Phase_data_index[1]  ; Data_for_register_1:inst2|current_byte[6]     ; inst|altpll_component|auto_generated|pll1|clk[0] ; inst|altpll_component|auto_generated|pll1|clk[0] ; 0.000        ; 0.036      ; 0.754      ;
; 0.642 ; Data_for_register_1:inst2|Phase_data_index[0]  ; Data_for_register_1:inst2|latch_flag          ; inst|altpll_component|auto_generated|pll1|clk[0] ; inst|altpll_component|auto_generated|pll1|clk[0] ; 0.000        ; 0.037      ; 0.763      ;
; 0.644 ; Data_for_register_1:inst2|Phase_data_index[0]  ; Data_for_register_1:inst2|current_byte[7]     ; inst|altpll_component|auto_generated|pll1|clk[0] ; inst|altpll_component|auto_generated|pll1|clk[0] ; 0.000        ; 0.036      ; 0.764      ;
; 0.644 ; Data_for_register_1:inst2|Phase_data_index[0]  ; Data_for_register_1:inst2|current_byte[5]     ; inst|altpll_component|auto_generated|pll1|clk[0] ; inst|altpll_component|auto_generated|pll1|clk[0] ; 0.000        ; 0.036      ; 0.764      ;
; 0.645 ; Data_for_register_1:inst2|Phase_data_index[1]  ; Data_for_register_1:inst2|current_byte[3]     ; inst|altpll_component|auto_generated|pll1|clk[0] ; inst|altpll_component|auto_generated|pll1|clk[0] ; 0.000        ; 0.036      ; 0.765      ;
; 0.647 ; Data_for_register_1:inst2|Phase_data_index[0]  ; Data_for_register_1:inst2|current_byte[1]     ; inst|altpll_component|auto_generated|pll1|clk[0] ; inst|altpll_component|auto_generated|pll1|clk[0] ; 0.000        ; 0.036      ; 0.767      ;
; 0.647 ; Data_for_register_1:inst2|Phase_data_index[1]  ; Data_for_register_1:inst2|current_byte[2]     ; inst|altpll_component|auto_generated|pll1|clk[0] ; inst|altpll_component|auto_generated|pll1|clk[0] ; 0.000        ; 0.036      ; 0.767      ;
; 0.679 ; Data_for_register_1:inst2|Phase_data_index[2]  ; Data_for_register_1:inst2|current_byte[4]     ; inst|altpll_component|auto_generated|pll1|clk[0] ; inst|altpll_component|auto_generated|pll1|clk[0] ; 0.000        ; 0.036      ; 0.799      ;
; 0.682 ; Data_for_register_1:inst2|Phase_data_index[1]  ; Data_for_register_1:inst2|current_byte[4]     ; inst|altpll_component|auto_generated|pll1|clk[0] ; inst|altpll_component|auto_generated|pll1|clk[0] ; 0.000        ; 0.036      ; 0.802      ;
; 0.699 ; Data_for_register_1:inst2|current_byte[5]      ; Data_for_register_1:inst2|data_outpin_1       ; inst|altpll_component|auto_generated|pll1|clk[0] ; inst|altpll_component|auto_generated|pll1|clk[0] ; 0.000        ; 0.037      ; 0.820      ;
; 0.709 ; Data_for_register_1:inst2|Phase_data_index[3]  ; Data_for_register_1:inst2|latch_flag          ; inst|altpll_component|auto_generated|pll1|clk[0] ; inst|altpll_component|auto_generated|pll1|clk[0] ; 0.000        ; 0.037      ; 0.830      ;
; 0.709 ; Data_for_register_1:inst2|Phase_data_index[0]  ; Data_for_register_1:inst2|current_byte[2]     ; inst|altpll_component|auto_generated|pll1|clk[0] ; inst|altpll_component|auto_generated|pll1|clk[0] ; 0.000        ; 0.036      ; 0.829      ;
; 0.710 ; Data_for_register_1:inst2|current_byte[0]      ; Data_for_register_1:inst2|data_outpin_1       ; inst|altpll_component|auto_generated|pll1|clk[0] ; inst|altpll_component|auto_generated|pll1|clk[0] ; 0.000        ; 0.037      ; 0.831      ;
; 0.714 ; Data_for_register_1:inst2|Phase_data_index[3]  ; Data_for_register_1:inst2|current_byte[1]     ; inst|altpll_component|auto_generated|pll1|clk[0] ; inst|altpll_component|auto_generated|pll1|clk[0] ; 0.000        ; 0.036      ; 0.834      ;
; 0.716 ; Data_for_register_1:inst2|bit_index[2]         ; Data_for_register_1:inst2|Phase_data_index[4] ; inst|altpll_component|auto_generated|pll1|clk[0] ; inst|altpll_component|auto_generated|pll1|clk[0] ; 0.000        ; 0.037      ; 0.837      ;
; 0.716 ; Data_for_register_1:inst2|bit_index[2]         ; Data_for_register_1:inst2|Phase_data_index[3] ; inst|altpll_component|auto_generated|pll1|clk[0] ; inst|altpll_component|auto_generated|pll1|clk[0] ; 0.000        ; 0.037      ; 0.837      ;
; 0.716 ; Data_for_register_1:inst2|bit_index[2]         ; Data_for_register_1:inst2|Phase_data_index[2] ; inst|altpll_component|auto_generated|pll1|clk[0] ; inst|altpll_component|auto_generated|pll1|clk[0] ; 0.000        ; 0.037      ; 0.837      ;
; 0.716 ; Data_for_register_1:inst2|bit_index[2]         ; Data_for_register_1:inst2|Phase_data_index[1] ; inst|altpll_component|auto_generated|pll1|clk[0] ; inst|altpll_component|auto_generated|pll1|clk[0] ; 0.000        ; 0.037      ; 0.837      ;
; 0.716 ; Data_for_register_1:inst2|bit_index[2]         ; Data_for_register_1:inst2|Phase_data_index[0] ; inst|altpll_component|auto_generated|pll1|clk[0] ; inst|altpll_component|auto_generated|pll1|clk[0] ; 0.000        ; 0.037      ; 0.837      ;
; 0.718 ; Data_for_register_1:inst2|Phase_data_index[0]  ; Data_for_register_1:inst2|current_byte[6]     ; inst|altpll_component|auto_generated|pll1|clk[0] ; inst|altpll_component|auto_generated|pll1|clk[0] ; 0.000        ; 0.036      ; 0.838      ;
; 0.737 ; Data_for_register_1:inst2|Phase_data_index[0]  ; Data_for_register_1:inst2|current_byte[3]     ; inst|altpll_component|auto_generated|pll1|clk[0] ; inst|altpll_component|auto_generated|pll1|clk[0] ; 0.000        ; 0.036      ; 0.857      ;
; 0.768 ; Data_for_register_1:inst2|Phase_data_index[3]  ; Data_for_register_1:inst2|current_byte[2]     ; inst|altpll_component|auto_generated|pll1|clk[0] ; inst|altpll_component|auto_generated|pll1|clk[0] ; 0.000        ; 0.036      ; 0.888      ;
; 0.780 ; Data_for_register_1:inst2|bit_index[1]         ; Data_for_register_1:inst2|Phase_data_index[4] ; inst|altpll_component|auto_generated|pll1|clk[0] ; inst|altpll_component|auto_generated|pll1|clk[0] ; 0.000        ; 0.037      ; 0.901      ;
; 0.780 ; Data_for_register_1:inst2|bit_index[1]         ; Data_for_register_1:inst2|Phase_data_index[3] ; inst|altpll_component|auto_generated|pll1|clk[0] ; inst|altpll_component|auto_generated|pll1|clk[0] ; 0.000        ; 0.037      ; 0.901      ;
; 0.780 ; Data_for_register_1:inst2|bit_index[1]         ; Data_for_register_1:inst2|Phase_data_index[2] ; inst|altpll_component|auto_generated|pll1|clk[0] ; inst|altpll_component|auto_generated|pll1|clk[0] ; 0.000        ; 0.037      ; 0.901      ;
; 0.780 ; Data_for_register_1:inst2|bit_index[1]         ; Data_for_register_1:inst2|Phase_data_index[1] ; inst|altpll_component|auto_generated|pll1|clk[0] ; inst|altpll_component|auto_generated|pll1|clk[0] ; 0.000        ; 0.037      ; 0.901      ;
; 0.780 ; Data_for_register_1:inst2|bit_index[1]         ; Data_for_register_1:inst2|Phase_data_index[0] ; inst|altpll_component|auto_generated|pll1|clk[0] ; inst|altpll_component|auto_generated|pll1|clk[0] ; 0.000        ; 0.037      ; 0.901      ;
; 0.801 ; Data_for_register_1:inst2|bit_index[0]         ; Data_for_register_1:inst2|data_outpin_1       ; inst|altpll_component|auto_generated|pll1|clk[0] ; inst|altpll_component|auto_generated|pll1|clk[0] ; 0.000        ; 0.036      ; 0.921      ;
; 0.806 ; Data_for_register_1:inst2|current_byte[4]      ; Data_for_register_1:inst2|data_outpin_1       ; inst|altpll_component|auto_generated|pll1|clk[0] ; inst|altpll_component|auto_generated|pll1|clk[0] ; 0.000        ; 0.037      ; 0.927      ;
; 0.828 ; Data_for_register_1:inst2|bit_index[0]         ; Data_for_register_1:inst2|Phase_data_index[4] ; inst|altpll_component|auto_generated|pll1|clk[0] ; inst|altpll_component|auto_generated|pll1|clk[0] ; 0.000        ; 0.037      ; 0.949      ;
; 0.828 ; Data_for_register_1:inst2|bit_index[0]         ; Data_for_register_1:inst2|Phase_data_index[3] ; inst|altpll_component|auto_generated|pll1|clk[0] ; inst|altpll_component|auto_generated|pll1|clk[0] ; 0.000        ; 0.037      ; 0.949      ;
; 0.828 ; Data_for_register_1:inst2|bit_index[0]         ; Data_for_register_1:inst2|Phase_data_index[2] ; inst|altpll_component|auto_generated|pll1|clk[0] ; inst|altpll_component|auto_generated|pll1|clk[0] ; 0.000        ; 0.037      ; 0.949      ;
; 0.828 ; Data_for_register_1:inst2|bit_index[0]         ; Data_for_register_1:inst2|Phase_data_index[1] ; inst|altpll_component|auto_generated|pll1|clk[0] ; inst|altpll_component|auto_generated|pll1|clk[0] ; 0.000        ; 0.037      ; 0.949      ;
; 0.828 ; Data_for_register_1:inst2|bit_index[0]         ; Data_for_register_1:inst2|Phase_data_index[0] ; inst|altpll_component|auto_generated|pll1|clk[0] ; inst|altpll_component|auto_generated|pll1|clk[0] ; 0.000        ; 0.037      ; 0.949      ;
+-------+------------------------------------------------+-----------------------------------------------+--------------------------------------------------+--------------------------------------------------+--------------+------------+------------+


+--------------------------------------------------------------------------------------------------------------------------------------------------+
; Fast 1200mV 0C Model Minimum Pulse Width: 'BasicClock'                                                                                           ;
+--------+--------------+----------------+------------------+------------+------------+------------------------------------------------------------+
; Slack  ; Actual Width ; Required Width ; Type             ; Clock      ; Clock Edge ; Target                                                     ;
+--------+--------------+----------------+------------------+------------+------------+------------------------------------------------------------+
; 9.594  ; 9.594        ; 0.000          ; Low Pulse Width  ; BasicClock ; Rise       ; inst|altpll_component|auto_generated|pll1|clk[0]           ;
; 9.594  ; 9.594        ; 0.000          ; Low Pulse Width  ; BasicClock ; Rise       ; inst|altpll_component|auto_generated|pll1|observablevcoout ;
; 9.620  ; 9.620        ; 0.000          ; Low Pulse Width  ; BasicClock ; Rise       ; BasicClock~input|o                                         ;
; 9.622  ; 9.622        ; 0.000          ; Low Pulse Width  ; BasicClock ; Rise       ; inst|altpll_component|auto_generated|pll1|inclk[0]         ;
; 10.000 ; 10.000       ; 0.000          ; High Pulse Width ; BasicClock ; Rise       ; BasicClock~input|i                                         ;
; 10.000 ; 10.000       ; 0.000          ; Low Pulse Width  ; BasicClock ; Rise       ; BasicClock~input|i                                         ;
; 10.377 ; 10.377       ; 0.000          ; High Pulse Width ; BasicClock ; Rise       ; inst|altpll_component|auto_generated|pll1|inclk[0]         ;
; 10.380 ; 10.380       ; 0.000          ; High Pulse Width ; BasicClock ; Rise       ; BasicClock~input|o                                         ;
; 10.404 ; 10.404       ; 0.000          ; High Pulse Width ; BasicClock ; Rise       ; inst|altpll_component|auto_generated|pll1|clk[0]           ;
; 10.404 ; 10.404       ; 0.000          ; High Pulse Width ; BasicClock ; Rise       ; inst|altpll_component|auto_generated|pll1|observablevcoout ;
; 16.000 ; 20.000       ; 4.000          ; Port Rate        ; BasicClock ; Rise       ; BasicClock                                                 ;
+--------+--------------+----------------+------------------+------------+------------+------------------------------------------------------------+


+----------------------------------------------------------------------------------------------------------------------------------------------------------------------------------------------------+
; Fast 1200mV 0C Model Minimum Pulse Width: 'inst|altpll_component|auto_generated|pll1|clk[0]'                                                                                                       ;
+--------+--------------+----------------+------------------+--------------------------------------------------+------------+------------------------------------------------------------------------+
; Slack  ; Actual Width ; Required Width ; Type             ; Clock                                            ; Clock Edge ; Target                                                                 ;
+--------+--------------+----------------+------------------+--------------------------------------------------+------------+------------------------------------------------------------------------+
; 48.626 ; 48.842       ; 0.216          ; High Pulse Width ; inst|altpll_component|auto_generated|pll1|clk[0] ; Rise       ; Data_for_register_1:inst2|Phase_data_index[0]                          ;
; 48.626 ; 48.842       ; 0.216          ; High Pulse Width ; inst|altpll_component|auto_generated|pll1|clk[0] ; Rise       ; Data_for_register_1:inst2|Phase_data_index[1]                          ;
; 48.626 ; 48.842       ; 0.216          ; High Pulse Width ; inst|altpll_component|auto_generated|pll1|clk[0] ; Rise       ; Data_for_register_1:inst2|Phase_data_index[2]                          ;
; 48.626 ; 48.842       ; 0.216          ; High Pulse Width ; inst|altpll_component|auto_generated|pll1|clk[0] ; Rise       ; Data_for_register_1:inst2|Phase_data_index[3]                          ;
; 48.626 ; 48.842       ; 0.216          ; High Pulse Width ; inst|altpll_component|auto_generated|pll1|clk[0] ; Rise       ; Data_for_register_1:inst2|Phase_data_index[4]                          ;
; 48.626 ; 48.842       ; 0.216          ; High Pulse Width ; inst|altpll_component|auto_generated|pll1|clk[0] ; Rise       ; Data_for_register_1:inst2|Phase_register[0][7]                         ;
; 48.626 ; 48.842       ; 0.216          ; High Pulse Width ; inst|altpll_component|auto_generated|pll1|clk[0] ; Rise       ; Data_for_register_1:inst2|bit_index[0]                                 ;
; 48.626 ; 48.842       ; 0.216          ; High Pulse Width ; inst|altpll_component|auto_generated|pll1|clk[0] ; Rise       ; Data_for_register_1:inst2|bit_index[1]                                 ;
; 48.626 ; 48.842       ; 0.216          ; High Pulse Width ; inst|altpll_component|auto_generated|pll1|clk[0] ; Rise       ; Data_for_register_1:inst2|bit_index[2]                                 ;
; 48.626 ; 48.842       ; 0.216          ; High Pulse Width ; inst|altpll_component|auto_generated|pll1|clk[0] ; Rise       ; Data_for_register_1:inst2|current_byte[0]                              ;
; 48.626 ; 48.842       ; 0.216          ; High Pulse Width ; inst|altpll_component|auto_generated|pll1|clk[0] ; Rise       ; Data_for_register_1:inst2|current_byte[1]                              ;
; 48.626 ; 48.842       ; 0.216          ; High Pulse Width ; inst|altpll_component|auto_generated|pll1|clk[0] ; Rise       ; Data_for_register_1:inst2|current_byte[2]                              ;
; 48.626 ; 48.842       ; 0.216          ; High Pulse Width ; inst|altpll_component|auto_generated|pll1|clk[0] ; Rise       ; Data_for_register_1:inst2|current_byte[3]                              ;
; 48.626 ; 48.842       ; 0.216          ; High Pulse Width ; inst|altpll_component|auto_generated|pll1|clk[0] ; Rise       ; Data_for_register_1:inst2|current_byte[4]                              ;
; 48.626 ; 48.842       ; 0.216          ; High Pulse Width ; inst|altpll_component|auto_generated|pll1|clk[0] ; Rise       ; Data_for_register_1:inst2|current_byte[5]                              ;
; 48.626 ; 48.842       ; 0.216          ; High Pulse Width ; inst|altpll_component|auto_generated|pll1|clk[0] ; Rise       ; Data_for_register_1:inst2|current_byte[6]                              ;
; 48.626 ; 48.842       ; 0.216          ; High Pulse Width ; inst|altpll_component|auto_generated|pll1|clk[0] ; Rise       ; Data_for_register_1:inst2|current_byte[7]                              ;
; 48.626 ; 48.842       ; 0.216          ; High Pulse Width ; inst|altpll_component|auto_generated|pll1|clk[0] ; Rise       ; Data_for_register_1:inst2|data_outpin_1                                ;
; 48.626 ; 48.842       ; 0.216          ; High Pulse Width ; inst|altpll_component|auto_generated|pll1|clk[0] ; Rise       ; Data_for_register_1:inst2|latch_flag                                   ;
; 48.627 ; 48.811       ; 0.184          ; Low Pulse Width  ; inst|altpll_component|auto_generated|pll1|clk[0] ; Rise       ; Data_for_register_1:inst2|Phase_data_index[0]                          ;
; 48.627 ; 48.811       ; 0.184          ; Low Pulse Width  ; inst|altpll_component|auto_generated|pll1|clk[0] ; Rise       ; Data_for_register_1:inst2|Phase_data_index[1]                          ;
; 48.627 ; 48.811       ; 0.184          ; Low Pulse Width  ; inst|altpll_component|auto_generated|pll1|clk[0] ; Rise       ; Data_for_register_1:inst2|Phase_data_index[2]                          ;
; 48.627 ; 48.811       ; 0.184          ; Low Pulse Width  ; inst|altpll_component|auto_generated|pll1|clk[0] ; Rise       ; Data_for_register_1:inst2|Phase_data_index[3]                          ;
; 48.627 ; 48.811       ; 0.184          ; Low Pulse Width  ; inst|altpll_component|auto_generated|pll1|clk[0] ; Rise       ; Data_for_register_1:inst2|Phase_data_index[4]                          ;
; 48.627 ; 48.811       ; 0.184          ; Low Pulse Width  ; inst|altpll_component|auto_generated|pll1|clk[0] ; Rise       ; Data_for_register_1:inst2|Phase_register[0][7]                         ;
; 48.627 ; 48.811       ; 0.184          ; Low Pulse Width  ; inst|altpll_component|auto_generated|pll1|clk[0] ; Rise       ; Data_for_register_1:inst2|bit_index[0]                                 ;
; 48.627 ; 48.811       ; 0.184          ; Low Pulse Width  ; inst|altpll_component|auto_generated|pll1|clk[0] ; Rise       ; Data_for_register_1:inst2|bit_index[1]                                 ;
; 48.627 ; 48.811       ; 0.184          ; Low Pulse Width  ; inst|altpll_component|auto_generated|pll1|clk[0] ; Rise       ; Data_for_register_1:inst2|bit_index[2]                                 ;
; 48.627 ; 48.811       ; 0.184          ; Low Pulse Width  ; inst|altpll_component|auto_generated|pll1|clk[0] ; Rise       ; Data_for_register_1:inst2|current_byte[0]                              ;
; 48.627 ; 48.811       ; 0.184          ; Low Pulse Width  ; inst|altpll_component|auto_generated|pll1|clk[0] ; Rise       ; Data_for_register_1:inst2|current_byte[1]                              ;
; 48.627 ; 48.811       ; 0.184          ; Low Pulse Width  ; inst|altpll_component|auto_generated|pll1|clk[0] ; Rise       ; Data_for_register_1:inst2|current_byte[2]                              ;
; 48.627 ; 48.811       ; 0.184          ; Low Pulse Width  ; inst|altpll_component|auto_generated|pll1|clk[0] ; Rise       ; Data_for_register_1:inst2|current_byte[3]                              ;
; 48.627 ; 48.811       ; 0.184          ; Low Pulse Width  ; inst|altpll_component|auto_generated|pll1|clk[0] ; Rise       ; Data_for_register_1:inst2|current_byte[4]                              ;
; 48.627 ; 48.811       ; 0.184          ; Low Pulse Width  ; inst|altpll_component|auto_generated|pll1|clk[0] ; Rise       ; Data_for_register_1:inst2|current_byte[5]                              ;
; 48.627 ; 48.811       ; 0.184          ; Low Pulse Width  ; inst|altpll_component|auto_generated|pll1|clk[0] ; Rise       ; Data_for_register_1:inst2|current_byte[6]                              ;
; 48.627 ; 48.811       ; 0.184          ; Low Pulse Width  ; inst|altpll_component|auto_generated|pll1|clk[0] ; Rise       ; Data_for_register_1:inst2|current_byte[7]                              ;
; 48.627 ; 48.811       ; 0.184          ; Low Pulse Width  ; inst|altpll_component|auto_generated|pll1|clk[0] ; Rise       ; Data_for_register_1:inst2|data_outpin_1                                ;
; 48.627 ; 48.811       ; 0.184          ; Low Pulse Width  ; inst|altpll_component|auto_generated|pll1|clk[0] ; Rise       ; Data_for_register_1:inst2|latch_flag                                   ;
; 48.807 ; 48.807       ; 0.000          ; Low Pulse Width  ; inst|altpll_component|auto_generated|pll1|clk[0] ; Rise       ; inst2|Phase_data_index[0]|clk                                          ;
; 48.807 ; 48.807       ; 0.000          ; Low Pulse Width  ; inst|altpll_component|auto_generated|pll1|clk[0] ; Rise       ; inst2|Phase_data_index[1]|clk                                          ;
; 48.807 ; 48.807       ; 0.000          ; Low Pulse Width  ; inst|altpll_component|auto_generated|pll1|clk[0] ; Rise       ; inst2|Phase_data_index[2]|clk                                          ;
; 48.807 ; 48.807       ; 0.000          ; Low Pulse Width  ; inst|altpll_component|auto_generated|pll1|clk[0] ; Rise       ; inst2|Phase_data_index[3]|clk                                          ;
; 48.807 ; 48.807       ; 0.000          ; Low Pulse Width  ; inst|altpll_component|auto_generated|pll1|clk[0] ; Rise       ; inst2|Phase_data_index[4]|clk                                          ;
; 48.807 ; 48.807       ; 0.000          ; Low Pulse Width  ; inst|altpll_component|auto_generated|pll1|clk[0] ; Rise       ; inst2|Phase_register[0][7]|clk                                         ;
; 48.807 ; 48.807       ; 0.000          ; Low Pulse Width  ; inst|altpll_component|auto_generated|pll1|clk[0] ; Rise       ; inst2|bit_index[0]|clk                                                 ;
; 48.807 ; 48.807       ; 0.000          ; Low Pulse Width  ; inst|altpll_component|auto_generated|pll1|clk[0] ; Rise       ; inst2|bit_index[1]|clk                                                 ;
; 48.807 ; 48.807       ; 0.000          ; Low Pulse Width  ; inst|altpll_component|auto_generated|pll1|clk[0] ; Rise       ; inst2|bit_index[2]|clk                                                 ;
; 48.807 ; 48.807       ; 0.000          ; Low Pulse Width  ; inst|altpll_component|auto_generated|pll1|clk[0] ; Rise       ; inst2|current_byte[0]|clk                                              ;
; 48.807 ; 48.807       ; 0.000          ; Low Pulse Width  ; inst|altpll_component|auto_generated|pll1|clk[0] ; Rise       ; inst2|current_byte[1]|clk                                              ;
; 48.807 ; 48.807       ; 0.000          ; Low Pulse Width  ; inst|altpll_component|auto_generated|pll1|clk[0] ; Rise       ; inst2|current_byte[2]|clk                                              ;
; 48.807 ; 48.807       ; 0.000          ; Low Pulse Width  ; inst|altpll_component|auto_generated|pll1|clk[0] ; Rise       ; inst2|current_byte[3]|clk                                              ;
; 48.807 ; 48.807       ; 0.000          ; Low Pulse Width  ; inst|altpll_component|auto_generated|pll1|clk[0] ; Rise       ; inst2|current_byte[4]|clk                                              ;
; 48.807 ; 48.807       ; 0.000          ; Low Pulse Width  ; inst|altpll_component|auto_generated|pll1|clk[0] ; Rise       ; inst2|current_byte[5]|clk                                              ;
; 48.807 ; 48.807       ; 0.000          ; Low Pulse Width  ; inst|altpll_component|auto_generated|pll1|clk[0] ; Rise       ; inst2|current_byte[6]|clk                                              ;
; 48.807 ; 48.807       ; 0.000          ; Low Pulse Width  ; inst|altpll_component|auto_generated|pll1|clk[0] ; Rise       ; inst2|current_byte[7]|clk                                              ;
; 48.807 ; 48.807       ; 0.000          ; Low Pulse Width  ; inst|altpll_component|auto_generated|pll1|clk[0] ; Rise       ; inst2|data_outpin_1|clk                                                ;
; 48.807 ; 48.807       ; 0.000          ; Low Pulse Width  ; inst|altpll_component|auto_generated|pll1|clk[0] ; Rise       ; inst2|latch_flag|clk                                                   ;
; 48.827 ; 48.827       ; 0.000          ; High Pulse Width ; inst|altpll_component|auto_generated|pll1|clk[0] ; Rise       ; inst|altpll_component|auto_generated|wire_pll1_clk[0]~clkctrl|inclk[0] ;
; 48.827 ; 48.827       ; 0.000          ; High Pulse Width ; inst|altpll_component|auto_generated|pll1|clk[0] ; Rise       ; inst|altpll_component|auto_generated|wire_pll1_clk[0]~clkctrl|outclk   ;
; 48.829 ; 48.829       ; 0.000          ; Low Pulse Width  ; inst|altpll_component|auto_generated|pll1|clk[0] ; Rise       ; inst|altpll_component|auto_generated|wire_pll1_clk[0]~clkctrl|inclk[0] ;
; 48.829 ; 48.829       ; 0.000          ; Low Pulse Width  ; inst|altpll_component|auto_generated|pll1|clk[0] ; Rise       ; inst|altpll_component|auto_generated|wire_pll1_clk[0]~clkctrl|outclk   ;
; 48.848 ; 48.848       ; 0.000          ; High Pulse Width ; inst|altpll_component|auto_generated|pll1|clk[0] ; Rise       ; inst2|Phase_data_index[0]|clk                                          ;
; 48.848 ; 48.848       ; 0.000          ; High Pulse Width ; inst|altpll_component|auto_generated|pll1|clk[0] ; Rise       ; inst2|Phase_data_index[1]|clk                                          ;
; 48.848 ; 48.848       ; 0.000          ; High Pulse Width ; inst|altpll_component|auto_generated|pll1|clk[0] ; Rise       ; inst2|Phase_data_index[2]|clk                                          ;
; 48.848 ; 48.848       ; 0.000          ; High Pulse Width ; inst|altpll_component|auto_generated|pll1|clk[0] ; Rise       ; inst2|Phase_data_index[3]|clk                                          ;
; 48.848 ; 48.848       ; 0.000          ; High Pulse Width ; inst|altpll_component|auto_generated|pll1|clk[0] ; Rise       ; inst2|Phase_data_index[4]|clk                                          ;
; 48.848 ; 48.848       ; 0.000          ; High Pulse Width ; inst|altpll_component|auto_generated|pll1|clk[0] ; Rise       ; inst2|Phase_register[0][7]|clk                                         ;
; 48.848 ; 48.848       ; 0.000          ; High Pulse Width ; inst|altpll_component|auto_generated|pll1|clk[0] ; Rise       ; inst2|bit_index[0]|clk                                                 ;
; 48.848 ; 48.848       ; 0.000          ; High Pulse Width ; inst|altpll_component|auto_generated|pll1|clk[0] ; Rise       ; inst2|bit_index[1]|clk                                                 ;
; 48.848 ; 48.848       ; 0.000          ; High Pulse Width ; inst|altpll_component|auto_generated|pll1|clk[0] ; Rise       ; inst2|bit_index[2]|clk                                                 ;
; 48.848 ; 48.848       ; 0.000          ; High Pulse Width ; inst|altpll_component|auto_generated|pll1|clk[0] ; Rise       ; inst2|current_byte[0]|clk                                              ;
; 48.848 ; 48.848       ; 0.000          ; High Pulse Width ; inst|altpll_component|auto_generated|pll1|clk[0] ; Rise       ; inst2|current_byte[1]|clk                                              ;
; 48.848 ; 48.848       ; 0.000          ; High Pulse Width ; inst|altpll_component|auto_generated|pll1|clk[0] ; Rise       ; inst2|current_byte[2]|clk                                              ;
; 48.848 ; 48.848       ; 0.000          ; High Pulse Width ; inst|altpll_component|auto_generated|pll1|clk[0] ; Rise       ; inst2|current_byte[3]|clk                                              ;
; 48.848 ; 48.848       ; 0.000          ; High Pulse Width ; inst|altpll_component|auto_generated|pll1|clk[0] ; Rise       ; inst2|current_byte[4]|clk                                              ;
; 48.848 ; 48.848       ; 0.000          ; High Pulse Width ; inst|altpll_component|auto_generated|pll1|clk[0] ; Rise       ; inst2|current_byte[5]|clk                                              ;
; 48.848 ; 48.848       ; 0.000          ; High Pulse Width ; inst|altpll_component|auto_generated|pll1|clk[0] ; Rise       ; inst2|current_byte[6]|clk                                              ;
; 48.848 ; 48.848       ; 0.000          ; High Pulse Width ; inst|altpll_component|auto_generated|pll1|clk[0] ; Rise       ; inst2|current_byte[7]|clk                                              ;
; 48.848 ; 48.848       ; 0.000          ; High Pulse Width ; inst|altpll_component|auto_generated|pll1|clk[0] ; Rise       ; inst2|data_outpin_1|clk                                                ;
; 48.848 ; 48.848       ; 0.000          ; High Pulse Width ; inst|altpll_component|auto_generated|pll1|clk[0] ; Rise       ; inst2|latch_flag|clk                                                   ;
; 95.656 ; 97.656       ; 2.000          ; Min Period       ; inst|altpll_component|auto_generated|pll1|clk[0] ; Rise       ; Data_for_register_1:inst2|Phase_data_index[0]                          ;
; 95.656 ; 97.656       ; 2.000          ; Min Period       ; inst|altpll_component|auto_generated|pll1|clk[0] ; Rise       ; Data_for_register_1:inst2|Phase_data_index[1]                          ;
; 95.656 ; 97.656       ; 2.000          ; Min Period       ; inst|altpll_component|auto_generated|pll1|clk[0] ; Rise       ; Data_for_register_1:inst2|Phase_data_index[2]                          ;
; 95.656 ; 97.656       ; 2.000          ; Min Period       ; inst|altpll_component|auto_generated|pll1|clk[0] ; Rise       ; Data_for_register_1:inst2|Phase_data_index[3]                          ;
; 95.656 ; 97.656       ; 2.000          ; Min Period       ; inst|altpll_component|auto_generated|pll1|clk[0] ; Rise       ; Data_for_register_1:inst2|Phase_data_index[4]                          ;
; 95.656 ; 97.656       ; 2.000          ; Min Period       ; inst|altpll_component|auto_generated|pll1|clk[0] ; Rise       ; Data_for_register_1:inst2|Phase_register[0][7]                         ;
; 95.656 ; 97.656       ; 2.000          ; Min Period       ; inst|altpll_component|auto_generated|pll1|clk[0] ; Rise       ; Data_for_register_1:inst2|bit_index[0]                                 ;
; 95.656 ; 97.656       ; 2.000          ; Min Period       ; inst|altpll_component|auto_generated|pll1|clk[0] ; Rise       ; Data_for_register_1:inst2|bit_index[1]                                 ;
; 95.656 ; 97.656       ; 2.000          ; Min Period       ; inst|altpll_component|auto_generated|pll1|clk[0] ; Rise       ; Data_for_register_1:inst2|bit_index[2]                                 ;
; 95.656 ; 97.656       ; 2.000          ; Min Period       ; inst|altpll_component|auto_generated|pll1|clk[0] ; Rise       ; Data_for_register_1:inst2|current_byte[0]                              ;
; 95.656 ; 97.656       ; 2.000          ; Min Period       ; inst|altpll_component|auto_generated|pll1|clk[0] ; Rise       ; Data_for_register_1:inst2|current_byte[1]                              ;
; 95.656 ; 97.656       ; 2.000          ; Min Period       ; inst|altpll_component|auto_generated|pll1|clk[0] ; Rise       ; Data_for_register_1:inst2|current_byte[2]                              ;
; 95.656 ; 97.656       ; 2.000          ; Min Period       ; inst|altpll_component|auto_generated|pll1|clk[0] ; Rise       ; Data_for_register_1:inst2|current_byte[3]                              ;
; 95.656 ; 97.656       ; 2.000          ; Min Period       ; inst|altpll_component|auto_generated|pll1|clk[0] ; Rise       ; Data_for_register_1:inst2|current_byte[4]                              ;
; 95.656 ; 97.656       ; 2.000          ; Min Period       ; inst|altpll_component|auto_generated|pll1|clk[0] ; Rise       ; Data_for_register_1:inst2|current_byte[5]                              ;
; 95.656 ; 97.656       ; 2.000          ; Min Period       ; inst|altpll_component|auto_generated|pll1|clk[0] ; Rise       ; Data_for_register_1:inst2|current_byte[6]                              ;
; 95.656 ; 97.656       ; 2.000          ; Min Period       ; inst|altpll_component|auto_generated|pll1|clk[0] ; Rise       ; Data_for_register_1:inst2|current_byte[7]                              ;
; 95.656 ; 97.656       ; 2.000          ; Min Period       ; inst|altpll_component|auto_generated|pll1|clk[0] ; Rise       ; Data_for_register_1:inst2|data_outpin_1                                ;
; 95.656 ; 97.656       ; 2.000          ; Min Period       ; inst|altpll_component|auto_generated|pll1|clk[0] ; Rise       ; Data_for_register_1:inst2|latch_flag                                   ;
+--------+--------------+----------------+------------------+--------------------------------------------------+------------+------------------------------------------------------------------------+


+---------------------------------------------------------------------------------------------------------+
; Clock to Output Times                                                                                   ;
+------------+------------+-------+-------+------------+--------------------------------------------------+
; Data Port  ; Clock Port ; Rise  ; Fall  ; Clock Edge ; Clock Reference                                  ;
+------------+------------+-------+-------+------------+--------------------------------------------------+
; DataPin    ; BasicClock ; 2.814 ; 2.950 ; Rise       ; inst|altpll_component|auto_generated|pll1|clk[0] ;
; LatchClock ; BasicClock ; 2.212 ; 2.289 ; Rise       ; inst|altpll_component|auto_generated|pll1|clk[0] ;
; ShiftClock ; BasicClock ; 1.524 ;       ; Rise       ; inst|altpll_component|auto_generated|pll1|clk[0] ;
; ShiftClock ; BasicClock ;       ; 1.568 ; Fall       ; inst|altpll_component|auto_generated|pll1|clk[0] ;
+------------+------------+-------+-------+------------+--------------------------------------------------+


+---------------------------------------------------------------------------------------------------------+
; Minimum Clock to Output Times                                                                           ;
+------------+------------+-------+-------+------------+--------------------------------------------------+
; Data Port  ; Clock Port ; Rise  ; Fall  ; Clock Edge ; Clock Reference                                  ;
+------------+------------+-------+-------+------------+--------------------------------------------------+
; DataPin    ; BasicClock ; 2.525 ; 2.656 ; Rise       ; inst|altpll_component|auto_generated|pll1|clk[0] ;
; LatchClock ; BasicClock ; 1.948 ; 2.022 ; Rise       ; inst|altpll_component|auto_generated|pll1|clk[0] ;
; ShiftClock ; BasicClock ; 1.294 ;       ; Rise       ; inst|altpll_component|auto_generated|pll1|clk[0] ;
; ShiftClock ; BasicClock ;       ; 1.336 ; Fall       ; inst|altpll_component|auto_generated|pll1|clk[0] ;
+------------+------------+-------+-------+------------+--------------------------------------------------+


---------------------------------------------
; Fast 1200mV 0C Model Metastability Report ;
---------------------------------------------
No synchronizer chains to report.


+---------------------------------------------------------------------------------------------------------------+
; Multicorner Timing Analysis Summary                                                                           ;
+---------------------------------------------------+--------+-------+----------+---------+---------------------+
; Clock                                             ; Setup  ; Hold  ; Recovery ; Removal ; Minimum Pulse Width ;
+---------------------------------------------------+--------+-------+----------+---------+---------------------+
; Worst-case Slack                                  ; 95.230 ; 0.186 ; N/A      ; N/A     ; 9.594               ;
;  BasicClock                                       ; N/A    ; N/A   ; N/A      ; N/A     ; 9.594               ;
;  inst|altpll_component|auto_generated|pll1|clk[0] ; 95.230 ; 0.186 ; N/A      ; N/A     ; 48.589              ;
; Design-wide TNS                                   ; 0.0    ; 0.0   ; 0.0      ; 0.0     ; 0.0                 ;
;  BasicClock                                       ; N/A    ; N/A   ; N/A      ; N/A     ; 0.000               ;
;  inst|altpll_component|auto_generated|pll1|clk[0] ; 0.000  ; 0.000 ; N/A      ; N/A     ; 0.000               ;
+---------------------------------------------------+--------+-------+----------+---------+---------------------+


+---------------------------------------------------------------------------------------------------------+
; Clock to Output Times                                                                                   ;
+------------+------------+-------+-------+------------+--------------------------------------------------+
; Data Port  ; Clock Port ; Rise  ; Fall  ; Clock Edge ; Clock Reference                                  ;
+------------+------------+-------+-------+------------+--------------------------------------------------+
; DataPin    ; BasicClock ; 4.801 ; 4.841 ; Rise       ; inst|altpll_component|auto_generated|pll1|clk[0] ;
; LatchClock ; BasicClock ; 3.786 ; 3.811 ; Rise       ; inst|altpll_component|auto_generated|pll1|clk[0] ;
; ShiftClock ; BasicClock ; 2.520 ;       ; Rise       ; inst|altpll_component|auto_generated|pll1|clk[0] ;
; ShiftClock ; BasicClock ;       ; 2.534 ; Fall       ; inst|altpll_component|auto_generated|pll1|clk[0] ;
+------------+------------+-------+-------+------------+--------------------------------------------------+


+---------------------------------------------------------------------------------------------------------+
; Minimum Clock to Output Times                                                                           ;
+------------+------------+-------+-------+------------+--------------------------------------------------+
; Data Port  ; Clock Port ; Rise  ; Fall  ; Clock Edge ; Clock Reference                                  ;
+------------+------------+-------+-------+------------+--------------------------------------------------+
; DataPin    ; BasicClock ; 2.525 ; 2.656 ; Rise       ; inst|altpll_component|auto_generated|pll1|clk[0] ;
; LatchClock ; BasicClock ; 1.948 ; 2.022 ; Rise       ; inst|altpll_component|auto_generated|pll1|clk[0] ;
; ShiftClock ; BasicClock ; 1.294 ;       ; Rise       ; inst|altpll_component|auto_generated|pll1|clk[0] ;
; ShiftClock ; BasicClock ;       ; 1.336 ; Fall       ; inst|altpll_component|auto_generated|pll1|clk[0] ;
+------------+------------+-------+-------+------------+--------------------------------------------------+


+------------------------------------------------------------------------------------------------------------------------------------------------------------------------------------------------------------------------------------------------------------------------------------------------------------------------------------------------------------------------------------------------------------------+
; Board Trace Model Assignments                                                                                                                                                                                                                                                                                                                                                                                    ;
+---------------+--------------+-------------------+-------------------------+-------------------------+---------------+---------------------+----------------+------------------+--------+------------------+------------------------+------------------------+--------------+---------------+-----------------+-------+---------------------+--------------------+---------------+-----------------+-------------+
; Pin           ; I/O Standard ; Near Tline Length ; Near Tline L per Length ; Near Tline C per Length ; Near Series R ; Near Differential R ; Near Pull-up R ; Near Pull-down R ; Near C ; Far Tline Length ; Far Tline L per Length ; Far Tline C per Length ; Far Series R ; Far Pull-up R ; Far Pull-down R ; Far C ; Termination Voltage ; Far Differential R ; EBD File Name ; EBD Signal Name ; EBD Far-end ;
+---------------+--------------+-------------------+-------------------------+-------------------------+---------------+---------------------+----------------+------------------+--------+------------------+------------------------+------------------------+--------------+---------------+-----------------+-------+---------------------+--------------------+---------------+-----------------+-------------+
; DataPin       ; 2.5 V        ; 0 in              ; 0 H/in                  ; 0 F/in                  ; short         ; -                   ; open           ; open             ; open   ; 0 in             ; 0 H/in                 ; 0 F/in                 ; short        ; open          ; open            ; open  ; 0 V                 ; -                  ; n/a           ; n/a             ; n/a         ;
; LatchClock    ; 2.5 V        ; 0 in              ; 0 H/in                  ; 0 F/in                  ; short         ; -                   ; open           ; open             ; open   ; 0 in             ; 0 H/in                 ; 0 F/in                 ; short        ; open          ; open            ; open  ; 0 V                 ; -                  ; n/a           ; n/a             ; n/a         ;
; ShiftClock    ; 2.5 V        ; 0 in              ; 0 H/in                  ; 0 F/in                  ; short         ; -                   ; open           ; open             ; open   ; 0 in             ; 0 H/in                 ; 0 F/in                 ; short        ; open          ; open            ; open  ; 0 V                 ; -                  ; n/a           ; n/a             ; n/a         ;
; ~ALTERA_DCLK~ ; 2.5 V        ; 0 in              ; 0 H/in                  ; 0 F/in                  ; short         ; -                   ; open           ; open             ; open   ; 0 in             ; 0 H/in                 ; 0 F/in                 ; short        ; open          ; open            ; open  ; 0 V                 ; -                  ; n/a           ; n/a             ; n/a         ;
; ~ALTERA_nCEO~ ; 2.5 V        ; 0 in              ; 0 H/in                  ; 0 F/in                  ; short         ; -                   ; open           ; open             ; open   ; 0 in             ; 0 H/in                 ; 0 F/in                 ; short        ; open          ; open            ; open  ; 0 V                 ; -                  ; n/a           ; n/a             ; n/a         ;
+---------------+--------------+-------------------+-------------------------+-------------------------+---------------+---------------------+----------------+------------------+--------+------------------+------------------------+------------------------+--------------+---------------+-----------------+-------+---------------------+--------------------+---------------+-----------------+-------------+


+----------------------------------------------------------------------------+
; Input Transition Times                                                     ;
+-------------------------+--------------+-----------------+-----------------+
; Pin                     ; I/O Standard ; 10-90 Rise Time ; 90-10 Fall Time ;
+-------------------------+--------------+-----------------+-----------------+
; BasicClock              ; 2.5 V        ; 2000 ps         ; 2000 ps         ;
; ~ALTERA_ASDO_DATA1~     ; 2.5 V        ; 2000 ps         ; 2000 ps         ;
; ~ALTERA_FLASH_nCE_nCSO~ ; 2.5 V        ; 2000 ps         ; 2000 ps         ;
; ~ALTERA_DATA0~          ; 2.5 V        ; 2000 ps         ; 2000 ps         ;
+-------------------------+--------------+-----------------+-----------------+


+--------------------------------------------------------------------------------------------------------------------------------------------------------------------------------------------------------------------------------------------------------------------------------------------------------------------------------------------------------------------------------------------------------------------------------------------------------------------------------------------------------------------------------------------------------------------------------------------------------------------------------------------------------------------------------------------+
; Signal Integrity Metrics (Slow 1200mv 0c Model)                                                                                                                                                                                                                                                                                                                                                                                                                                                                                                                                                                                                                                            ;
+---------------+--------------+---------------------+---------------------+------------------------------+------------------------------+---------------------+---------------------+--------------------------------------+--------------------------------------+-----------------------------+-----------------------------+----------------------------+----------------------------+-----------------------------+-----------------------------+--------------------+--------------------+-------------------------------------+-------------------------------------+----------------------------+----------------------------+---------------------------+---------------------------+
; Pin           ; I/O Standard ; Board Delay on Rise ; Board Delay on Fall ; Steady State Voh at FPGA Pin ; Steady State Vol at FPGA Pin ; Voh Max at FPGA Pin ; Vol Min at FPGA Pin ; Ringback Voltage on Rise at FPGA Pin ; Ringback Voltage on Fall at FPGA Pin ; 10-90 Rise Time at FPGA Pin ; 90-10 Fall Time at FPGA Pin ; Monotonic Rise at FPGA Pin ; Monotonic Fall at FPGA Pin ; Steady State Voh at Far-end ; Steady State Vol at Far-end ; Voh Max at Far-end ; Vol Min at Far-end ; Ringback Voltage on Rise at Far-end ; Ringback Voltage on Fall at Far-end ; 10-90 Rise Time at Far-end ; 90-10 Fall Time at Far-end ; Monotonic Rise at Far-end ; Monotonic Fall at Far-end ;
+---------------+--------------+---------------------+---------------------+------------------------------+------------------------------+---------------------+---------------------+--------------------------------------+--------------------------------------+-----------------------------+-----------------------------+----------------------------+----------------------------+-----------------------------+-----------------------------+--------------------+--------------------+-------------------------------------+-------------------------------------+----------------------------+----------------------------+---------------------------+---------------------------+
; DataPin       ; 2.5 V        ; 0 s                 ; 0 s                 ; 2.32 V                       ; 4.44e-09 V                   ; 2.39 V              ; -0.0265 V           ; 0.2 V                                ; 0.033 V                              ; 2.94e-10 s                  ; 3.12e-10 s                  ; Yes                        ; Yes                        ; 2.32 V                      ; 4.44e-09 V                  ; 2.39 V             ; -0.0265 V          ; 0.2 V                               ; 0.033 V                             ; 2.94e-10 s                 ; 3.12e-10 s                 ; Yes                       ; Yes                       ;
; LatchClock    ; 2.5 V        ; 0 s                 ; 0 s                 ; 2.32 V                       ; 4.44e-09 V                   ; 2.39 V              ; -0.0265 V           ; 0.2 V                                ; 0.033 V                              ; 2.94e-10 s                  ; 3.12e-10 s                  ; Yes                        ; Yes                        ; 2.32 V                      ; 4.44e-09 V                  ; 2.39 V             ; -0.0265 V          ; 0.2 V                               ; 0.033 V                             ; 2.94e-10 s                 ; 3.12e-10 s                 ; Yes                       ; Yes                       ;
; ShiftClock    ; 2.5 V        ; 0 s                 ; 0 s                 ; 2.32 V                       ; 4.44e-09 V                   ; 2.39 V              ; -0.0265 V           ; 0.2 V                                ; 0.033 V                              ; 2.94e-10 s                  ; 3.12e-10 s                  ; Yes                        ; Yes                        ; 2.32 V                      ; 4.44e-09 V                  ; 2.39 V             ; -0.0265 V          ; 0.2 V                               ; 0.033 V                             ; 2.94e-10 s                 ; 3.12e-10 s                 ; Yes                       ; Yes                       ;
; ~ALTERA_DCLK~ ; 2.5 V        ; 0 s                 ; 0 s                 ; 2.32 V                       ; 3.45e-09 V                   ; 2.38 V              ; -0.0609 V           ; 0.148 V                              ; 0.095 V                              ; 2.82e-10 s                  ; 2.59e-10 s                  ; Yes                        ; Yes                        ; 2.32 V                      ; 3.45e-09 V                  ; 2.38 V             ; -0.0609 V          ; 0.148 V                             ; 0.095 V                             ; 2.82e-10 s                 ; 2.59e-10 s                 ; Yes                       ; Yes                       ;
; ~ALTERA_nCEO~ ; 2.5 V        ; 0 s                 ; 0 s                 ; 2.32 V                       ; 5.61e-09 V                   ; 2.38 V              ; -0.00274 V          ; 0.141 V                              ; 0.006 V                              ; 4.7e-10 s                   ; 6.02e-10 s                  ; Yes                        ; Yes                        ; 2.32 V                      ; 5.61e-09 V                  ; 2.38 V             ; -0.00274 V         ; 0.141 V                             ; 0.006 V                             ; 4.7e-10 s                  ; 6.02e-10 s                 ; Yes                       ; Yes                       ;
+---------------+--------------+---------------------+---------------------+------------------------------+------------------------------+---------------------+---------------------+--------------------------------------+--------------------------------------+-----------------------------+-----------------------------+----------------------------+----------------------------+-----------------------------+-----------------------------+--------------------+--------------------+-------------------------------------+-------------------------------------+----------------------------+----------------------------+---------------------------+---------------------------+


+--------------------------------------------------------------------------------------------------------------------------------------------------------------------------------------------------------------------------------------------------------------------------------------------------------------------------------------------------------------------------------------------------------------------------------------------------------------------------------------------------------------------------------------------------------------------------------------------------------------------------------------------------------------------------------------------+
; Signal Integrity Metrics (Slow 1200mv 85c Model)                                                                                                                                                                                                                                                                                                                                                                                                                                                                                                                                                                                                                                           ;
+---------------+--------------+---------------------+---------------------+------------------------------+------------------------------+---------------------+---------------------+--------------------------------------+--------------------------------------+-----------------------------+-----------------------------+----------------------------+----------------------------+-----------------------------+-----------------------------+--------------------+--------------------+-------------------------------------+-------------------------------------+----------------------------+----------------------------+---------------------------+---------------------------+
; Pin           ; I/O Standard ; Board Delay on Rise ; Board Delay on Fall ; Steady State Voh at FPGA Pin ; Steady State Vol at FPGA Pin ; Voh Max at FPGA Pin ; Vol Min at FPGA Pin ; Ringback Voltage on Rise at FPGA Pin ; Ringback Voltage on Fall at FPGA Pin ; 10-90 Rise Time at FPGA Pin ; 90-10 Fall Time at FPGA Pin ; Monotonic Rise at FPGA Pin ; Monotonic Fall at FPGA Pin ; Steady State Voh at Far-end ; Steady State Vol at Far-end ; Voh Max at Far-end ; Vol Min at Far-end ; Ringback Voltage on Rise at Far-end ; Ringback Voltage on Fall at Far-end ; 10-90 Rise Time at Far-end ; 90-10 Fall Time at Far-end ; Monotonic Rise at Far-end ; Monotonic Fall at Far-end ;
+---------------+--------------+---------------------+---------------------+------------------------------+------------------------------+---------------------+---------------------+--------------------------------------+--------------------------------------+-----------------------------+-----------------------------+----------------------------+----------------------------+-----------------------------+-----------------------------+--------------------+--------------------+-------------------------------------+-------------------------------------+----------------------------+----------------------------+---------------------------+---------------------------+
; DataPin       ; 2.5 V        ; 0 s                 ; 0 s                 ; 2.32 V                       ; 7.16e-07 V                   ; 2.36 V              ; -0.00476 V          ; 0.096 V                              ; 0.013 V                              ; 4.39e-10 s                  ; 4.15e-10 s                  ; Yes                        ; Yes                        ; 2.32 V                      ; 7.16e-07 V                  ; 2.36 V             ; -0.00476 V         ; 0.096 V                             ; 0.013 V                             ; 4.39e-10 s                 ; 4.15e-10 s                 ; Yes                       ; Yes                       ;
; LatchClock    ; 2.5 V        ; 0 s                 ; 0 s                 ; 2.32 V                       ; 7.16e-07 V                   ; 2.36 V              ; -0.00476 V          ; 0.096 V                              ; 0.013 V                              ; 4.39e-10 s                  ; 4.15e-10 s                  ; Yes                        ; Yes                        ; 2.32 V                      ; 7.16e-07 V                  ; 2.36 V             ; -0.00476 V         ; 0.096 V                             ; 0.013 V                             ; 4.39e-10 s                 ; 4.15e-10 s                 ; Yes                       ; Yes                       ;
; ShiftClock    ; 2.5 V        ; 0 s                 ; 0 s                 ; 2.32 V                       ; 7.16e-07 V                   ; 2.36 V              ; -0.00476 V          ; 0.096 V                              ; 0.013 V                              ; 4.39e-10 s                  ; 4.15e-10 s                  ; Yes                        ; Yes                        ; 2.32 V                      ; 7.16e-07 V                  ; 2.36 V             ; -0.00476 V         ; 0.096 V                             ; 0.013 V                             ; 4.39e-10 s                 ; 4.15e-10 s                 ; Yes                       ; Yes                       ;
; ~ALTERA_DCLK~ ; 2.5 V        ; 0 s                 ; 0 s                 ; 2.32 V                       ; 5.74e-07 V                   ; 2.36 V              ; -0.0201 V           ; 0.072 V                              ; 0.033 V                              ; 4.04e-10 s                  ; 3.29e-10 s                  ; Yes                        ; Yes                        ; 2.32 V                      ; 5.74e-07 V                  ; 2.36 V             ; -0.0201 V          ; 0.072 V                             ; 0.033 V                             ; 4.04e-10 s                 ; 3.29e-10 s                 ; Yes                       ; Yes                       ;
; ~ALTERA_nCEO~ ; 2.5 V        ; 0 s                 ; 0 s                 ; 2.32 V                       ; 9.45e-07 V                   ; 2.35 V              ; -0.00643 V          ; 0.081 V                              ; 0.031 V                              ; 5.31e-10 s                  ; 7.59e-10 s                  ; Yes                        ; Yes                        ; 2.32 V                      ; 9.45e-07 V                  ; 2.35 V             ; -0.00643 V         ; 0.081 V                             ; 0.031 V                             ; 5.31e-10 s                 ; 7.59e-10 s                 ; Yes                       ; Yes                       ;
+---------------+--------------+---------------------+---------------------+------------------------------+------------------------------+---------------------+---------------------+--------------------------------------+--------------------------------------+-----------------------------+-----------------------------+----------------------------+----------------------------+-----------------------------+-----------------------------+--------------------+--------------------+-------------------------------------+-------------------------------------+----------------------------+----------------------------+---------------------------+---------------------------+


+--------------------------------------------------------------------------------------------------------------------------------------------------------------------------------------------------------------------------------------------------------------------------------------------------------------------------------------------------------------------------------------------------------------------------------------------------------------------------------------------------------------------------------------------------------------------------------------------------------------------------------------------------------------------------------------------+
; Signal Integrity Metrics (Fast 1200mv 0c Model)                                                                                                                                                                                                                                                                                                                                                                                                                                                                                                                                                                                                                                            ;
+---------------+--------------+---------------------+---------------------+------------------------------+------------------------------+---------------------+---------------------+--------------------------------------+--------------------------------------+-----------------------------+-----------------------------+----------------------------+----------------------------+-----------------------------+-----------------------------+--------------------+--------------------+-------------------------------------+-------------------------------------+----------------------------+----------------------------+---------------------------+---------------------------+
; Pin           ; I/O Standard ; Board Delay on Rise ; Board Delay on Fall ; Steady State Voh at FPGA Pin ; Steady State Vol at FPGA Pin ; Voh Max at FPGA Pin ; Vol Min at FPGA Pin ; Ringback Voltage on Rise at FPGA Pin ; Ringback Voltage on Fall at FPGA Pin ; 10-90 Rise Time at FPGA Pin ; 90-10 Fall Time at FPGA Pin ; Monotonic Rise at FPGA Pin ; Monotonic Fall at FPGA Pin ; Steady State Voh at Far-end ; Steady State Vol at Far-end ; Voh Max at Far-end ; Vol Min at Far-end ; Ringback Voltage on Rise at Far-end ; Ringback Voltage on Fall at Far-end ; 10-90 Rise Time at Far-end ; 90-10 Fall Time at Far-end ; Monotonic Rise at Far-end ; Monotonic Fall at Far-end ;
+---------------+--------------+---------------------+---------------------+------------------------------+------------------------------+---------------------+---------------------+--------------------------------------+--------------------------------------+-----------------------------+-----------------------------+----------------------------+----------------------------+-----------------------------+-----------------------------+--------------------+--------------------+-------------------------------------+-------------------------------------+----------------------------+----------------------------+---------------------------+---------------------------+
; DataPin       ; 2.5 V        ; 0 s                 ; 0 s                 ; 2.62 V                       ; 2.74e-08 V                   ; 2.73 V              ; -0.0384 V           ; 0.169 V                              ; 0.089 V                              ; 2.7e-10 s                   ; 2.62e-10 s                  ; Yes                        ; Yes                        ; 2.62 V                      ; 2.74e-08 V                  ; 2.73 V             ; -0.0384 V          ; 0.169 V                             ; 0.089 V                             ; 2.7e-10 s                  ; 2.62e-10 s                 ; Yes                       ; Yes                       ;
; LatchClock    ; 2.5 V        ; 0 s                 ; 0 s                 ; 2.62 V                       ; 2.74e-08 V                   ; 2.73 V              ; -0.0384 V           ; 0.169 V                              ; 0.089 V                              ; 2.7e-10 s                   ; 2.62e-10 s                  ; Yes                        ; Yes                        ; 2.62 V                      ; 2.74e-08 V                  ; 2.73 V             ; -0.0384 V          ; 0.169 V                             ; 0.089 V                             ; 2.7e-10 s                  ; 2.62e-10 s                 ; Yes                       ; Yes                       ;
; ShiftClock    ; 2.5 V        ; 0 s                 ; 0 s                 ; 2.62 V                       ; 2.74e-08 V                   ; 2.73 V              ; -0.0384 V           ; 0.169 V                              ; 0.089 V                              ; 2.7e-10 s                   ; 2.62e-10 s                  ; Yes                        ; Yes                        ; 2.62 V                      ; 2.74e-08 V                  ; 2.73 V             ; -0.0384 V          ; 0.169 V                             ; 0.089 V                             ; 2.7e-10 s                  ; 2.62e-10 s                 ; Yes                       ; Yes                       ;
; ~ALTERA_DCLK~ ; 2.5 V        ; 0 s                 ; 0 s                 ; 2.62 V                       ; 2.22e-08 V                   ; 2.74 V              ; -0.06 V             ; 0.158 V                              ; 0.08 V                               ; 2.68e-10 s                  ; 2.19e-10 s                  ; Yes                        ; Yes                        ; 2.62 V                      ; 2.22e-08 V                  ; 2.74 V             ; -0.06 V            ; 0.158 V                             ; 0.08 V                              ; 2.68e-10 s                 ; 2.19e-10 s                 ; Yes                       ; Yes                       ;
; ~ALTERA_nCEO~ ; 2.5 V        ; 0 s                 ; 0 s                 ; 2.62 V                       ; 3.54e-08 V                   ; 2.7 V               ; -0.00943 V          ; 0.276 V                              ; 0.035 V                              ; 3.19e-10 s                  ; 4.99e-10 s                  ; No                         ; Yes                        ; 2.62 V                      ; 3.54e-08 V                  ; 2.7 V              ; -0.00943 V         ; 0.276 V                             ; 0.035 V                             ; 3.19e-10 s                 ; 4.99e-10 s                 ; No                        ; Yes                       ;
+---------------+--------------+---------------------+---------------------+------------------------------+------------------------------+---------------------+---------------------+--------------------------------------+--------------------------------------+-----------------------------+-----------------------------+----------------------------+----------------------------+-----------------------------+-----------------------------+--------------------+--------------------+-------------------------------------+-------------------------------------+----------------------------+----------------------------+---------------------------+---------------------------+


+-------------------------------------------------------------------------------------------------------------------------------------------------+
; Setup Transfers                                                                                                                                 ;
+--------------------------------------------------+--------------------------------------------------+----------+----------+----------+----------+
; From Clock                                       ; To Clock                                         ; RR Paths ; FR Paths ; RF Paths ; FF Paths ;
+--------------------------------------------------+--------------------------------------------------+----------+----------+----------+----------+
; inst|altpll_component|auto_generated|pll1|clk[0] ; inst|altpll_component|auto_generated|pll1|clk[0] ; 103      ; 0        ; 0        ; 0        ;
+--------------------------------------------------+--------------------------------------------------+----------+----------+----------+----------+
Entries labeled "false path" only account for clock-to-clock false paths and not path-based false paths. As a result, actual path counts may be lower than reported.


+-------------------------------------------------------------------------------------------------------------------------------------------------+
; Hold Transfers                                                                                                                                  ;
+--------------------------------------------------+--------------------------------------------------+----------+----------+----------+----------+
; From Clock                                       ; To Clock                                         ; RR Paths ; FR Paths ; RF Paths ; FF Paths ;
+--------------------------------------------------+--------------------------------------------------+----------+----------+----------+----------+
; inst|altpll_component|auto_generated|pll1|clk[0] ; inst|altpll_component|auto_generated|pll1|clk[0] ; 103      ; 0        ; 0        ; 0        ;
+--------------------------------------------------+--------------------------------------------------+----------+----------+----------+----------+
Entries labeled "false path" only account for clock-to-clock false paths and not path-based false paths. As a result, actual path counts may be lower than reported.


---------------
; Report TCCS ;
---------------
No dedicated SERDES Transmitter circuitry present in device or used in design


---------------
; Report RSKM ;
---------------
No non-DPA dedicated SERDES Receiver circuitry present in device or used in design


+------------------------------------------------+
; Unconstrained Paths                            ;
+---------------------------------+-------+------+
; Property                        ; Setup ; Hold ;
+---------------------------------+-------+------+
; Illegal Clocks                  ; 0     ; 0    ;
; Unconstrained Clocks            ; 0     ; 0    ;
; Unconstrained Input Ports       ; 0     ; 0    ;
; Unconstrained Input Port Paths  ; 0     ; 0    ;
; Unconstrained Output Ports      ; 3     ; 3    ;
; Unconstrained Output Port Paths ; 3     ; 3    ;
+---------------------------------+-------+------+


+------------------------------------+
; TimeQuest Timing Analyzer Messages ;
+------------------------------------+
Info: *******************************************************************
Info: Running Quartus II 64-Bit TimeQuest Timing Analyzer
    Info: Version 13.1.0 Build 162 10/23/2013 SJ Web Edition
    Info: Processing started: Sat Aug 03 18:05:33 2024
Info: Command: quartus_sta SonicBoard_ver8 -c SonicBoard_ver8
Info: qsta_default_script.tcl version: #1
Info (20030): Parallel compilation is enabled and will use 6 of the 6 processors detected
Info (21077): Core supply voltage is 1.2V
Info (21077): Low junction temperature is 0 degrees C
Info (21077): High junction temperature is 85 degrees C
Critical Warning (332012): Synopsys Design Constraints File file not found: 'SonicBoard_ver8.sdc'. A Synopsys Design Constraints File is required by the TimeQuest Timing Analyzer to get proper timing constraints. Without it, the Compiler will not properly optimize the design.
Info (332142): No user constrained generated clocks found in the design. Calling "derive_pll_clocks -create_base_clocks"
Info (332110): Deriving PLL clocks
    Info (332110): create_clock -period 20.000 -waveform {0.000 10.000} -name BasicClock BasicClock
    Info (332110): create_generated_clock -source {inst|altpll_component|auto_generated|pll1|inclk[0]} -divide_by 625 -multiply_by 128 -duty_cycle 50.00 -name {inst|altpll_component|auto_generated|pll1|clk[0]} {inst|altpll_component|auto_generated|pll1|clk[0]}
Info (332142): No user constrained base clocks found in the design. Calling "derive_clocks -period 1.0"
Info (332096): The command derive_clocks did not find any clocks to derive.  No clocks were created or changed.
Info (332143): No user constrained clock uncertainty found in the design. Calling "derive_clock_uncertainty"
Info (332123): Deriving Clock Uncertainty. Please refer to report_sdc in TimeQuest to see clock uncertainties.
Info: Found TIMEQUEST_REPORT_SCRIPT_INCLUDE_DEFAULT_ANALYSIS = ON
Info: Analyzing Slow 1200mV 85C Model
Info (332146): Worst-case setup slack is 95.230
    Info (332119):     Slack       End Point TNS Clock 
    Info (332119): ========= =================== =====================
    Info (332119):    95.230               0.000 inst|altpll_component|auto_generated|pll1|clk[0] 
Info (332146): Worst-case hold slack is 0.355
    Info (332119):     Slack       End Point TNS Clock 
    Info (332119): ========= =================== =====================
    Info (332119):     0.355               0.000 inst|altpll_component|auto_generated|pll1|clk[0] 
Info (332140): No Recovery paths to report
Info (332140): No Removal paths to report
Info (332146): Worst-case minimum pulse width slack is 9.835
    Info (332119):     Slack       End Point TNS Clock 
    Info (332119): ========= =================== =====================
    Info (332119):     9.835               0.000 BasicClock 
    Info (332119):    48.601               0.000 inst|altpll_component|auto_generated|pll1|clk[0] 
Info: Analyzing Slow 1200mV 0C Model
Info (334003): Started post-fitting delay annotation
Info (334004): Delay annotation completed successfully
Info (332123): Deriving Clock Uncertainty. Please refer to report_sdc in TimeQuest to see clock uncertainties.
Info (332146): Worst-case setup slack is 95.501
    Info (332119):     Slack       End Point TNS Clock 
    Info (332119): ========= =================== =====================
    Info (332119):    95.501               0.000 inst|altpll_component|auto_generated|pll1|clk[0] 
Info (332146): Worst-case hold slack is 0.310
    Info (332119):     Slack       End Point TNS Clock 
    Info (332119): ========= =================== =====================
    Info (332119):     0.310               0.000 inst|altpll_component|auto_generated|pll1|clk[0] 
Info (332140): No Recovery paths to report
Info (332140): No Removal paths to report
Info (332146): Worst-case minimum pulse width slack is 9.812
    Info (332119):     Slack       End Point TNS Clock 
    Info (332119): ========= =================== =====================
    Info (332119):     9.812               0.000 BasicClock 
    Info (332119):    48.589               0.000 inst|altpll_component|auto_generated|pll1|clk[0] 
Info: Analyzing Fast 1200mV 0C Model
Info (332123): Deriving Clock Uncertainty. Please refer to report_sdc in TimeQuest to see clock uncertainties.
Info (332146): Worst-case setup slack is 96.292
    Info (332119):     Slack       End Point TNS Clock 
    Info (332119): ========= =================== =====================
    Info (332119):    96.292               0.000 inst|altpll_component|auto_generated|pll1|clk[0] 
Info (332146): Worst-case hold slack is 0.186
    Info (332119):     Slack       End Point TNS Clock 
    Info (332119): ========= =================== =====================
    Info (332119):     0.186               0.000 inst|altpll_component|auto_generated|pll1|clk[0] 
Info (332140): No Recovery paths to report
Info (332140): No Removal paths to report
Info (332146): Worst-case minimum pulse width slack is 9.594
    Info (332119):     Slack       End Point TNS Clock 
    Info (332119): ========= =================== =====================
    Info (332119):     9.594               0.000 BasicClock 
    Info (332119):    48.626               0.000 inst|altpll_component|auto_generated|pll1|clk[0] 
Info (332102): Design is not fully constrained for setup requirements
Info (332102): Design is not fully constrained for hold requirements
Info: Quartus II 64-Bit TimeQuest Timing Analyzer was successful. 0 errors, 1 warning
    Info: Peak virtual memory: 4706 megabytes
    Info: Processing ended: Sat Aug 03 18:05:35 2024
    Info: Elapsed time: 00:00:02
    Info: Total CPU time (on all processors): 00:00:02


