TimeQuest Timing Analyzer report for sonic
Thu Aug 15 17:22:55 2024
Quartus II 64-Bit Version 13.1.0 Build 162 10/23/2013 SJ Web Edition


---------------------
; Table of Contents ;
---------------------
  1. Legal Notice
  2. TimeQuest Timing Analyzer Summary
  3. Parallel Compilation
  4. Clocks
  5. Slow 1200mV 85C Model Fmax Summary
  6. Timing Closure Recommendations
  7. Slow 1200mV 85C Model Setup Summary
  8. Slow 1200mV 85C Model Hold Summary
  9. Slow 1200mV 85C Model Recovery Summary
 10. Slow 1200mV 85C Model Removal Summary
 11. Slow 1200mV 85C Model Minimum Pulse Width Summary
 12. Slow 1200mV 85C Model Setup: 'Clock_Divider:inst2|clk_out_internal'
 13. Slow 1200mV 85C Model Setup: 'clk_in'
 14. Slow 1200mV 85C Model Hold: 'clk_in'
 15. Slow 1200mV 85C Model Hold: 'Clock_Divider:inst2|clk_out_internal'
 16. Slow 1200mV 85C Model Minimum Pulse Width: 'clk_in'
 17. Slow 1200mV 85C Model Minimum Pulse Width: 'Clock_Divider:inst2|clk_out_internal'
 18. Clock to Output Times
 19. Minimum Clock to Output Times
 20. Slow 1200mV 85C Model Metastability Report
 21. Slow 1200mV 0C Model Fmax Summary
 22. Slow 1200mV 0C Model Setup Summary
 23. Slow 1200mV 0C Model Hold Summary
 24. Slow 1200mV 0C Model Recovery Summary
 25. Slow 1200mV 0C Model Removal Summary
 26. Slow 1200mV 0C Model Minimum Pulse Width Summary
 27. Slow 1200mV 0C Model Setup: 'Clock_Divider:inst2|clk_out_internal'
 28. Slow 1200mV 0C Model Setup: 'clk_in'
 29. Slow 1200mV 0C Model Hold: 'clk_in'
 30. Slow 1200mV 0C Model Hold: 'Clock_Divider:inst2|clk_out_internal'
 31. Slow 1200mV 0C Model Minimum Pulse Width: 'clk_in'
 32. Slow 1200mV 0C Model Minimum Pulse Width: 'Clock_Divider:inst2|clk_out_internal'
 33. Clock to Output Times
 34. Minimum Clock to Output Times
 35. Slow 1200mV 0C Model Metastability Report
 36. Fast 1200mV 0C Model Setup Summary
 37. Fast 1200mV 0C Model Hold Summary
 38. Fast 1200mV 0C Model Recovery Summary
 39. Fast 1200mV 0C Model Removal Summary
 40. Fast 1200mV 0C Model Minimum Pulse Width Summary
 41. Fast 1200mV 0C Model Setup: 'Clock_Divider:inst2|clk_out_internal'
 42. Fast 1200mV 0C Model Setup: 'clk_in'
 43. Fast 1200mV 0C Model Hold: 'clk_in'
 44. Fast 1200mV 0C Model Hold: 'Clock_Divider:inst2|clk_out_internal'
 45. Fast 1200mV 0C Model Minimum Pulse Width: 'clk_in'
 46. Fast 1200mV 0C Model Minimum Pulse Width: 'Clock_Divider:inst2|clk_out_internal'
 47. Clock to Output Times
 48. Minimum Clock to Output Times
 49. Fast 1200mV 0C Model Metastability Report
 50. Multicorner Timing Analysis Summary
 51. Clock to Output Times
 52. Minimum Clock to Output Times
 53. Board Trace Model Assignments
 54. Input Transition Times
 55. Signal Integrity Metrics (Slow 1200mv 0c Model)
 56. Signal Integrity Metrics (Slow 1200mv 85c Model)
 57. Signal Integrity Metrics (Fast 1200mv 0c Model)
 58. Setup Transfers
 59. Hold Transfers
 60. Report TCCS
 61. Report RSKM
 62. Unconstrained Paths
 63. TimeQuest Timing Analyzer Messages



----------------
; Legal Notice ;
----------------
Copyright (C) 1991-2013 Altera Corporation
Your use of Altera Corporation's design tools, logic functions 
and other software and tools, and its AMPP partner logic 
functions, and any output files from any of the foregoing 
(including device programming or simulation files), and any 
associated documentation or information are expressly subject 
to the terms and conditions of the Altera Program License 
Subscription Agreement, Altera MegaCore Function License 
Agreement, or other applicable license agreement, including, 
without limitation, that your use is for the sole purpose of 
programming logic devices manufactured by Altera and sold by 
Altera or its authorized distributors.  Please refer to the 
applicable agreement for further details.



+-------------------------------------------------------------------------+
; TimeQuest Timing Analyzer Summary                                       ;
+--------------------+----------------------------------------------------+
; Quartus II Version ; Version 13.1.0 Build 162 10/23/2013 SJ Web Edition ;
; Revision Name      ; sonic                                              ;
; Device Family      ; Cyclone IV E                                       ;
; Device Name        ; EP4CE6E22C8                                        ;
; Timing Models      ; Final                                              ;
; Delay Model        ; Combined                                           ;
; Rise/Fall Delays   ; Enabled                                            ;
+--------------------+----------------------------------------------------+


+------------------------------------------+
; Parallel Compilation                     ;
+----------------------------+-------------+
; Processors                 ; Number      ;
+----------------------------+-------------+
; Number detected on machine ; 6           ;
; Maximum allowed            ; 6           ;
;                            ;             ;
; Average used               ; 1.00        ;
; Maximum used               ; 6           ;
;                            ;             ;
; Usage by Processor         ; % Time Used ;
;     Processor 1            ; 100.0%      ;
;     Processors 2-6         ; < 0.1%      ;
+----------------------------+-------------+


+--------------------------------------------------------------------------------------------------------------------------------------------------------------------------------------------------------------------------------------------+
; Clocks                                                                                                                                                                                                                                     ;
+--------------------------------------+------+--------+------------+-------+-------+------------+-----------+-------------+-------+--------+-----------+------------+----------+--------+--------+------------------------------------------+
; Clock Name                           ; Type ; Period ; Frequency  ; Rise  ; Fall  ; Duty Cycle ; Divide by ; Multiply by ; Phase ; Offset ; Edge List ; Edge Shift ; Inverted ; Master ; Source ; Targets                                  ;
+--------------------------------------+------+--------+------------+-------+-------+------------+-----------+-------------+-------+--------+-----------+------------+----------+--------+--------+------------------------------------------+
; clk_in                               ; Base ; 1.000  ; 1000.0 MHz ; 0.000 ; 0.500 ;            ;           ;             ;       ;        ;           ;            ;          ;        ;        ; { clk_in }                               ;
; Clock_Divider:inst2|clk_out_internal ; Base ; 1.000  ; 1000.0 MHz ; 0.000 ; 0.500 ;            ;           ;             ;       ;        ;           ;            ;          ;        ;        ; { Clock_Divider:inst2|clk_out_internal } ;
+--------------------------------------+------+--------+------------+-------+-------+------------+-----------+-------------+-------+--------+-----------+------------+----------+--------+--------+------------------------------------------+


+-------------------------------------------------------------------------------------------------------------------------------------+
; Slow 1200mV 85C Model Fmax Summary                                                                                                  ;
+------------+-----------------+--------------------------------------+---------------------------------------------------------------+
; Fmax       ; Restricted Fmax ; Clock Name                           ; Note                                                          ;
+------------+-----------------+--------------------------------------+---------------------------------------------------------------+
; 275.71 MHz ; 275.71 MHz      ; Clock_Divider:inst2|clk_out_internal ;                                                               ;
; 639.8 MHz  ; 250.0 MHz       ; clk_in                               ; limit due to minimum period restriction (max I/O toggle rate) ;
+------------+-----------------+--------------------------------------+---------------------------------------------------------------+
This panel reports FMAX for every clock in the design, regardless of the user-specified clock periods.  FMAX is only computed for paths where the source and destination registers or ports are driven by the same clock.  Paths of different clocks, including generated clocks, are ignored.  For paths between a clock and its inversion, FMAX is computed as if the rising and falling edges are scaled along with FMAX, such that the duty cycle (in terms of a percentage) is maintained. Altera recommends that you always use clock constraints and other slack reports for sign-off analysis.


----------------------------------
; Timing Closure Recommendations ;
----------------------------------
HTML report is unavailable in plain text report export.


+---------------------------------------------------------------+
; Slow 1200mV 85C Model Setup Summary                           ;
+--------------------------------------+--------+---------------+
; Clock                                ; Slack  ; End Point TNS ;
+--------------------------------------+--------+---------------+
; Clock_Divider:inst2|clk_out_internal ; -2.627 ; -61.442       ;
; clk_in                               ; -0.563 ; -0.716        ;
+--------------------------------------+--------+---------------+


+--------------------------------------------------------------+
; Slow 1200mV 85C Model Hold Summary                           ;
+--------------------------------------+-------+---------------+
; Clock                                ; Slack ; End Point TNS ;
+--------------------------------------+-------+---------------+
; clk_in                               ; 0.216 ; 0.000         ;
; Clock_Divider:inst2|clk_out_internal ; 0.453 ; 0.000         ;
+--------------------------------------+-------+---------------+


------------------------------------------
; Slow 1200mV 85C Model Recovery Summary ;
------------------------------------------
No paths to report.


-----------------------------------------
; Slow 1200mV 85C Model Removal Summary ;
-----------------------------------------
No paths to report.


+---------------------------------------------------------------+
; Slow 1200mV 85C Model Minimum Pulse Width Summary             ;
+--------------------------------------+--------+---------------+
; Clock                                ; Slack  ; End Point TNS ;
+--------------------------------------+--------+---------------+
; clk_in                               ; -3.000 ; -7.461        ;
; Clock_Divider:inst2|clk_out_internal ; -1.487 ; -53.532       ;
+--------------------------------------+--------+---------------+


+--------------------------------------------------------------------------------------------------------------------------------------------------------------------------------------------------+
; Slow 1200mV 85C Model Setup: 'Clock_Divider:inst2|clk_out_internal'                                                                                                                              ;
+--------+----------------------------+-------------------------------------+--------------------------------------+--------------------------------------+--------------+------------+------------+
; Slack  ; From Node                  ; To Node                             ; Launch Clock                         ; Latch Clock                          ; Relationship ; Clock Skew ; Data Delay ;
+--------+----------------------------+-------------------------------------+--------------------------------------+--------------------------------------+--------------+------------+------------+
; -2.627 ; data_out_module:inst1|j[0] ; data_out_module_2:inst3|data_outpin ; Clock_Divider:inst2|clk_out_internal ; Clock_Divider:inst2|clk_out_internal ; 1.000        ; -0.080     ; 3.548      ;
; -2.627 ; data_out_module:inst1|j[1] ; data_out_module_2:inst3|data_outpin ; Clock_Divider:inst2|clk_out_internal ; Clock_Divider:inst2|clk_out_internal ; 1.000        ; -0.080     ; 3.548      ;
; -2.558 ; data_out_module:inst1|j[4] ; data_out_module_2:inst3|data_outpin ; Clock_Divider:inst2|clk_out_internal ; Clock_Divider:inst2|clk_out_internal ; 1.000        ; -0.080     ; 3.479      ;
; -2.531 ; data_out_module:inst1|j[1] ; data_out_module:inst1|j[6]          ; Clock_Divider:inst2|clk_out_internal ; Clock_Divider:inst2|clk_out_internal ; 1.000        ; -0.080     ; 3.452      ;
; -2.470 ; data_out_module:inst1|j[2] ; data_out_module_2:inst3|data_outpin ; Clock_Divider:inst2|clk_out_internal ; Clock_Divider:inst2|clk_out_internal ; 1.000        ; -0.080     ; 3.391      ;
; -2.434 ; data_out_module:inst1|j[5] ; data_out_module:inst1|j[3]          ; Clock_Divider:inst2|clk_out_internal ; Clock_Divider:inst2|clk_out_internal ; 1.000        ; -0.080     ; 3.355      ;
; -2.433 ; data_out_module:inst1|j[6] ; data_out_module:inst1|j[3]          ; Clock_Divider:inst2|clk_out_internal ; Clock_Divider:inst2|clk_out_internal ; 1.000        ; -0.080     ; 3.354      ;
; -2.433 ; data_out_module:inst1|j[6] ; data_out_module:inst1|j[5]          ; Clock_Divider:inst2|clk_out_internal ; Clock_Divider:inst2|clk_out_internal ; 1.000        ; -0.080     ; 3.354      ;
; -2.433 ; data_out_module:inst1|j[5] ; data_out_module:inst1|j[5]          ; Clock_Divider:inst2|clk_out_internal ; Clock_Divider:inst2|clk_out_internal ; 1.000        ; -0.080     ; 3.354      ;
; -2.432 ; data_out_module:inst1|j[6] ; data_out_module:inst1|j[7]          ; Clock_Divider:inst2|clk_out_internal ; Clock_Divider:inst2|clk_out_internal ; 1.000        ; -0.080     ; 3.353      ;
; -2.432 ; data_out_module:inst1|j[5] ; data_out_module:inst1|j[7]          ; Clock_Divider:inst2|clk_out_internal ; Clock_Divider:inst2|clk_out_internal ; 1.000        ; -0.080     ; 3.353      ;
; -2.431 ; data_out_module:inst1|j[6] ; data_out_module:inst1|j[0]          ; Clock_Divider:inst2|clk_out_internal ; Clock_Divider:inst2|clk_out_internal ; 1.000        ; -0.080     ; 3.352      ;
; -2.431 ; data_out_module:inst1|j[5] ; data_out_module:inst1|j[0]          ; Clock_Divider:inst2|clk_out_internal ; Clock_Divider:inst2|clk_out_internal ; 1.000        ; -0.080     ; 3.352      ;
; -2.431 ; data_out_module:inst1|j[6] ; data_out_module:inst1|j[6]          ; Clock_Divider:inst2|clk_out_internal ; Clock_Divider:inst2|clk_out_internal ; 1.000        ; -0.080     ; 3.352      ;
; -2.430 ; data_out_module:inst1|j[5] ; data_out_module:inst1|j[6]          ; Clock_Divider:inst2|clk_out_internal ; Clock_Divider:inst2|clk_out_internal ; 1.000        ; -0.080     ; 3.351      ;
; -2.426 ; data_out_module:inst1|j[6] ; data_out_module:inst1|j[4]          ; Clock_Divider:inst2|clk_out_internal ; Clock_Divider:inst2|clk_out_internal ; 1.000        ; -0.080     ; 3.347      ;
; -2.425 ; data_out_module:inst1|j[6] ; data_out_module:inst1|j[2]          ; Clock_Divider:inst2|clk_out_internal ; Clock_Divider:inst2|clk_out_internal ; 1.000        ; -0.080     ; 3.346      ;
; -2.423 ; data_out_module:inst1|j[5] ; data_out_module:inst1|j[4]          ; Clock_Divider:inst2|clk_out_internal ; Clock_Divider:inst2|clk_out_internal ; 1.000        ; -0.080     ; 3.344      ;
; -2.423 ; data_out_module:inst1|j[5] ; data_out_module:inst1|j[2]          ; Clock_Divider:inst2|clk_out_internal ; Clock_Divider:inst2|clk_out_internal ; 1.000        ; -0.080     ; 3.344      ;
; -2.384 ; data_out_module:inst1|j[1] ; data_out_module:inst1|j[4]          ; Clock_Divider:inst2|clk_out_internal ; Clock_Divider:inst2|clk_out_internal ; 1.000        ; -0.080     ; 3.305      ;
; -2.374 ; data_out_module:inst1|i[6] ; data_out_module:inst1|j[3]          ; Clock_Divider:inst2|clk_out_internal ; Clock_Divider:inst2|clk_out_internal ; 1.000        ; -0.080     ; 3.295      ;
; -2.373 ; data_out_module:inst1|i[6] ; data_out_module:inst1|j[5]          ; Clock_Divider:inst2|clk_out_internal ; Clock_Divider:inst2|clk_out_internal ; 1.000        ; -0.080     ; 3.294      ;
; -2.372 ; data_out_module:inst1|i[6] ; data_out_module:inst1|j[7]          ; Clock_Divider:inst2|clk_out_internal ; Clock_Divider:inst2|clk_out_internal ; 1.000        ; -0.080     ; 3.293      ;
; -2.371 ; data_out_module:inst1|i[6] ; data_out_module:inst1|j[0]          ; Clock_Divider:inst2|clk_out_internal ; Clock_Divider:inst2|clk_out_internal ; 1.000        ; -0.080     ; 3.292      ;
; -2.370 ; data_out_module:inst1|i[6] ; data_out_module:inst1|j[6]          ; Clock_Divider:inst2|clk_out_internal ; Clock_Divider:inst2|clk_out_internal ; 1.000        ; -0.080     ; 3.291      ;
; -2.363 ; data_out_module:inst1|i[6] ; data_out_module:inst1|j[4]          ; Clock_Divider:inst2|clk_out_internal ; Clock_Divider:inst2|clk_out_internal ; 1.000        ; -0.080     ; 3.284      ;
; -2.363 ; data_out_module:inst1|i[6] ; data_out_module:inst1|j[2]          ; Clock_Divider:inst2|clk_out_internal ; Clock_Divider:inst2|clk_out_internal ; 1.000        ; -0.080     ; 3.284      ;
; -2.363 ; data_out_module:inst1|i[7] ; data_out_module:inst1|j[3]          ; Clock_Divider:inst2|clk_out_internal ; Clock_Divider:inst2|clk_out_internal ; 1.000        ; -0.080     ; 3.284      ;
; -2.362 ; data_out_module:inst1|i[7] ; data_out_module:inst1|j[5]          ; Clock_Divider:inst2|clk_out_internal ; Clock_Divider:inst2|clk_out_internal ; 1.000        ; -0.080     ; 3.283      ;
; -2.361 ; data_out_module:inst1|i[7] ; data_out_module:inst1|j[7]          ; Clock_Divider:inst2|clk_out_internal ; Clock_Divider:inst2|clk_out_internal ; 1.000        ; -0.080     ; 3.282      ;
; -2.360 ; data_out_module:inst1|i[7] ; data_out_module:inst1|j[0]          ; Clock_Divider:inst2|clk_out_internal ; Clock_Divider:inst2|clk_out_internal ; 1.000        ; -0.080     ; 3.281      ;
; -2.359 ; data_out_module:inst1|i[7] ; data_out_module:inst1|j[6]          ; Clock_Divider:inst2|clk_out_internal ; Clock_Divider:inst2|clk_out_internal ; 1.000        ; -0.080     ; 3.280      ;
; -2.352 ; data_out_module:inst1|i[7] ; data_out_module:inst1|j[4]          ; Clock_Divider:inst2|clk_out_internal ; Clock_Divider:inst2|clk_out_internal ; 1.000        ; -0.080     ; 3.273      ;
; -2.352 ; data_out_module:inst1|i[7] ; data_out_module:inst1|j[2]          ; Clock_Divider:inst2|clk_out_internal ; Clock_Divider:inst2|clk_out_internal ; 1.000        ; -0.080     ; 3.273      ;
; -2.325 ; data_out_module:inst1|j[2] ; data_out_module:inst1|j[3]          ; Clock_Divider:inst2|clk_out_internal ; Clock_Divider:inst2|clk_out_internal ; 1.000        ; -0.080     ; 3.246      ;
; -2.325 ; data_out_module:inst1|j[2] ; data_out_module:inst1|j[5]          ; Clock_Divider:inst2|clk_out_internal ; Clock_Divider:inst2|clk_out_internal ; 1.000        ; -0.080     ; 3.246      ;
; -2.325 ; data_out_module:inst1|j[1] ; data_out_module:inst1|j[7]          ; Clock_Divider:inst2|clk_out_internal ; Clock_Divider:inst2|clk_out_internal ; 1.000        ; -0.080     ; 3.246      ;
; -2.324 ; data_out_module:inst1|j[2] ; data_out_module:inst1|j[7]          ; Clock_Divider:inst2|clk_out_internal ; Clock_Divider:inst2|clk_out_internal ; 1.000        ; -0.080     ; 3.245      ;
; -2.323 ; data_out_module:inst1|j[2] ; data_out_module:inst1|j[0]          ; Clock_Divider:inst2|clk_out_internal ; Clock_Divider:inst2|clk_out_internal ; 1.000        ; -0.080     ; 3.244      ;
; -2.323 ; data_out_module:inst1|j[2] ; data_out_module:inst1|j[6]          ; Clock_Divider:inst2|clk_out_internal ; Clock_Divider:inst2|clk_out_internal ; 1.000        ; -0.080     ; 3.244      ;
; -2.318 ; data_out_module:inst1|j[2] ; data_out_module:inst1|j[4]          ; Clock_Divider:inst2|clk_out_internal ; Clock_Divider:inst2|clk_out_internal ; 1.000        ; -0.080     ; 3.239      ;
; -2.317 ; data_out_module:inst1|j[2] ; data_out_module:inst1|j[2]          ; Clock_Divider:inst2|clk_out_internal ; Clock_Divider:inst2|clk_out_internal ; 1.000        ; -0.080     ; 3.238      ;
; -2.274 ; data_out_module:inst1|j[0] ; data_out_module:inst1|data_outpin   ; Clock_Divider:inst2|clk_out_internal ; Clock_Divider:inst2|clk_out_internal ; 1.000        ; 0.427      ; 3.702      ;
; -2.267 ; data_out_module:inst1|j[4] ; data_out_module:inst1|j[3]          ; Clock_Divider:inst2|clk_out_internal ; Clock_Divider:inst2|clk_out_internal ; 1.000        ; -0.080     ; 3.188      ;
; -2.266 ; data_out_module:inst1|j[4] ; data_out_module:inst1|j[5]          ; Clock_Divider:inst2|clk_out_internal ; Clock_Divider:inst2|clk_out_internal ; 1.000        ; -0.080     ; 3.187      ;
; -2.265 ; data_out_module:inst1|j[4] ; data_out_module:inst1|j[7]          ; Clock_Divider:inst2|clk_out_internal ; Clock_Divider:inst2|clk_out_internal ; 1.000        ; -0.080     ; 3.186      ;
; -2.264 ; data_out_module:inst1|j[4] ; data_out_module:inst1|j[0]          ; Clock_Divider:inst2|clk_out_internal ; Clock_Divider:inst2|clk_out_internal ; 1.000        ; -0.080     ; 3.185      ;
; -2.263 ; data_out_module:inst1|j[4] ; data_out_module:inst1|j[6]          ; Clock_Divider:inst2|clk_out_internal ; Clock_Divider:inst2|clk_out_internal ; 1.000        ; -0.080     ; 3.184      ;
; -2.262 ; data_out_module:inst1|j[5] ; data_out_module:inst1|j[1]          ; Clock_Divider:inst2|clk_out_internal ; Clock_Divider:inst2|clk_out_internal ; 1.000        ; -0.081     ; 3.182      ;
; -2.261 ; data_out_module:inst1|j[6] ; data_out_module:inst1|j[1]          ; Clock_Divider:inst2|clk_out_internal ; Clock_Divider:inst2|clk_out_internal ; 1.000        ; -0.081     ; 3.181      ;
; -2.256 ; data_out_module:inst1|j[4] ; data_out_module:inst1|j[4]          ; Clock_Divider:inst2|clk_out_internal ; Clock_Divider:inst2|clk_out_internal ; 1.000        ; -0.080     ; 3.177      ;
; -2.256 ; data_out_module:inst1|j[4] ; data_out_module:inst1|j[2]          ; Clock_Divider:inst2|clk_out_internal ; Clock_Divider:inst2|clk_out_internal ; 1.000        ; -0.080     ; 3.177      ;
; -2.240 ; data_out_module:inst1|j[3] ; data_out_module_2:inst3|data_outpin ; Clock_Divider:inst2|clk_out_internal ; Clock_Divider:inst2|clk_out_internal ; 1.000        ; -0.080     ; 3.161      ;
; -2.240 ; data_out_module:inst1|j[0] ; data_out_module:inst1|j[6]          ; Clock_Divider:inst2|clk_out_internal ; Clock_Divider:inst2|clk_out_internal ; 1.000        ; -0.080     ; 3.161      ;
; -2.238 ; data_out_module:inst1|j[1] ; data_out_module:inst1|j[2]          ; Clock_Divider:inst2|clk_out_internal ; Clock_Divider:inst2|clk_out_internal ; 1.000        ; -0.080     ; 3.159      ;
; -2.200 ; data_out_module:inst1|j[1] ; data_out_module:inst1|j[3]          ; Clock_Divider:inst2|clk_out_internal ; Clock_Divider:inst2|clk_out_internal ; 1.000        ; -0.080     ; 3.121      ;
; -2.198 ; data_out_module:inst1|j[2] ; data_out_module:inst1|data_outpin   ; Clock_Divider:inst2|clk_out_internal ; Clock_Divider:inst2|clk_out_internal ; 1.000        ; 0.427      ; 3.626      ;
; -2.193 ; data_out_module:inst1|j[3] ; data_out_module:inst1|j[6]          ; Clock_Divider:inst2|clk_out_internal ; Clock_Divider:inst2|clk_out_internal ; 1.000        ; -0.080     ; 3.114      ;
; -2.187 ; data_out_module:inst1|i[4] ; data_out_module:inst1|j[3]          ; Clock_Divider:inst2|clk_out_internal ; Clock_Divider:inst2|clk_out_internal ; 1.000        ; -0.080     ; 3.108      ;
; -2.186 ; data_out_module:inst1|i[4] ; data_out_module:inst1|j[5]          ; Clock_Divider:inst2|clk_out_internal ; Clock_Divider:inst2|clk_out_internal ; 1.000        ; -0.080     ; 3.107      ;
; -2.185 ; data_out_module:inst1|i[4] ; data_out_module:inst1|j[7]          ; Clock_Divider:inst2|clk_out_internal ; Clock_Divider:inst2|clk_out_internal ; 1.000        ; -0.080     ; 3.106      ;
; -2.184 ; data_out_module:inst1|i[4] ; data_out_module:inst1|j[0]          ; Clock_Divider:inst2|clk_out_internal ; Clock_Divider:inst2|clk_out_internal ; 1.000        ; -0.080     ; 3.105      ;
; -2.183 ; data_out_module:inst1|i[4] ; data_out_module:inst1|j[6]          ; Clock_Divider:inst2|clk_out_internal ; Clock_Divider:inst2|clk_out_internal ; 1.000        ; -0.080     ; 3.104      ;
; -2.179 ; data_out_module:inst1|j[1] ; data_out_module:inst1|j[5]          ; Clock_Divider:inst2|clk_out_internal ; Clock_Divider:inst2|clk_out_internal ; 1.000        ; -0.080     ; 3.100      ;
; -2.176 ; data_out_module:inst1|i[4] ; data_out_module:inst1|j[4]          ; Clock_Divider:inst2|clk_out_internal ; Clock_Divider:inst2|clk_out_internal ; 1.000        ; -0.080     ; 3.097      ;
; -2.176 ; data_out_module:inst1|i[4] ; data_out_module:inst1|j[2]          ; Clock_Divider:inst2|clk_out_internal ; Clock_Divider:inst2|clk_out_internal ; 1.000        ; -0.080     ; 3.097      ;
; -2.175 ; data_out_module:inst1|j[0] ; data_out_module:inst1|j[7]          ; Clock_Divider:inst2|clk_out_internal ; Clock_Divider:inst2|clk_out_internal ; 1.000        ; -0.080     ; 3.096      ;
; -2.166 ; data_out_module:inst1|j[3] ; data_out_module:inst1|j[3]          ; Clock_Divider:inst2|clk_out_internal ; Clock_Divider:inst2|clk_out_internal ; 1.000        ; -0.080     ; 3.087      ;
; -2.166 ; data_out_module:inst1|j[3] ; data_out_module:inst1|j[5]          ; Clock_Divider:inst2|clk_out_internal ; Clock_Divider:inst2|clk_out_internal ; 1.000        ; -0.080     ; 3.087      ;
; -2.165 ; data_out_module:inst1|j[3] ; data_out_module:inst1|j[7]          ; Clock_Divider:inst2|clk_out_internal ; Clock_Divider:inst2|clk_out_internal ; 1.000        ; -0.080     ; 3.086      ;
; -2.164 ; data_out_module:inst1|j[3] ; data_out_module:inst1|j[0]          ; Clock_Divider:inst2|clk_out_internal ; Clock_Divider:inst2|clk_out_internal ; 1.000        ; -0.080     ; 3.085      ;
; -2.160 ; data_out_module:inst1|j[7] ; data_out_module:inst1|j[3]          ; Clock_Divider:inst2|clk_out_internal ; Clock_Divider:inst2|clk_out_internal ; 1.000        ; -0.080     ; 3.081      ;
; -2.160 ; data_out_module:inst1|i[6] ; data_out_module:inst1|j[1]          ; Clock_Divider:inst2|clk_out_internal ; Clock_Divider:inst2|clk_out_internal ; 1.000        ; -0.081     ; 3.080      ;
; -2.159 ; data_out_module:inst1|j[7] ; data_out_module:inst1|j[5]          ; Clock_Divider:inst2|clk_out_internal ; Clock_Divider:inst2|clk_out_internal ; 1.000        ; -0.080     ; 3.080      ;
; -2.159 ; data_out_module:inst1|j[3] ; data_out_module:inst1|j[4]          ; Clock_Divider:inst2|clk_out_internal ; Clock_Divider:inst2|clk_out_internal ; 1.000        ; -0.080     ; 3.080      ;
; -2.158 ; data_out_module:inst1|j[7] ; data_out_module:inst1|j[7]          ; Clock_Divider:inst2|clk_out_internal ; Clock_Divider:inst2|clk_out_internal ; 1.000        ; -0.080     ; 3.079      ;
; -2.158 ; data_out_module:inst1|j[3] ; data_out_module:inst1|j[2]          ; Clock_Divider:inst2|clk_out_internal ; Clock_Divider:inst2|clk_out_internal ; 1.000        ; -0.080     ; 3.079      ;
; -2.157 ; data_out_module:inst1|j[7] ; data_out_module:inst1|j[0]          ; Clock_Divider:inst2|clk_out_internal ; Clock_Divider:inst2|clk_out_internal ; 1.000        ; -0.080     ; 3.078      ;
; -2.156 ; data_out_module:inst1|j[7] ; data_out_module:inst1|j[6]          ; Clock_Divider:inst2|clk_out_internal ; Clock_Divider:inst2|clk_out_internal ; 1.000        ; -0.080     ; 3.077      ;
; -2.155 ; data_out_module:inst1|j[1] ; data_out_module:inst1|data_outpin   ; Clock_Divider:inst2|clk_out_internal ; Clock_Divider:inst2|clk_out_internal ; 1.000        ; 0.427      ; 3.583      ;
; -2.149 ; data_out_module:inst1|j[7] ; data_out_module:inst1|j[4]          ; Clock_Divider:inst2|clk_out_internal ; Clock_Divider:inst2|clk_out_internal ; 1.000        ; -0.080     ; 3.070      ;
; -2.149 ; data_out_module:inst1|j[7] ; data_out_module:inst1|j[2]          ; Clock_Divider:inst2|clk_out_internal ; Clock_Divider:inst2|clk_out_internal ; 1.000        ; -0.080     ; 3.070      ;
; -2.149 ; data_out_module:inst1|i[7] ; data_out_module:inst1|j[1]          ; Clock_Divider:inst2|clk_out_internal ; Clock_Divider:inst2|clk_out_internal ; 1.000        ; -0.081     ; 3.069      ;
; -2.129 ; data_out_module:inst1|i[2] ; data_out_module:inst1|j[3]          ; Clock_Divider:inst2|clk_out_internal ; Clock_Divider:inst2|clk_out_internal ; 1.000        ; -0.080     ; 3.050      ;
; -2.129 ; data_out_module:inst1|i[2] ; data_out_module:inst1|j[5]          ; Clock_Divider:inst2|clk_out_internal ; Clock_Divider:inst2|clk_out_internal ; 1.000        ; -0.080     ; 3.050      ;
; -2.128 ; data_out_module:inst1|i[2] ; data_out_module:inst1|j[7]          ; Clock_Divider:inst2|clk_out_internal ; Clock_Divider:inst2|clk_out_internal ; 1.000        ; -0.080     ; 3.049      ;
; -2.128 ; data_out_module:inst1|i[3] ; data_out_module:inst1|j[3]          ; Clock_Divider:inst2|clk_out_internal ; Clock_Divider:inst2|clk_out_internal ; 1.000        ; -0.080     ; 3.049      ;
; -2.128 ; data_out_module:inst1|i[3] ; data_out_module:inst1|j[5]          ; Clock_Divider:inst2|clk_out_internal ; Clock_Divider:inst2|clk_out_internal ; 1.000        ; -0.080     ; 3.049      ;
; -2.127 ; data_out_module:inst1|i[2] ; data_out_module:inst1|j[0]          ; Clock_Divider:inst2|clk_out_internal ; Clock_Divider:inst2|clk_out_internal ; 1.000        ; -0.080     ; 3.048      ;
; -2.127 ; data_out_module:inst1|i[2] ; data_out_module:inst1|j[6]          ; Clock_Divider:inst2|clk_out_internal ; Clock_Divider:inst2|clk_out_internal ; 1.000        ; -0.080     ; 3.048      ;
; -2.127 ; data_out_module:inst1|i[3] ; data_out_module:inst1|j[7]          ; Clock_Divider:inst2|clk_out_internal ; Clock_Divider:inst2|clk_out_internal ; 1.000        ; -0.080     ; 3.048      ;
; -2.126 ; data_out_module:inst1|i[3] ; data_out_module:inst1|j[0]          ; Clock_Divider:inst2|clk_out_internal ; Clock_Divider:inst2|clk_out_internal ; 1.000        ; -0.080     ; 3.047      ;
; -2.126 ; data_out_module:inst1|i[3] ; data_out_module:inst1|j[6]          ; Clock_Divider:inst2|clk_out_internal ; Clock_Divider:inst2|clk_out_internal ; 1.000        ; -0.080     ; 3.047      ;
; -2.122 ; data_out_module:inst1|i[2] ; data_out_module:inst1|j[4]          ; Clock_Divider:inst2|clk_out_internal ; Clock_Divider:inst2|clk_out_internal ; 1.000        ; -0.080     ; 3.043      ;
; -2.121 ; data_out_module:inst1|i[2] ; data_out_module:inst1|j[2]          ; Clock_Divider:inst2|clk_out_internal ; Clock_Divider:inst2|clk_out_internal ; 1.000        ; -0.080     ; 3.042      ;
; -2.121 ; data_out_module:inst1|i[3] ; data_out_module:inst1|j[4]          ; Clock_Divider:inst2|clk_out_internal ; Clock_Divider:inst2|clk_out_internal ; 1.000        ; -0.080     ; 3.042      ;
; -2.120 ; data_out_module:inst1|i[3] ; data_out_module:inst1|j[2]          ; Clock_Divider:inst2|clk_out_internal ; Clock_Divider:inst2|clk_out_internal ; 1.000        ; -0.080     ; 3.041      ;
; -2.115 ; data_out_module:inst1|i[6] ; data_out_module:inst1|i[0]          ; Clock_Divider:inst2|clk_out_internal ; Clock_Divider:inst2|clk_out_internal ; 1.000        ; -0.081     ; 3.035      ;
; -2.113 ; data_out_module:inst1|i[7] ; data_out_module:inst1|i[0]          ; Clock_Divider:inst2|clk_out_internal ; Clock_Divider:inst2|clk_out_internal ; 1.000        ; -0.081     ; 3.033      ;
; -2.109 ; data_out_module:inst1|j[2] ; data_out_module:inst1|j[1]          ; Clock_Divider:inst2|clk_out_internal ; Clock_Divider:inst2|clk_out_internal ; 1.000        ; -0.081     ; 3.029      ;
+--------+----------------------------+-------------------------------------+--------------------------------------+--------------------------------------+--------------+------------+------------+


+------------------------------------------------------------------------------------------------------------------------------------------------------------------------------------+
; Slow 1200mV 85C Model Setup: 'clk_in'                                                                                                                                              ;
+--------+--------------------------------------+--------------------------------------+--------------------------------------+-------------+--------------+------------+------------+
; Slack  ; From Node                            ; To Node                              ; Launch Clock                         ; Latch Clock ; Relationship ; Clock Skew ; Data Delay ;
+--------+--------------------------------------+--------------------------------------+--------------------------------------+-------------+--------------+------------+------------+
; -0.563 ; Clock_Divider:inst2|counter[0]       ; Clock_Divider:inst2|clk_out_internal ; clk_in                               ; clk_in      ; 1.000        ; -0.081     ; 1.483      ;
; -0.403 ; Clock_Divider:inst2|counter[1]       ; Clock_Divider:inst2|clk_out_internal ; clk_in                               ; clk_in      ; 1.000        ; -0.081     ; 1.323      ;
; -0.153 ; Clock_Divider:inst2|counter[0]       ; Clock_Divider:inst2|counter[1]       ; clk_in                               ; clk_in      ; 1.000        ; -0.081     ; 1.073      ;
; -0.127 ; Clock_Divider:inst2|clk_out_internal ; Clock_Divider:inst2|clk_out_internal ; Clock_Divider:inst2|clk_out_internal ; clk_in      ; 0.500        ; 2.521      ; 3.400      ;
; 0.010  ; Clock_Divider:inst2|counter[1]       ; Clock_Divider:inst2|counter[0]       ; clk_in                               ; clk_in      ; 1.000        ; -0.081     ; 0.910      ;
; 0.062  ; Clock_Divider:inst2|counter[0]       ; Clock_Divider:inst2|counter[0]       ; clk_in                               ; clk_in      ; 1.000        ; -0.081     ; 0.858      ;
; 0.062  ; Clock_Divider:inst2|counter[1]       ; Clock_Divider:inst2|counter[1]       ; clk_in                               ; clk_in      ; 1.000        ; -0.081     ; 0.858      ;
; 0.210  ; Clock_Divider:inst2|clk_out_internal ; Clock_Divider:inst2|clk_out_internal ; Clock_Divider:inst2|clk_out_internal ; clk_in      ; 1.000        ; 2.521      ; 3.563      ;
+--------+--------------------------------------+--------------------------------------+--------------------------------------+-------------+--------------+------------+------------+


+-----------------------------------------------------------------------------------------------------------------------------------------------------------------------------------+
; Slow 1200mV 85C Model Hold: 'clk_in'                                                                                                                                              ;
+-------+--------------------------------------+--------------------------------------+--------------------------------------+-------------+--------------+------------+------------+
; Slack ; From Node                            ; To Node                              ; Launch Clock                         ; Latch Clock ; Relationship ; Clock Skew ; Data Delay ;
+-------+--------------------------------------+--------------------------------------+--------------------------------------+-------------+--------------+------------+------------+
; 0.216 ; Clock_Divider:inst2|clk_out_internal ; Clock_Divider:inst2|clk_out_internal ; Clock_Divider:inst2|clk_out_internal ; clk_in      ; 0.000        ; 2.617      ; 3.336      ;
; 0.465 ; Clock_Divider:inst2|counter[1]       ; Clock_Divider:inst2|counter[1]       ; clk_in                               ; clk_in      ; 0.000        ; 0.081      ; 0.758      ;
; 0.465 ; Clock_Divider:inst2|counter[0]       ; Clock_Divider:inst2|counter[0]       ; clk_in                               ; clk_in      ; 0.000        ; 0.081      ; 0.758      ;
; 0.495 ; Clock_Divider:inst2|counter[1]       ; Clock_Divider:inst2|counter[0]       ; clk_in                               ; clk_in      ; 0.000        ; 0.081      ; 0.788      ;
; 0.522 ; Clock_Divider:inst2|clk_out_internal ; Clock_Divider:inst2|clk_out_internal ; Clock_Divider:inst2|clk_out_internal ; clk_in      ; -0.500       ; 2.617      ; 3.142      ;
; 0.716 ; Clock_Divider:inst2|counter[0]       ; Clock_Divider:inst2|counter[1]       ; clk_in                               ; clk_in      ; 0.000        ; 0.081      ; 1.009      ;
; 0.872 ; Clock_Divider:inst2|counter[1]       ; Clock_Divider:inst2|clk_out_internal ; clk_in                               ; clk_in      ; 0.000        ; 0.081      ; 1.165      ;
; 1.028 ; Clock_Divider:inst2|counter[0]       ; Clock_Divider:inst2|clk_out_internal ; clk_in                               ; clk_in      ; 0.000        ; 0.081      ; 1.321      ;
+-------+--------------------------------------+--------------------------------------+--------------------------------------+-------------+--------------+------------+------------+


+-------------------------------------------------------------------------------------------------------------------------------------------------------------------------------------------------+
; Slow 1200mV 85C Model Hold: 'Clock_Divider:inst2|clk_out_internal'                                                                                                                              ;
+-------+----------------------------+-------------------------------------+--------------------------------------+--------------------------------------+--------------+------------+------------+
; Slack ; From Node                  ; To Node                             ; Launch Clock                         ; Latch Clock                          ; Relationship ; Clock Skew ; Data Delay ;
+-------+----------------------------+-------------------------------------+--------------------------------------+--------------------------------------+--------------+------------+------------+
; 0.453 ; data_out_module:inst1|j[1] ; data_out_module:inst1|j[1]          ; Clock_Divider:inst2|clk_out_internal ; Clock_Divider:inst2|clk_out_internal ; 0.000        ; 0.081      ; 0.746      ;
; 0.454 ; data_out_module:inst1|j[0] ; data_out_module:inst1|j[0]          ; Clock_Divider:inst2|clk_out_internal ; Clock_Divider:inst2|clk_out_internal ; 0.000        ; 0.080      ; 0.746      ;
; 0.454 ; data_out_module:inst1|j[4] ; data_out_module:inst1|j[4]          ; Clock_Divider:inst2|clk_out_internal ; Clock_Divider:inst2|clk_out_internal ; 0.000        ; 0.080      ; 0.746      ;
; 0.454 ; data_out_module:inst1|j[7] ; data_out_module:inst1|j[7]          ; Clock_Divider:inst2|clk_out_internal ; Clock_Divider:inst2|clk_out_internal ; 0.000        ; 0.080      ; 0.746      ;
; 0.454 ; data_out_module:inst1|j[2] ; data_out_module:inst1|j[2]          ; Clock_Divider:inst2|clk_out_internal ; Clock_Divider:inst2|clk_out_internal ; 0.000        ; 0.080      ; 0.746      ;
; 0.454 ; data_out_module:inst1|j[3] ; data_out_module:inst1|j[3]          ; Clock_Divider:inst2|clk_out_internal ; Clock_Divider:inst2|clk_out_internal ; 0.000        ; 0.080      ; 0.746      ;
; 0.454 ; data_out_module:inst1|j[5] ; data_out_module:inst1|j[5]          ; Clock_Divider:inst2|clk_out_internal ; Clock_Divider:inst2|clk_out_internal ; 0.000        ; 0.080      ; 0.746      ;
; 0.454 ; data_out_module:inst1|j[6] ; data_out_module:inst1|j[6]          ; Clock_Divider:inst2|clk_out_internal ; Clock_Divider:inst2|clk_out_internal ; 0.000        ; 0.080      ; 0.746      ;
; 0.499 ; sonic:inst|i[6]            ; sonic:inst|i[6]                     ; Clock_Divider:inst2|clk_out_internal ; Clock_Divider:inst2|clk_out_internal ; 0.000        ; 0.082      ; 0.793      ;
; 0.639 ; sonic:inst|i[4]            ; sonic:inst|clock                    ; Clock_Divider:inst2|clk_out_internal ; Clock_Divider:inst2|clk_out_internal ; 0.000        ; 0.082      ; 0.933      ;
; 0.722 ; sonic:inst|clock           ; sonic:inst|clockpin                 ; Clock_Divider:inst2|clk_out_internal ; Clock_Divider:inst2|clk_out_internal ; 0.000        ; 0.082      ; 1.016      ;
; 0.744 ; data_out_module:inst1|i[3] ; data_out_module:inst1|i[3]          ; Clock_Divider:inst2|clk_out_internal ; Clock_Divider:inst2|clk_out_internal ; 0.000        ; 0.081      ; 1.037      ;
; 0.745 ; data_out_module:inst1|i[5] ; data_out_module:inst1|i[5]          ; Clock_Divider:inst2|clk_out_internal ; Clock_Divider:inst2|clk_out_internal ; 0.000        ; 0.081      ; 1.038      ;
; 0.746 ; sonic:inst|j[5]            ; sonic:inst|j[5]                     ; Clock_Divider:inst2|clk_out_internal ; Clock_Divider:inst2|clk_out_internal ; 0.000        ; 0.082      ; 1.040      ;
; 0.747 ; data_out_module:inst1|i[2] ; data_out_module:inst1|i[2]          ; Clock_Divider:inst2|clk_out_internal ; Clock_Divider:inst2|clk_out_internal ; 0.000        ; 0.081      ; 1.040      ;
; 0.748 ; data_out_module:inst1|i[6] ; data_out_module:inst1|i[6]          ; Clock_Divider:inst2|clk_out_internal ; Clock_Divider:inst2|clk_out_internal ; 0.000        ; 0.081      ; 1.041      ;
; 0.748 ; data_out_module:inst1|i[4] ; data_out_module:inst1|i[4]          ; Clock_Divider:inst2|clk_out_internal ; Clock_Divider:inst2|clk_out_internal ; 0.000        ; 0.081      ; 1.041      ;
; 0.748 ; sonic:inst|j[6]            ; sonic:inst|j[6]                     ; Clock_Divider:inst2|clk_out_internal ; Clock_Divider:inst2|clk_out_internal ; 0.000        ; 0.082      ; 1.042      ;
; 0.749 ; data_out_module:inst1|i[7] ; data_out_module:inst1|i[7]          ; Clock_Divider:inst2|clk_out_internal ; Clock_Divider:inst2|clk_out_internal ; 0.000        ; 0.081      ; 1.042      ;
; 0.756 ; sonic:inst|i[4]            ; sonic:inst|i[4]                     ; Clock_Divider:inst2|clk_out_internal ; Clock_Divider:inst2|clk_out_internal ; 0.000        ; 0.082      ; 1.050      ;
; 0.763 ; sonic:inst|i[2]            ; sonic:inst|i[2]                     ; Clock_Divider:inst2|clk_out_internal ; Clock_Divider:inst2|clk_out_internal ; 0.000        ; 0.082      ; 1.057      ;
; 0.764 ; sonic:inst|j[2]            ; sonic:inst|j[2]                     ; Clock_Divider:inst2|clk_out_internal ; Clock_Divider:inst2|clk_out_internal ; 0.000        ; 0.082      ; 1.058      ;
; 0.770 ; sonic:inst|i[3]            ; sonic:inst|i[3]                     ; Clock_Divider:inst2|clk_out_internal ; Clock_Divider:inst2|clk_out_internal ; 0.000        ; 0.082      ; 1.064      ;
; 0.771 ; sonic:inst|i[5]            ; sonic:inst|i[5]                     ; Clock_Divider:inst2|clk_out_internal ; Clock_Divider:inst2|clk_out_internal ; 0.000        ; 0.082      ; 1.065      ;
; 0.771 ; sonic:inst|i[1]            ; sonic:inst|i[1]                     ; Clock_Divider:inst2|clk_out_internal ; Clock_Divider:inst2|clk_out_internal ; 0.000        ; 0.082      ; 1.065      ;
; 0.780 ; sonic:inst|i[0]            ; sonic:inst|i[0]                     ; Clock_Divider:inst2|clk_out_internal ; Clock_Divider:inst2|clk_out_internal ; 0.000        ; 0.082      ; 1.074      ;
; 0.804 ; data_out_module:inst1|j[4] ; data_out_module:inst1|data_outpin   ; Clock_Divider:inst2|clk_out_internal ; Clock_Divider:inst2|clk_out_internal ; 0.000        ; 0.608      ; 1.624      ;
; 0.864 ; sonic:inst|j[2]            ; sonic:inst|latch                    ; Clock_Divider:inst2|clk_out_internal ; Clock_Divider:inst2|clk_out_internal ; 0.000        ; 0.082      ; 1.158      ;
; 0.883 ; sonic:inst|j[5]            ; sonic:inst|latch                    ; Clock_Divider:inst2|clk_out_internal ; Clock_Divider:inst2|clk_out_internal ; 0.000        ; 0.082      ; 1.177      ;
; 0.889 ; sonic:inst|i[2]            ; sonic:inst|clock                    ; Clock_Divider:inst2|clk_out_internal ; Clock_Divider:inst2|clk_out_internal ; 0.000        ; 0.082      ; 1.183      ;
; 0.906 ; sonic:inst|latch           ; sonic:inst|latchpin                 ; Clock_Divider:inst2|clk_out_internal ; Clock_Divider:inst2|clk_out_internal ; 0.000        ; 0.082      ; 1.200      ;
; 1.009 ; sonic:inst|j[0]            ; sonic:inst|latch                    ; Clock_Divider:inst2|clk_out_internal ; Clock_Divider:inst2|clk_out_internal ; 0.000        ; 0.082      ; 1.303      ;
; 1.012 ; sonic:inst|j[1]            ; sonic:inst|latch                    ; Clock_Divider:inst2|clk_out_internal ; Clock_Divider:inst2|clk_out_internal ; 0.000        ; 0.082      ; 1.306      ;
; 1.062 ; sonic:inst|j[4]            ; sonic:inst|latch                    ; Clock_Divider:inst2|clk_out_internal ; Clock_Divider:inst2|clk_out_internal ; 0.000        ; 0.082      ; 1.356      ;
; 1.099 ; data_out_module:inst1|i[3] ; data_out_module:inst1|i[4]          ; Clock_Divider:inst2|clk_out_internal ; Clock_Divider:inst2|clk_out_internal ; 0.000        ; 0.081      ; 1.392      ;
; 1.100 ; data_out_module:inst1|i[5] ; data_out_module:inst1|i[6]          ; Clock_Divider:inst2|clk_out_internal ; Clock_Divider:inst2|clk_out_internal ; 0.000        ; 0.081      ; 1.393      ;
; 1.100 ; sonic:inst|j[5]            ; sonic:inst|j[6]                     ; Clock_Divider:inst2|clk_out_internal ; Clock_Divider:inst2|clk_out_internal ; 0.000        ; 0.082      ; 1.394      ;
; 1.108 ; data_out_module:inst1|i[2] ; data_out_module:inst1|i[3]          ; Clock_Divider:inst2|clk_out_internal ; Clock_Divider:inst2|clk_out_internal ; 0.000        ; 0.081      ; 1.401      ;
; 1.109 ; data_out_module:inst1|i[4] ; data_out_module:inst1|i[5]          ; Clock_Divider:inst2|clk_out_internal ; Clock_Divider:inst2|clk_out_internal ; 0.000        ; 0.081      ; 1.402      ;
; 1.109 ; data_out_module:inst1|i[6] ; data_out_module:inst1|i[7]          ; Clock_Divider:inst2|clk_out_internal ; Clock_Divider:inst2|clk_out_internal ; 0.000        ; 0.081      ; 1.402      ;
; 1.111 ; sonic:inst|j[4]            ; sonic:inst|j[5]                     ; Clock_Divider:inst2|clk_out_internal ; Clock_Divider:inst2|clk_out_internal ; 0.000        ; 0.082      ; 1.405      ;
; 1.116 ; sonic:inst|j[1]            ; sonic:inst|j[2]                     ; Clock_Divider:inst2|clk_out_internal ; Clock_Divider:inst2|clk_out_internal ; 0.000        ; 0.082      ; 1.410      ;
; 1.117 ; data_out_module:inst1|i[2] ; data_out_module:inst1|i[4]          ; Clock_Divider:inst2|clk_out_internal ; Clock_Divider:inst2|clk_out_internal ; 0.000        ; 0.081      ; 1.410      ;
; 1.117 ; sonic:inst|i[4]            ; sonic:inst|i[5]                     ; Clock_Divider:inst2|clk_out_internal ; Clock_Divider:inst2|clk_out_internal ; 0.000        ; 0.082      ; 1.411      ;
; 1.118 ; data_out_module:inst1|i[4] ; data_out_module:inst1|i[6]          ; Clock_Divider:inst2|clk_out_internal ; Clock_Divider:inst2|clk_out_internal ; 0.000        ; 0.081      ; 1.411      ;
; 1.119 ; data_out_module:inst1|i[0] ; data_out_module:inst1|i[2]          ; Clock_Divider:inst2|clk_out_internal ; Clock_Divider:inst2|clk_out_internal ; 0.000        ; 0.081      ; 1.412      ;
; 1.120 ; sonic:inst|j[4]            ; sonic:inst|j[6]                     ; Clock_Divider:inst2|clk_out_internal ; Clock_Divider:inst2|clk_out_internal ; 0.000        ; 0.082      ; 1.414      ;
; 1.124 ; sonic:inst|i[2]            ; sonic:inst|i[3]                     ; Clock_Divider:inst2|clk_out_internal ; Clock_Divider:inst2|clk_out_internal ; 0.000        ; 0.082      ; 1.418      ;
; 1.124 ; sonic:inst|i[0]            ; sonic:inst|i[1]                     ; Clock_Divider:inst2|clk_out_internal ; Clock_Divider:inst2|clk_out_internal ; 0.000        ; 0.082      ; 1.418      ;
; 1.125 ; sonic:inst|i[5]            ; sonic:inst|i[6]                     ; Clock_Divider:inst2|clk_out_internal ; Clock_Divider:inst2|clk_out_internal ; 0.000        ; 0.082      ; 1.419      ;
; 1.125 ; sonic:inst|i[3]            ; sonic:inst|i[4]                     ; Clock_Divider:inst2|clk_out_internal ; Clock_Divider:inst2|clk_out_internal ; 0.000        ; 0.082      ; 1.419      ;
; 1.125 ; sonic:inst|i[1]            ; sonic:inst|i[2]                     ; Clock_Divider:inst2|clk_out_internal ; Clock_Divider:inst2|clk_out_internal ; 0.000        ; 0.082      ; 1.419      ;
; 1.126 ; sonic:inst|i[4]            ; sonic:inst|i[6]                     ; Clock_Divider:inst2|clk_out_internal ; Clock_Divider:inst2|clk_out_internal ; 0.000        ; 0.082      ; 1.420      ;
; 1.127 ; data_out_module:inst1|j[7] ; data_out_module:inst1|data_outpin   ; Clock_Divider:inst2|clk_out_internal ; Clock_Divider:inst2|clk_out_internal ; 0.000        ; 0.608      ; 1.947      ;
; 1.133 ; sonic:inst|i[2]            ; sonic:inst|i[4]                     ; Clock_Divider:inst2|clk_out_internal ; Clock_Divider:inst2|clk_out_internal ; 0.000        ; 0.082      ; 1.427      ;
; 1.133 ; sonic:inst|i[0]            ; sonic:inst|i[2]                     ; Clock_Divider:inst2|clk_out_internal ; Clock_Divider:inst2|clk_out_internal ; 0.000        ; 0.082      ; 1.427      ;
; 1.134 ; sonic:inst|j[0]            ; sonic:inst|j[2]                     ; Clock_Divider:inst2|clk_out_internal ; Clock_Divider:inst2|clk_out_internal ; 0.000        ; 0.082      ; 1.428      ;
; 1.151 ; data_out_module:inst1|j[6] ; data_out_module:inst1|data_outpin   ; Clock_Divider:inst2|clk_out_internal ; Clock_Divider:inst2|clk_out_internal ; 0.000        ; 0.608      ; 1.971      ;
; 1.160 ; sonic:inst|j[1]            ; sonic:inst|j[1]                     ; Clock_Divider:inst2|clk_out_internal ; Clock_Divider:inst2|clk_out_internal ; 0.000        ; 0.082      ; 1.454      ;
; 1.161 ; sonic:inst|j[3]            ; sonic:inst|j[3]                     ; Clock_Divider:inst2|clk_out_internal ; Clock_Divider:inst2|clk_out_internal ; 0.000        ; 0.082      ; 1.455      ;
; 1.164 ; data_out_module:inst1|j[4] ; data_out_module_2:inst3|data_outpin ; Clock_Divider:inst2|clk_out_internal ; Clock_Divider:inst2|clk_out_internal ; 0.000        ; 0.081      ; 1.457      ;
; 1.202 ; sonic:inst|i[6]            ; sonic:inst|clock                    ; Clock_Divider:inst2|clk_out_internal ; Clock_Divider:inst2|clk_out_internal ; 0.000        ; 0.082      ; 1.496      ;
; 1.230 ; data_out_module:inst1|i[3] ; data_out_module:inst1|i[5]          ; Clock_Divider:inst2|clk_out_internal ; Clock_Divider:inst2|clk_out_internal ; 0.000        ; 0.081      ; 1.523      ;
; 1.231 ; data_out_module:inst1|i[5] ; data_out_module:inst1|i[7]          ; Clock_Divider:inst2|clk_out_internal ; Clock_Divider:inst2|clk_out_internal ; 0.000        ; 0.081      ; 1.524      ;
; 1.237 ; sonic:inst|j[6]            ; sonic:inst|latch                    ; Clock_Divider:inst2|clk_out_internal ; Clock_Divider:inst2|clk_out_internal ; 0.000        ; 0.082      ; 1.531      ;
; 1.239 ; data_out_module:inst1|i[3] ; data_out_module:inst1|i[6]          ; Clock_Divider:inst2|clk_out_internal ; Clock_Divider:inst2|clk_out_internal ; 0.000        ; 0.081      ; 1.532      ;
; 1.248 ; data_out_module:inst1|i[2] ; data_out_module:inst1|i[5]          ; Clock_Divider:inst2|clk_out_internal ; Clock_Divider:inst2|clk_out_internal ; 0.000        ; 0.081      ; 1.541      ;
; 1.248 ; sonic:inst|j[3]            ; sonic:inst|j[5]                     ; Clock_Divider:inst2|clk_out_internal ; Clock_Divider:inst2|clk_out_internal ; 0.000        ; 0.082      ; 1.542      ;
; 1.249 ; data_out_module:inst1|i[4] ; data_out_module:inst1|i[7]          ; Clock_Divider:inst2|clk_out_internal ; Clock_Divider:inst2|clk_out_internal ; 0.000        ; 0.081      ; 1.542      ;
; 1.250 ; data_out_module:inst1|i[0] ; data_out_module:inst1|i[3]          ; Clock_Divider:inst2|clk_out_internal ; Clock_Divider:inst2|clk_out_internal ; 0.000        ; 0.081      ; 1.543      ;
; 1.255 ; sonic:inst|i[0]            ; sonic:inst|clock                    ; Clock_Divider:inst2|clk_out_internal ; Clock_Divider:inst2|clk_out_internal ; 0.000        ; 0.082      ; 1.549      ;
; 1.256 ; sonic:inst|i[3]            ; sonic:inst|i[5]                     ; Clock_Divider:inst2|clk_out_internal ; Clock_Divider:inst2|clk_out_internal ; 0.000        ; 0.082      ; 1.550      ;
; 1.256 ; sonic:inst|i[1]            ; sonic:inst|i[3]                     ; Clock_Divider:inst2|clk_out_internal ; Clock_Divider:inst2|clk_out_internal ; 0.000        ; 0.082      ; 1.550      ;
; 1.257 ; data_out_module:inst1|i[2] ; data_out_module:inst1|i[6]          ; Clock_Divider:inst2|clk_out_internal ; Clock_Divider:inst2|clk_out_internal ; 0.000        ; 0.081      ; 1.550      ;
; 1.257 ; sonic:inst|j[3]            ; sonic:inst|j[6]                     ; Clock_Divider:inst2|clk_out_internal ; Clock_Divider:inst2|clk_out_internal ; 0.000        ; 0.082      ; 1.551      ;
; 1.259 ; data_out_module:inst1|i[0] ; data_out_module:inst1|i[4]          ; Clock_Divider:inst2|clk_out_internal ; Clock_Divider:inst2|clk_out_internal ; 0.000        ; 0.081      ; 1.552      ;
; 1.264 ; sonic:inst|i[2]            ; sonic:inst|i[5]                     ; Clock_Divider:inst2|clk_out_internal ; Clock_Divider:inst2|clk_out_internal ; 0.000        ; 0.082      ; 1.558      ;
; 1.264 ; sonic:inst|i[0]            ; sonic:inst|i[3]                     ; Clock_Divider:inst2|clk_out_internal ; Clock_Divider:inst2|clk_out_internal ; 0.000        ; 0.082      ; 1.558      ;
; 1.265 ; sonic:inst|i[3]            ; sonic:inst|i[6]                     ; Clock_Divider:inst2|clk_out_internal ; Clock_Divider:inst2|clk_out_internal ; 0.000        ; 0.082      ; 1.559      ;
; 1.265 ; sonic:inst|i[1]            ; sonic:inst|i[4]                     ; Clock_Divider:inst2|clk_out_internal ; Clock_Divider:inst2|clk_out_internal ; 0.000        ; 0.082      ; 1.559      ;
; 1.265 ; sonic:inst|j[2]            ; sonic:inst|j[5]                     ; Clock_Divider:inst2|clk_out_internal ; Clock_Divider:inst2|clk_out_internal ; 0.000        ; 0.082      ; 1.559      ;
; 1.273 ; sonic:inst|i[2]            ; sonic:inst|i[6]                     ; Clock_Divider:inst2|clk_out_internal ; Clock_Divider:inst2|clk_out_internal ; 0.000        ; 0.082      ; 1.567      ;
; 1.273 ; sonic:inst|i[0]            ; sonic:inst|i[4]                     ; Clock_Divider:inst2|clk_out_internal ; Clock_Divider:inst2|clk_out_internal ; 0.000        ; 0.082      ; 1.567      ;
; 1.274 ; sonic:inst|j[2]            ; sonic:inst|j[6]                     ; Clock_Divider:inst2|clk_out_internal ; Clock_Divider:inst2|clk_out_internal ; 0.000        ; 0.082      ; 1.568      ;
; 1.281 ; sonic:inst|j[2]            ; sonic:inst|j[0]                     ; Clock_Divider:inst2|clk_out_internal ; Clock_Divider:inst2|clk_out_internal ; 0.000        ; 0.082      ; 1.575      ;
; 1.281 ; sonic:inst|j[2]            ; sonic:inst|j[4]                     ; Clock_Divider:inst2|clk_out_internal ; Clock_Divider:inst2|clk_out_internal ; 0.000        ; 0.082      ; 1.575      ;
; 1.282 ; data_out_module:inst1|i[0] ; data_out_module:inst1|i[1]          ; Clock_Divider:inst2|clk_out_internal ; Clock_Divider:inst2|clk_out_internal ; 0.000        ; 0.079      ; 1.573      ;
; 1.289 ; data_out_module:inst1|i[1] ; data_out_module:inst1|i[1]          ; Clock_Divider:inst2|clk_out_internal ; Clock_Divider:inst2|clk_out_internal ; 0.000        ; 0.080      ; 1.581      ;
; 1.293 ; sonic:inst|j[4]            ; sonic:inst|j[4]                     ; Clock_Divider:inst2|clk_out_internal ; Clock_Divider:inst2|clk_out_internal ; 0.000        ; 0.082      ; 1.587      ;
; 1.326 ; sonic:inst|j[5]            ; sonic:inst|j[0]                     ; Clock_Divider:inst2|clk_out_internal ; Clock_Divider:inst2|clk_out_internal ; 0.000        ; 0.082      ; 1.620      ;
; 1.327 ; sonic:inst|j[5]            ; sonic:inst|j[4]                     ; Clock_Divider:inst2|clk_out_internal ; Clock_Divider:inst2|clk_out_internal ; 0.000        ; 0.082      ; 1.621      ;
; 1.331 ; data_out_module:inst1|i[5] ; data_out_module:inst1|i[1]          ; Clock_Divider:inst2|clk_out_internal ; Clock_Divider:inst2|clk_out_internal ; 0.000        ; 0.079      ; 1.622      ;
; 1.347 ; data_out_module:inst1|i[1] ; data_out_module:inst1|i[2]          ; Clock_Divider:inst2|clk_out_internal ; Clock_Divider:inst2|clk_out_internal ; 0.000        ; 0.082      ; 1.641      ;
; 1.351 ; data_out_module:inst1|j[3] ; data_out_module:inst1|data_outpin   ; Clock_Divider:inst2|clk_out_internal ; Clock_Divider:inst2|clk_out_internal ; 0.000        ; 0.608      ; 2.171      ;
; 1.356 ; sonic:inst|i[1]            ; sonic:inst|clock                    ; Clock_Divider:inst2|clk_out_internal ; Clock_Divider:inst2|clk_out_internal ; 0.000        ; 0.082      ; 1.650      ;
; 1.356 ; sonic:inst|i[3]            ; sonic:inst|clock                    ; Clock_Divider:inst2|clk_out_internal ; Clock_Divider:inst2|clk_out_internal ; 0.000        ; 0.082      ; 1.650      ;
; 1.370 ; data_out_module:inst1|i[3] ; data_out_module:inst1|i[7]          ; Clock_Divider:inst2|clk_out_internal ; Clock_Divider:inst2|clk_out_internal ; 0.000        ; 0.081      ; 1.663      ;
; 1.371 ; data_out_module:inst1|j[7] ; data_out_module_2:inst3|data_outpin ; Clock_Divider:inst2|clk_out_internal ; Clock_Divider:inst2|clk_out_internal ; 0.000        ; 0.081      ; 1.664      ;
; 1.387 ; sonic:inst|j[1]            ; sonic:inst|j[5]                     ; Clock_Divider:inst2|clk_out_internal ; Clock_Divider:inst2|clk_out_internal ; 0.000        ; 0.082      ; 1.681      ;
; 1.388 ; data_out_module:inst1|i[2] ; data_out_module:inst1|i[7]          ; Clock_Divider:inst2|clk_out_internal ; Clock_Divider:inst2|clk_out_internal ; 0.000        ; 0.081      ; 1.681      ;
+-------+----------------------------+-------------------------------------+--------------------------------------+--------------------------------------+--------------+------------+------------+


+------------------------------------------------------------------------------------------------------------------------+
; Slow 1200mV 85C Model Minimum Pulse Width: 'clk_in'                                                                    ;
+--------+--------------+----------------+------------------+--------+------------+--------------------------------------+
; Slack  ; Actual Width ; Required Width ; Type             ; Clock  ; Clock Edge ; Target                               ;
+--------+--------------+----------------+------------------+--------+------------+--------------------------------------+
; -3.000 ; 1.000        ; 4.000          ; Port Rate        ; clk_in ; Rise       ; clk_in                               ;
; -1.487 ; 1.000        ; 2.487          ; Min Period       ; clk_in ; Rise       ; Clock_Divider:inst2|clk_out_internal ;
; -1.487 ; 1.000        ; 2.487          ; Min Period       ; clk_in ; Rise       ; Clock_Divider:inst2|counter[0]       ;
; -1.487 ; 1.000        ; 2.487          ; Min Period       ; clk_in ; Rise       ; Clock_Divider:inst2|counter[1]       ;
; 0.285  ; 0.505        ; 0.220          ; High Pulse Width ; clk_in ; Rise       ; Clock_Divider:inst2|clk_out_internal ;
; 0.285  ; 0.505        ; 0.220          ; High Pulse Width ; clk_in ; Rise       ; Clock_Divider:inst2|counter[0]       ;
; 0.285  ; 0.505        ; 0.220          ; High Pulse Width ; clk_in ; Rise       ; Clock_Divider:inst2|counter[1]       ;
; 0.306  ; 0.494        ; 0.188          ; Low Pulse Width  ; clk_in ; Rise       ; Clock_Divider:inst2|clk_out_internal ;
; 0.306  ; 0.494        ; 0.188          ; Low Pulse Width  ; clk_in ; Rise       ; Clock_Divider:inst2|counter[0]       ;
; 0.306  ; 0.494        ; 0.188          ; Low Pulse Width  ; clk_in ; Rise       ; Clock_Divider:inst2|counter[1]       ;
; 0.446  ; 0.446        ; 0.000          ; Low Pulse Width  ; clk_in ; Rise       ; inst2|clk_out_internal|clk           ;
; 0.446  ; 0.446        ; 0.000          ; Low Pulse Width  ; clk_in ; Rise       ; inst2|counter[0]|clk                 ;
; 0.446  ; 0.446        ; 0.000          ; Low Pulse Width  ; clk_in ; Rise       ; inst2|counter[1]|clk                 ;
; 0.454  ; 0.454        ; 0.000          ; Low Pulse Width  ; clk_in ; Rise       ; clk_in~input|o                       ;
; 0.467  ; 0.467        ; 0.000          ; Low Pulse Width  ; clk_in ; Rise       ; clk_in~inputclkctrl|inclk[0]         ;
; 0.467  ; 0.467        ; 0.000          ; Low Pulse Width  ; clk_in ; Rise       ; clk_in~inputclkctrl|outclk           ;
; 0.500  ; 0.500        ; 0.000          ; High Pulse Width ; clk_in ; Rise       ; clk_in~input|i                       ;
; 0.500  ; 0.500        ; 0.000          ; Low Pulse Width  ; clk_in ; Rise       ; clk_in~input|i                       ;
; 0.532  ; 0.532        ; 0.000          ; High Pulse Width ; clk_in ; Rise       ; clk_in~inputclkctrl|inclk[0]         ;
; 0.532  ; 0.532        ; 0.000          ; High Pulse Width ; clk_in ; Rise       ; clk_in~inputclkctrl|outclk           ;
; 0.546  ; 0.546        ; 0.000          ; High Pulse Width ; clk_in ; Rise       ; clk_in~input|o                       ;
; 0.554  ; 0.554        ; 0.000          ; High Pulse Width ; clk_in ; Rise       ; inst2|clk_out_internal|clk           ;
; 0.554  ; 0.554        ; 0.000          ; High Pulse Width ; clk_in ; Rise       ; inst2|counter[0]|clk                 ;
; 0.554  ; 0.554        ; 0.000          ; High Pulse Width ; clk_in ; Rise       ; inst2|counter[1]|clk                 ;
+--------+--------------+----------------+------------------+--------+------------+--------------------------------------+


+-----------------------------------------------------------------------------------------------------------------------------------------------------+
; Slow 1200mV 85C Model Minimum Pulse Width: 'Clock_Divider:inst2|clk_out_internal'                                                                   ;
+--------+--------------+----------------+------------------+--------------------------------------+------------+-------------------------------------+
; Slack  ; Actual Width ; Required Width ; Type             ; Clock                                ; Clock Edge ; Target                              ;
+--------+--------------+----------------+------------------+--------------------------------------+------------+-------------------------------------+
; -1.487 ; 1.000        ; 2.487          ; Min Period       ; Clock_Divider:inst2|clk_out_internal ; Rise       ; data_out_module:inst1|data_outpin   ;
; -1.487 ; 1.000        ; 2.487          ; Min Period       ; Clock_Divider:inst2|clk_out_internal ; Rise       ; data_out_module:inst1|i[0]          ;
; -1.487 ; 1.000        ; 2.487          ; Min Period       ; Clock_Divider:inst2|clk_out_internal ; Rise       ; data_out_module:inst1|i[1]          ;
; -1.487 ; 1.000        ; 2.487          ; Min Period       ; Clock_Divider:inst2|clk_out_internal ; Rise       ; data_out_module:inst1|i[2]          ;
; -1.487 ; 1.000        ; 2.487          ; Min Period       ; Clock_Divider:inst2|clk_out_internal ; Rise       ; data_out_module:inst1|i[3]          ;
; -1.487 ; 1.000        ; 2.487          ; Min Period       ; Clock_Divider:inst2|clk_out_internal ; Rise       ; data_out_module:inst1|i[4]          ;
; -1.487 ; 1.000        ; 2.487          ; Min Period       ; Clock_Divider:inst2|clk_out_internal ; Rise       ; data_out_module:inst1|i[5]          ;
; -1.487 ; 1.000        ; 2.487          ; Min Period       ; Clock_Divider:inst2|clk_out_internal ; Rise       ; data_out_module:inst1|i[6]          ;
; -1.487 ; 1.000        ; 2.487          ; Min Period       ; Clock_Divider:inst2|clk_out_internal ; Rise       ; data_out_module:inst1|i[7]          ;
; -1.487 ; 1.000        ; 2.487          ; Min Period       ; Clock_Divider:inst2|clk_out_internal ; Rise       ; data_out_module:inst1|j[0]          ;
; -1.487 ; 1.000        ; 2.487          ; Min Period       ; Clock_Divider:inst2|clk_out_internal ; Rise       ; data_out_module:inst1|j[1]          ;
; -1.487 ; 1.000        ; 2.487          ; Min Period       ; Clock_Divider:inst2|clk_out_internal ; Rise       ; data_out_module:inst1|j[2]          ;
; -1.487 ; 1.000        ; 2.487          ; Min Period       ; Clock_Divider:inst2|clk_out_internal ; Rise       ; data_out_module:inst1|j[3]          ;
; -1.487 ; 1.000        ; 2.487          ; Min Period       ; Clock_Divider:inst2|clk_out_internal ; Rise       ; data_out_module:inst1|j[4]          ;
; -1.487 ; 1.000        ; 2.487          ; Min Period       ; Clock_Divider:inst2|clk_out_internal ; Rise       ; data_out_module:inst1|j[5]          ;
; -1.487 ; 1.000        ; 2.487          ; Min Period       ; Clock_Divider:inst2|clk_out_internal ; Rise       ; data_out_module:inst1|j[6]          ;
; -1.487 ; 1.000        ; 2.487          ; Min Period       ; Clock_Divider:inst2|clk_out_internal ; Rise       ; data_out_module:inst1|j[7]          ;
; -1.487 ; 1.000        ; 2.487          ; Min Period       ; Clock_Divider:inst2|clk_out_internal ; Rise       ; data_out_module_2:inst3|data_outpin ;
; -1.487 ; 1.000        ; 2.487          ; Min Period       ; Clock_Divider:inst2|clk_out_internal ; Rise       ; sonic:inst|clock                    ;
; -1.487 ; 1.000        ; 2.487          ; Min Period       ; Clock_Divider:inst2|clk_out_internal ; Rise       ; sonic:inst|clockpin                 ;
; -1.487 ; 1.000        ; 2.487          ; Min Period       ; Clock_Divider:inst2|clk_out_internal ; Rise       ; sonic:inst|i[0]                     ;
; -1.487 ; 1.000        ; 2.487          ; Min Period       ; Clock_Divider:inst2|clk_out_internal ; Rise       ; sonic:inst|i[1]                     ;
; -1.487 ; 1.000        ; 2.487          ; Min Period       ; Clock_Divider:inst2|clk_out_internal ; Rise       ; sonic:inst|i[2]                     ;
; -1.487 ; 1.000        ; 2.487          ; Min Period       ; Clock_Divider:inst2|clk_out_internal ; Rise       ; sonic:inst|i[3]                     ;
; -1.487 ; 1.000        ; 2.487          ; Min Period       ; Clock_Divider:inst2|clk_out_internal ; Rise       ; sonic:inst|i[4]                     ;
; -1.487 ; 1.000        ; 2.487          ; Min Period       ; Clock_Divider:inst2|clk_out_internal ; Rise       ; sonic:inst|i[5]                     ;
; -1.487 ; 1.000        ; 2.487          ; Min Period       ; Clock_Divider:inst2|clk_out_internal ; Rise       ; sonic:inst|i[6]                     ;
; -1.487 ; 1.000        ; 2.487          ; Min Period       ; Clock_Divider:inst2|clk_out_internal ; Rise       ; sonic:inst|j[0]                     ;
; -1.487 ; 1.000        ; 2.487          ; Min Period       ; Clock_Divider:inst2|clk_out_internal ; Rise       ; sonic:inst|j[1]                     ;
; -1.487 ; 1.000        ; 2.487          ; Min Period       ; Clock_Divider:inst2|clk_out_internal ; Rise       ; sonic:inst|j[2]                     ;
; -1.487 ; 1.000        ; 2.487          ; Min Period       ; Clock_Divider:inst2|clk_out_internal ; Rise       ; sonic:inst|j[3]                     ;
; -1.487 ; 1.000        ; 2.487          ; Min Period       ; Clock_Divider:inst2|clk_out_internal ; Rise       ; sonic:inst|j[4]                     ;
; -1.487 ; 1.000        ; 2.487          ; Min Period       ; Clock_Divider:inst2|clk_out_internal ; Rise       ; sonic:inst|j[5]                     ;
; -1.487 ; 1.000        ; 2.487          ; Min Period       ; Clock_Divider:inst2|clk_out_internal ; Rise       ; sonic:inst|j[6]                     ;
; -1.487 ; 1.000        ; 2.487          ; Min Period       ; Clock_Divider:inst2|clk_out_internal ; Rise       ; sonic:inst|latch                    ;
; -1.487 ; 1.000        ; 2.487          ; Min Period       ; Clock_Divider:inst2|clk_out_internal ; Rise       ; sonic:inst|latchpin                 ;
; 0.275  ; 0.495        ; 0.220          ; High Pulse Width ; Clock_Divider:inst2|clk_out_internal ; Rise       ; data_out_module:inst1|data_outpin   ;
; 0.293  ; 0.481        ; 0.188          ; Low Pulse Width  ; Clock_Divider:inst2|clk_out_internal ; Rise       ; data_out_module:inst1|i[1]          ;
; 0.293  ; 0.481        ; 0.188          ; Low Pulse Width  ; Clock_Divider:inst2|clk_out_internal ; Rise       ; data_out_module:inst1|j[0]          ;
; 0.293  ; 0.481        ; 0.188          ; Low Pulse Width  ; Clock_Divider:inst2|clk_out_internal ; Rise       ; data_out_module:inst1|j[2]          ;
; 0.293  ; 0.481        ; 0.188          ; Low Pulse Width  ; Clock_Divider:inst2|clk_out_internal ; Rise       ; data_out_module:inst1|j[3]          ;
; 0.293  ; 0.481        ; 0.188          ; Low Pulse Width  ; Clock_Divider:inst2|clk_out_internal ; Rise       ; data_out_module:inst1|j[4]          ;
; 0.293  ; 0.481        ; 0.188          ; Low Pulse Width  ; Clock_Divider:inst2|clk_out_internal ; Rise       ; data_out_module:inst1|j[5]          ;
; 0.293  ; 0.481        ; 0.188          ; Low Pulse Width  ; Clock_Divider:inst2|clk_out_internal ; Rise       ; data_out_module:inst1|j[6]          ;
; 0.293  ; 0.481        ; 0.188          ; Low Pulse Width  ; Clock_Divider:inst2|clk_out_internal ; Rise       ; data_out_module:inst1|j[7]          ;
; 0.293  ; 0.481        ; 0.188          ; Low Pulse Width  ; Clock_Divider:inst2|clk_out_internal ; Rise       ; data_out_module_2:inst3|data_outpin ;
; 0.294  ; 0.482        ; 0.188          ; Low Pulse Width  ; Clock_Divider:inst2|clk_out_internal ; Rise       ; data_out_module:inst1|i[0]          ;
; 0.294  ; 0.482        ; 0.188          ; Low Pulse Width  ; Clock_Divider:inst2|clk_out_internal ; Rise       ; data_out_module:inst1|i[2]          ;
; 0.294  ; 0.482        ; 0.188          ; Low Pulse Width  ; Clock_Divider:inst2|clk_out_internal ; Rise       ; data_out_module:inst1|i[3]          ;
; 0.294  ; 0.482        ; 0.188          ; Low Pulse Width  ; Clock_Divider:inst2|clk_out_internal ; Rise       ; data_out_module:inst1|i[4]          ;
; 0.294  ; 0.482        ; 0.188          ; Low Pulse Width  ; Clock_Divider:inst2|clk_out_internal ; Rise       ; data_out_module:inst1|i[5]          ;
; 0.294  ; 0.482        ; 0.188          ; Low Pulse Width  ; Clock_Divider:inst2|clk_out_internal ; Rise       ; data_out_module:inst1|i[6]          ;
; 0.294  ; 0.482        ; 0.188          ; Low Pulse Width  ; Clock_Divider:inst2|clk_out_internal ; Rise       ; data_out_module:inst1|i[7]          ;
; 0.294  ; 0.482        ; 0.188          ; Low Pulse Width  ; Clock_Divider:inst2|clk_out_internal ; Rise       ; data_out_module:inst1|j[1]          ;
; 0.294  ; 0.514        ; 0.220          ; High Pulse Width ; Clock_Divider:inst2|clk_out_internal ; Rise       ; sonic:inst|clock                    ;
; 0.294  ; 0.514        ; 0.220          ; High Pulse Width ; Clock_Divider:inst2|clk_out_internal ; Rise       ; sonic:inst|clockpin                 ;
; 0.294  ; 0.514        ; 0.220          ; High Pulse Width ; Clock_Divider:inst2|clk_out_internal ; Rise       ; sonic:inst|i[0]                     ;
; 0.294  ; 0.514        ; 0.220          ; High Pulse Width ; Clock_Divider:inst2|clk_out_internal ; Rise       ; sonic:inst|i[1]                     ;
; 0.294  ; 0.514        ; 0.220          ; High Pulse Width ; Clock_Divider:inst2|clk_out_internal ; Rise       ; sonic:inst|i[2]                     ;
; 0.294  ; 0.514        ; 0.220          ; High Pulse Width ; Clock_Divider:inst2|clk_out_internal ; Rise       ; sonic:inst|i[3]                     ;
; 0.294  ; 0.514        ; 0.220          ; High Pulse Width ; Clock_Divider:inst2|clk_out_internal ; Rise       ; sonic:inst|i[4]                     ;
; 0.294  ; 0.514        ; 0.220          ; High Pulse Width ; Clock_Divider:inst2|clk_out_internal ; Rise       ; sonic:inst|i[5]                     ;
; 0.294  ; 0.514        ; 0.220          ; High Pulse Width ; Clock_Divider:inst2|clk_out_internal ; Rise       ; sonic:inst|i[6]                     ;
; 0.294  ; 0.514        ; 0.220          ; High Pulse Width ; Clock_Divider:inst2|clk_out_internal ; Rise       ; sonic:inst|j[0]                     ;
; 0.294  ; 0.514        ; 0.220          ; High Pulse Width ; Clock_Divider:inst2|clk_out_internal ; Rise       ; sonic:inst|j[1]                     ;
; 0.294  ; 0.514        ; 0.220          ; High Pulse Width ; Clock_Divider:inst2|clk_out_internal ; Rise       ; sonic:inst|j[2]                     ;
; 0.294  ; 0.514        ; 0.220          ; High Pulse Width ; Clock_Divider:inst2|clk_out_internal ; Rise       ; sonic:inst|j[3]                     ;
; 0.294  ; 0.514        ; 0.220          ; High Pulse Width ; Clock_Divider:inst2|clk_out_internal ; Rise       ; sonic:inst|j[4]                     ;
; 0.294  ; 0.514        ; 0.220          ; High Pulse Width ; Clock_Divider:inst2|clk_out_internal ; Rise       ; sonic:inst|j[5]                     ;
; 0.294  ; 0.514        ; 0.220          ; High Pulse Width ; Clock_Divider:inst2|clk_out_internal ; Rise       ; sonic:inst|j[6]                     ;
; 0.294  ; 0.514        ; 0.220          ; High Pulse Width ; Clock_Divider:inst2|clk_out_internal ; Rise       ; sonic:inst|latch                    ;
; 0.294  ; 0.514        ; 0.220          ; High Pulse Width ; Clock_Divider:inst2|clk_out_internal ; Rise       ; sonic:inst|latchpin                 ;
; 0.296  ; 0.484        ; 0.188          ; Low Pulse Width  ; Clock_Divider:inst2|clk_out_internal ; Rise       ; sonic:inst|clock                    ;
; 0.296  ; 0.484        ; 0.188          ; Low Pulse Width  ; Clock_Divider:inst2|clk_out_internal ; Rise       ; sonic:inst|clockpin                 ;
; 0.296  ; 0.484        ; 0.188          ; Low Pulse Width  ; Clock_Divider:inst2|clk_out_internal ; Rise       ; sonic:inst|i[0]                     ;
; 0.296  ; 0.484        ; 0.188          ; Low Pulse Width  ; Clock_Divider:inst2|clk_out_internal ; Rise       ; sonic:inst|i[1]                     ;
; 0.296  ; 0.484        ; 0.188          ; Low Pulse Width  ; Clock_Divider:inst2|clk_out_internal ; Rise       ; sonic:inst|i[2]                     ;
; 0.296  ; 0.484        ; 0.188          ; Low Pulse Width  ; Clock_Divider:inst2|clk_out_internal ; Rise       ; sonic:inst|i[3]                     ;
; 0.296  ; 0.484        ; 0.188          ; Low Pulse Width  ; Clock_Divider:inst2|clk_out_internal ; Rise       ; sonic:inst|i[4]                     ;
; 0.296  ; 0.484        ; 0.188          ; Low Pulse Width  ; Clock_Divider:inst2|clk_out_internal ; Rise       ; sonic:inst|i[5]                     ;
; 0.296  ; 0.484        ; 0.188          ; Low Pulse Width  ; Clock_Divider:inst2|clk_out_internal ; Rise       ; sonic:inst|i[6]                     ;
; 0.296  ; 0.484        ; 0.188          ; Low Pulse Width  ; Clock_Divider:inst2|clk_out_internal ; Rise       ; sonic:inst|j[0]                     ;
; 0.296  ; 0.484        ; 0.188          ; Low Pulse Width  ; Clock_Divider:inst2|clk_out_internal ; Rise       ; sonic:inst|j[1]                     ;
; 0.296  ; 0.484        ; 0.188          ; Low Pulse Width  ; Clock_Divider:inst2|clk_out_internal ; Rise       ; sonic:inst|j[2]                     ;
; 0.296  ; 0.484        ; 0.188          ; Low Pulse Width  ; Clock_Divider:inst2|clk_out_internal ; Rise       ; sonic:inst|j[3]                     ;
; 0.296  ; 0.484        ; 0.188          ; Low Pulse Width  ; Clock_Divider:inst2|clk_out_internal ; Rise       ; sonic:inst|j[4]                     ;
; 0.296  ; 0.484        ; 0.188          ; Low Pulse Width  ; Clock_Divider:inst2|clk_out_internal ; Rise       ; sonic:inst|j[5]                     ;
; 0.296  ; 0.484        ; 0.188          ; Low Pulse Width  ; Clock_Divider:inst2|clk_out_internal ; Rise       ; sonic:inst|j[6]                     ;
; 0.296  ; 0.484        ; 0.188          ; Low Pulse Width  ; Clock_Divider:inst2|clk_out_internal ; Rise       ; sonic:inst|latch                    ;
; 0.296  ; 0.484        ; 0.188          ; Low Pulse Width  ; Clock_Divider:inst2|clk_out_internal ; Rise       ; sonic:inst|latchpin                 ;
; 0.297  ; 0.517        ; 0.220          ; High Pulse Width ; Clock_Divider:inst2|clk_out_internal ; Rise       ; data_out_module:inst1|i[0]          ;
; 0.297  ; 0.517        ; 0.220          ; High Pulse Width ; Clock_Divider:inst2|clk_out_internal ; Rise       ; data_out_module:inst1|i[1]          ;
; 0.297  ; 0.517        ; 0.220          ; High Pulse Width ; Clock_Divider:inst2|clk_out_internal ; Rise       ; data_out_module:inst1|i[2]          ;
; 0.297  ; 0.517        ; 0.220          ; High Pulse Width ; Clock_Divider:inst2|clk_out_internal ; Rise       ; data_out_module:inst1|i[3]          ;
; 0.297  ; 0.517        ; 0.220          ; High Pulse Width ; Clock_Divider:inst2|clk_out_internal ; Rise       ; data_out_module:inst1|i[4]          ;
; 0.297  ; 0.517        ; 0.220          ; High Pulse Width ; Clock_Divider:inst2|clk_out_internal ; Rise       ; data_out_module:inst1|i[5]          ;
; 0.297  ; 0.517        ; 0.220          ; High Pulse Width ; Clock_Divider:inst2|clk_out_internal ; Rise       ; data_out_module:inst1|i[6]          ;
; 0.297  ; 0.517        ; 0.220          ; High Pulse Width ; Clock_Divider:inst2|clk_out_internal ; Rise       ; data_out_module:inst1|i[7]          ;
; 0.297  ; 0.517        ; 0.220          ; High Pulse Width ; Clock_Divider:inst2|clk_out_internal ; Rise       ; data_out_module:inst1|j[0]          ;
; 0.297  ; 0.517        ; 0.220          ; High Pulse Width ; Clock_Divider:inst2|clk_out_internal ; Rise       ; data_out_module:inst1|j[1]          ;
+--------+--------------+----------------+------------------+--------------------------------------+------------+-------------------------------------+


+--------------------------------------------------------------------------------------------------------------------------+
; Clock to Output Times                                                                                                    ;
+---------------+--------------------------------------+-------+-------+------------+--------------------------------------+
; Data Port     ; Clock Port                           ; Rise  ; Fall  ; Clock Edge ; Clock Reference                      ;
+---------------+--------------------------------------+-------+-------+------------+--------------------------------------+
; clk_origin    ; Clock_Divider:inst2|clk_out_internal ; 4.064 ;       ; Rise       ; Clock_Divider:inst2|clk_out_internal ;
; clockpin      ; Clock_Divider:inst2|clk_out_internal ; 6.297 ; 6.265 ; Rise       ; Clock_Divider:inst2|clk_out_internal ;
; data_outpin   ; Clock_Divider:inst2|clk_out_internal ; 8.676 ; 8.476 ; Rise       ; Clock_Divider:inst2|clk_out_internal ;
; data_outpin_2 ; Clock_Divider:inst2|clk_out_internal ; 6.978 ; 6.871 ; Rise       ; Clock_Divider:inst2|clk_out_internal ;
; latchpin      ; Clock_Divider:inst2|clk_out_internal ; 6.292 ; 6.265 ; Rise       ; Clock_Divider:inst2|clk_out_internal ;
; clk_origin    ; Clock_Divider:inst2|clk_out_internal ;       ; 4.037 ; Fall       ; Clock_Divider:inst2|clk_out_internal ;
; pin_name1     ; clk_in                               ; 4.684 ; 4.803 ; Rise       ; clk_in                               ;
; pin_name1     ; clk_in                               ; 4.684 ; 4.803 ; Fall       ; clk_in                               ;
+---------------+--------------------------------------+-------+-------+------------+--------------------------------------+


+--------------------------------------------------------------------------------------------------------------------------+
; Minimum Clock to Output Times                                                                                            ;
+---------------+--------------------------------------+-------+-------+------------+--------------------------------------+
; Data Port     ; Clock Port                           ; Rise  ; Fall  ; Clock Edge ; Clock Reference                      ;
+---------------+--------------------------------------+-------+-------+------------+--------------------------------------+
; clk_origin    ; Clock_Divider:inst2|clk_out_internal ; 3.922 ;       ; Rise       ; Clock_Divider:inst2|clk_out_internal ;
; clockpin      ; Clock_Divider:inst2|clk_out_internal ; 6.050 ; 6.019 ; Rise       ; Clock_Divider:inst2|clk_out_internal ;
; data_outpin   ; Clock_Divider:inst2|clk_out_internal ; 8.335 ; 8.141 ; Rise       ; Clock_Divider:inst2|clk_out_internal ;
; data_outpin_2 ; Clock_Divider:inst2|clk_out_internal ; 6.707 ; 6.604 ; Rise       ; Clock_Divider:inst2|clk_out_internal ;
; latchpin      ; Clock_Divider:inst2|clk_out_internal ; 6.046 ; 6.018 ; Rise       ; Clock_Divider:inst2|clk_out_internal ;
; clk_origin    ; Clock_Divider:inst2|clk_out_internal ;       ; 3.895 ; Fall       ; Clock_Divider:inst2|clk_out_internal ;
; pin_name1     ; clk_in                               ; 4.547 ; 4.662 ; Rise       ; clk_in                               ;
; pin_name1     ; clk_in                               ; 4.547 ; 4.662 ; Fall       ; clk_in                               ;
+---------------+--------------------------------------+-------+-------+------------+--------------------------------------+


----------------------------------------------
; Slow 1200mV 85C Model Metastability Report ;
----------------------------------------------
No synchronizer chains to report.


+-------------------------------------------------------------------------------------------------------------------------------------+
; Slow 1200mV 0C Model Fmax Summary                                                                                                   ;
+------------+-----------------+--------------------------------------+---------------------------------------------------------------+
; Fmax       ; Restricted Fmax ; Clock Name                           ; Note                                                          ;
+------------+-----------------+--------------------------------------+---------------------------------------------------------------+
; 294.2 MHz  ; 294.2 MHz       ; Clock_Divider:inst2|clk_out_internal ;                                                               ;
; 702.74 MHz ; 250.0 MHz       ; clk_in                               ; limit due to minimum period restriction (max I/O toggle rate) ;
+------------+-----------------+--------------------------------------+---------------------------------------------------------------+
This panel reports FMAX for every clock in the design, regardless of the user-specified clock periods.  FMAX is only computed for paths where the source and destination registers or ports are driven by the same clock.  Paths of different clocks, including generated clocks, are ignored.  For paths between a clock and its inversion, FMAX is computed as if the rising and falling edges are scaled along with FMAX, such that the duty cycle (in terms of a percentage) is maintained. Altera recommends that you always use clock constraints and other slack reports for sign-off analysis.


+---------------------------------------------------------------+
; Slow 1200mV 0C Model Setup Summary                            ;
+--------------------------------------+--------+---------------+
; Clock                                ; Slack  ; End Point TNS ;
+--------------------------------------+--------+---------------+
; Clock_Divider:inst2|clk_out_internal ; -2.399 ; -53.789       ;
; clk_in                               ; -0.423 ; -0.505        ;
+--------------------------------------+--------+---------------+


+--------------------------------------------------------------+
; Slow 1200mV 0C Model Hold Summary                            ;
+--------------------------------------+-------+---------------+
; Clock                                ; Slack ; End Point TNS ;
+--------------------------------------+-------+---------------+
; clk_in                               ; 0.316 ; 0.000         ;
; Clock_Divider:inst2|clk_out_internal ; 0.402 ; 0.000         ;
+--------------------------------------+-------+---------------+


-----------------------------------------
; Slow 1200mV 0C Model Recovery Summary ;
-----------------------------------------
No paths to report.


----------------------------------------
; Slow 1200mV 0C Model Removal Summary ;
----------------------------------------
No paths to report.


+---------------------------------------------------------------+
; Slow 1200mV 0C Model Minimum Pulse Width Summary              ;
+--------------------------------------+--------+---------------+
; Clock                                ; Slack  ; End Point TNS ;
+--------------------------------------+--------+---------------+
; clk_in                               ; -3.000 ; -7.461        ;
; Clock_Divider:inst2|clk_out_internal ; -1.487 ; -53.532       ;
+--------------------------------------+--------+---------------+


+--------------------------------------------------------------------------------------------------------------------------------------------------------------------------------------------------+
; Slow 1200mV 0C Model Setup: 'Clock_Divider:inst2|clk_out_internal'                                                                                                                               ;
+--------+----------------------------+-------------------------------------+--------------------------------------+--------------------------------------+--------------+------------+------------+
; Slack  ; From Node                  ; To Node                             ; Launch Clock                         ; Latch Clock                          ; Relationship ; Clock Skew ; Data Delay ;
+--------+----------------------------+-------------------------------------+--------------------------------------+--------------------------------------+--------------+------------+------------+
; -2.399 ; data_out_module:inst1|j[1] ; data_out_module_2:inst3|data_outpin ; Clock_Divider:inst2|clk_out_internal ; Clock_Divider:inst2|clk_out_internal ; 1.000        ; -0.071     ; 3.330      ;
; -2.339 ; data_out_module:inst1|j[0] ; data_out_module_2:inst3|data_outpin ; Clock_Divider:inst2|clk_out_internal ; Clock_Divider:inst2|clk_out_internal ; 1.000        ; -0.072     ; 3.269      ;
; -2.302 ; data_out_module:inst1|j[4] ; data_out_module_2:inst3|data_outpin ; Clock_Divider:inst2|clk_out_internal ; Clock_Divider:inst2|clk_out_internal ; 1.000        ; -0.072     ; 3.232      ;
; -2.275 ; data_out_module:inst1|j[2] ; data_out_module_2:inst3|data_outpin ; Clock_Divider:inst2|clk_out_internal ; Clock_Divider:inst2|clk_out_internal ; 1.000        ; -0.072     ; 3.205      ;
; -2.210 ; data_out_module:inst1|j[1] ; data_out_module:inst1|j[6]          ; Clock_Divider:inst2|clk_out_internal ; Clock_Divider:inst2|clk_out_internal ; 1.000        ; -0.071     ; 3.141      ;
; -2.203 ; data_out_module:inst1|j[6] ; data_out_module:inst1|j[3]          ; Clock_Divider:inst2|clk_out_internal ; Clock_Divider:inst2|clk_out_internal ; 1.000        ; -0.072     ; 3.133      ;
; -2.202 ; data_out_module:inst1|j[6] ; data_out_module:inst1|j[7]          ; Clock_Divider:inst2|clk_out_internal ; Clock_Divider:inst2|clk_out_internal ; 1.000        ; -0.072     ; 3.132      ;
; -2.202 ; data_out_module:inst1|j[6] ; data_out_module:inst1|j[5]          ; Clock_Divider:inst2|clk_out_internal ; Clock_Divider:inst2|clk_out_internal ; 1.000        ; -0.072     ; 3.132      ;
; -2.201 ; data_out_module:inst1|j[6] ; data_out_module:inst1|j[0]          ; Clock_Divider:inst2|clk_out_internal ; Clock_Divider:inst2|clk_out_internal ; 1.000        ; -0.072     ; 3.131      ;
; -2.200 ; data_out_module:inst1|j[6] ; data_out_module:inst1|j[6]          ; Clock_Divider:inst2|clk_out_internal ; Clock_Divider:inst2|clk_out_internal ; 1.000        ; -0.072     ; 3.130      ;
; -2.198 ; data_out_module:inst1|j[5] ; data_out_module:inst1|j[3]          ; Clock_Divider:inst2|clk_out_internal ; Clock_Divider:inst2|clk_out_internal ; 1.000        ; -0.072     ; 3.128      ;
; -2.197 ; data_out_module:inst1|j[5] ; data_out_module:inst1|j[7]          ; Clock_Divider:inst2|clk_out_internal ; Clock_Divider:inst2|clk_out_internal ; 1.000        ; -0.072     ; 3.127      ;
; -2.197 ; data_out_module:inst1|j[5] ; data_out_module:inst1|j[5]          ; Clock_Divider:inst2|clk_out_internal ; Clock_Divider:inst2|clk_out_internal ; 1.000        ; -0.072     ; 3.127      ;
; -2.196 ; data_out_module:inst1|j[5] ; data_out_module:inst1|j[0]          ; Clock_Divider:inst2|clk_out_internal ; Clock_Divider:inst2|clk_out_internal ; 1.000        ; -0.072     ; 3.126      ;
; -2.195 ; data_out_module:inst1|j[6] ; data_out_module:inst1|j[4]          ; Clock_Divider:inst2|clk_out_internal ; Clock_Divider:inst2|clk_out_internal ; 1.000        ; -0.072     ; 3.125      ;
; -2.195 ; data_out_module:inst1|j[6] ; data_out_module:inst1|j[2]          ; Clock_Divider:inst2|clk_out_internal ; Clock_Divider:inst2|clk_out_internal ; 1.000        ; -0.072     ; 3.125      ;
; -2.195 ; data_out_module:inst1|j[5] ; data_out_module:inst1|j[6]          ; Clock_Divider:inst2|clk_out_internal ; Clock_Divider:inst2|clk_out_internal ; 1.000        ; -0.072     ; 3.125      ;
; -2.190 ; data_out_module:inst1|j[5] ; data_out_module:inst1|j[4]          ; Clock_Divider:inst2|clk_out_internal ; Clock_Divider:inst2|clk_out_internal ; 1.000        ; -0.072     ; 3.120      ;
; -2.190 ; data_out_module:inst1|j[5] ; data_out_module:inst1|j[2]          ; Clock_Divider:inst2|clk_out_internal ; Clock_Divider:inst2|clk_out_internal ; 1.000        ; -0.072     ; 3.120      ;
; -2.152 ; data_out_module:inst1|i[6] ; data_out_module:inst1|j[3]          ; Clock_Divider:inst2|clk_out_internal ; Clock_Divider:inst2|clk_out_internal ; 1.000        ; -0.071     ; 3.083      ;
; -2.151 ; data_out_module:inst1|i[6] ; data_out_module:inst1|j[7]          ; Clock_Divider:inst2|clk_out_internal ; Clock_Divider:inst2|clk_out_internal ; 1.000        ; -0.071     ; 3.082      ;
; -2.151 ; data_out_module:inst1|i[6] ; data_out_module:inst1|j[5]          ; Clock_Divider:inst2|clk_out_internal ; Clock_Divider:inst2|clk_out_internal ; 1.000        ; -0.071     ; 3.082      ;
; -2.151 ; data_out_module:inst1|i[7] ; data_out_module:inst1|j[3]          ; Clock_Divider:inst2|clk_out_internal ; Clock_Divider:inst2|clk_out_internal ; 1.000        ; -0.071     ; 3.082      ;
; -2.150 ; data_out_module:inst1|i[6] ; data_out_module:inst1|j[0]          ; Clock_Divider:inst2|clk_out_internal ; Clock_Divider:inst2|clk_out_internal ; 1.000        ; -0.071     ; 3.081      ;
; -2.150 ; data_out_module:inst1|i[7] ; data_out_module:inst1|j[7]          ; Clock_Divider:inst2|clk_out_internal ; Clock_Divider:inst2|clk_out_internal ; 1.000        ; -0.071     ; 3.081      ;
; -2.150 ; data_out_module:inst1|i[7] ; data_out_module:inst1|j[5]          ; Clock_Divider:inst2|clk_out_internal ; Clock_Divider:inst2|clk_out_internal ; 1.000        ; -0.071     ; 3.081      ;
; -2.149 ; data_out_module:inst1|i[6] ; data_out_module:inst1|j[6]          ; Clock_Divider:inst2|clk_out_internal ; Clock_Divider:inst2|clk_out_internal ; 1.000        ; -0.071     ; 3.080      ;
; -2.149 ; data_out_module:inst1|i[7] ; data_out_module:inst1|j[0]          ; Clock_Divider:inst2|clk_out_internal ; Clock_Divider:inst2|clk_out_internal ; 1.000        ; -0.071     ; 3.080      ;
; -2.148 ; data_out_module:inst1|i[7] ; data_out_module:inst1|j[6]          ; Clock_Divider:inst2|clk_out_internal ; Clock_Divider:inst2|clk_out_internal ; 1.000        ; -0.071     ; 3.079      ;
; -2.144 ; data_out_module:inst1|i[6] ; data_out_module:inst1|j[4]          ; Clock_Divider:inst2|clk_out_internal ; Clock_Divider:inst2|clk_out_internal ; 1.000        ; -0.071     ; 3.075      ;
; -2.144 ; data_out_module:inst1|i[6] ; data_out_module:inst1|j[2]          ; Clock_Divider:inst2|clk_out_internal ; Clock_Divider:inst2|clk_out_internal ; 1.000        ; -0.071     ; 3.075      ;
; -2.143 ; data_out_module:inst1|i[7] ; data_out_module:inst1|j[4]          ; Clock_Divider:inst2|clk_out_internal ; Clock_Divider:inst2|clk_out_internal ; 1.000        ; -0.071     ; 3.074      ;
; -2.143 ; data_out_module:inst1|i[7] ; data_out_module:inst1|j[2]          ; Clock_Divider:inst2|clk_out_internal ; Clock_Divider:inst2|clk_out_internal ; 1.000        ; -0.071     ; 3.074      ;
; -2.122 ; data_out_module:inst1|j[2] ; data_out_module:inst1|j[3]          ; Clock_Divider:inst2|clk_out_internal ; Clock_Divider:inst2|clk_out_internal ; 1.000        ; -0.072     ; 3.052      ;
; -2.121 ; data_out_module:inst1|j[2] ; data_out_module:inst1|j[7]          ; Clock_Divider:inst2|clk_out_internal ; Clock_Divider:inst2|clk_out_internal ; 1.000        ; -0.072     ; 3.051      ;
; -2.121 ; data_out_module:inst1|j[2] ; data_out_module:inst1|j[5]          ; Clock_Divider:inst2|clk_out_internal ; Clock_Divider:inst2|clk_out_internal ; 1.000        ; -0.072     ; 3.051      ;
; -2.120 ; data_out_module:inst1|j[2] ; data_out_module:inst1|j[0]          ; Clock_Divider:inst2|clk_out_internal ; Clock_Divider:inst2|clk_out_internal ; 1.000        ; -0.072     ; 3.050      ;
; -2.119 ; data_out_module:inst1|j[2] ; data_out_module:inst1|j[6]          ; Clock_Divider:inst2|clk_out_internal ; Clock_Divider:inst2|clk_out_internal ; 1.000        ; -0.072     ; 3.049      ;
; -2.114 ; data_out_module:inst1|j[2] ; data_out_module:inst1|j[4]          ; Clock_Divider:inst2|clk_out_internal ; Clock_Divider:inst2|clk_out_internal ; 1.000        ; -0.072     ; 3.044      ;
; -2.114 ; data_out_module:inst1|j[2] ; data_out_module:inst1|j[2]          ; Clock_Divider:inst2|clk_out_internal ; Clock_Divider:inst2|clk_out_internal ; 1.000        ; -0.072     ; 3.044      ;
; -2.102 ; data_out_module:inst1|j[0] ; data_out_module:inst1|data_outpin   ; Clock_Divider:inst2|clk_out_internal ; Clock_Divider:inst2|clk_out_internal ; 1.000        ; 0.405      ; 3.509      ;
; -2.083 ; data_out_module:inst1|j[1] ; data_out_module:inst1|j[4]          ; Clock_Divider:inst2|clk_out_internal ; Clock_Divider:inst2|clk_out_internal ; 1.000        ; -0.071     ; 3.014      ;
; -2.055 ; data_out_module:inst1|j[3] ; data_out_module_2:inst3|data_outpin ; Clock_Divider:inst2|clk_out_internal ; Clock_Divider:inst2|clk_out_internal ; 1.000        ; -0.072     ; 2.985      ;
; -2.043 ; data_out_module:inst1|j[4] ; data_out_module:inst1|j[3]          ; Clock_Divider:inst2|clk_out_internal ; Clock_Divider:inst2|clk_out_internal ; 1.000        ; -0.072     ; 2.973      ;
; -2.042 ; data_out_module:inst1|j[4] ; data_out_module:inst1|j[5]          ; Clock_Divider:inst2|clk_out_internal ; Clock_Divider:inst2|clk_out_internal ; 1.000        ; -0.072     ; 2.972      ;
; -2.041 ; data_out_module:inst1|j[4] ; data_out_module:inst1|j[7]          ; Clock_Divider:inst2|clk_out_internal ; Clock_Divider:inst2|clk_out_internal ; 1.000        ; -0.072     ; 2.971      ;
; -2.040 ; data_out_module:inst1|j[4] ; data_out_module:inst1|j[0]          ; Clock_Divider:inst2|clk_out_internal ; Clock_Divider:inst2|clk_out_internal ; 1.000        ; -0.072     ; 2.970      ;
; -2.040 ; data_out_module:inst1|j[4] ; data_out_module:inst1|j[6]          ; Clock_Divider:inst2|clk_out_internal ; Clock_Divider:inst2|clk_out_internal ; 1.000        ; -0.072     ; 2.970      ;
; -2.033 ; data_out_module:inst1|j[4] ; data_out_module:inst1|j[4]          ; Clock_Divider:inst2|clk_out_internal ; Clock_Divider:inst2|clk_out_internal ; 1.000        ; -0.072     ; 2.963      ;
; -2.032 ; data_out_module:inst1|j[4] ; data_out_module:inst1|j[2]          ; Clock_Divider:inst2|clk_out_internal ; Clock_Divider:inst2|clk_out_internal ; 1.000        ; -0.072     ; 2.962      ;
; -2.011 ; data_out_module:inst1|j[5] ; data_out_module:inst1|j[1]          ; Clock_Divider:inst2|clk_out_internal ; Clock_Divider:inst2|clk_out_internal ; 1.000        ; -0.073     ; 2.940      ;
; -2.011 ; data_out_module:inst1|j[6] ; data_out_module:inst1|j[1]          ; Clock_Divider:inst2|clk_out_internal ; Clock_Divider:inst2|clk_out_internal ; 1.000        ; -0.073     ; 2.940      ;
; -1.999 ; data_out_module:inst1|j[1] ; data_out_module:inst1|data_outpin   ; Clock_Divider:inst2|clk_out_internal ; Clock_Divider:inst2|clk_out_internal ; 1.000        ; 0.406      ; 3.407      ;
; -1.992 ; data_out_module:inst1|j[2] ; data_out_module:inst1|data_outpin   ; Clock_Divider:inst2|clk_out_internal ; Clock_Divider:inst2|clk_out_internal ; 1.000        ; 0.405      ; 3.399      ;
; -1.989 ; data_out_module:inst1|j[1] ; data_out_module:inst1|j[7]          ; Clock_Divider:inst2|clk_out_internal ; Clock_Divider:inst2|clk_out_internal ; 1.000        ; -0.071     ; 2.920      ;
; -1.977 ; data_out_module:inst1|i[4] ; data_out_module:inst1|j[3]          ; Clock_Divider:inst2|clk_out_internal ; Clock_Divider:inst2|clk_out_internal ; 1.000        ; -0.071     ; 2.908      ;
; -1.976 ; data_out_module:inst1|i[4] ; data_out_module:inst1|j[7]          ; Clock_Divider:inst2|clk_out_internal ; Clock_Divider:inst2|clk_out_internal ; 1.000        ; -0.071     ; 2.907      ;
; -1.976 ; data_out_module:inst1|i[4] ; data_out_module:inst1|j[5]          ; Clock_Divider:inst2|clk_out_internal ; Clock_Divider:inst2|clk_out_internal ; 1.000        ; -0.071     ; 2.907      ;
; -1.975 ; data_out_module:inst1|i[4] ; data_out_module:inst1|j[0]          ; Clock_Divider:inst2|clk_out_internal ; Clock_Divider:inst2|clk_out_internal ; 1.000        ; -0.071     ; 2.906      ;
; -1.974 ; data_out_module:inst1|i[4] ; data_out_module:inst1|j[6]          ; Clock_Divider:inst2|clk_out_internal ; Clock_Divider:inst2|clk_out_internal ; 1.000        ; -0.071     ; 2.905      ;
; -1.969 ; data_out_module:inst1|i[4] ; data_out_module:inst1|j[4]          ; Clock_Divider:inst2|clk_out_internal ; Clock_Divider:inst2|clk_out_internal ; 1.000        ; -0.071     ; 2.900      ;
; -1.969 ; data_out_module:inst1|i[4] ; data_out_module:inst1|j[2]          ; Clock_Divider:inst2|clk_out_internal ; Clock_Divider:inst2|clk_out_internal ; 1.000        ; -0.071     ; 2.900      ;
; -1.969 ; data_out_module:inst1|j[3] ; data_out_module:inst1|j[3]          ; Clock_Divider:inst2|clk_out_internal ; Clock_Divider:inst2|clk_out_internal ; 1.000        ; -0.072     ; 2.899      ;
; -1.968 ; data_out_module:inst1|j[3] ; data_out_module:inst1|j[7]          ; Clock_Divider:inst2|clk_out_internal ; Clock_Divider:inst2|clk_out_internal ; 1.000        ; -0.072     ; 2.898      ;
; -1.968 ; data_out_module:inst1|j[3] ; data_out_module:inst1|j[5]          ; Clock_Divider:inst2|clk_out_internal ; Clock_Divider:inst2|clk_out_internal ; 1.000        ; -0.072     ; 2.898      ;
; -1.967 ; data_out_module:inst1|j[3] ; data_out_module:inst1|j[0]          ; Clock_Divider:inst2|clk_out_internal ; Clock_Divider:inst2|clk_out_internal ; 1.000        ; -0.072     ; 2.897      ;
; -1.966 ; data_out_module:inst1|j[3] ; data_out_module:inst1|j[6]          ; Clock_Divider:inst2|clk_out_internal ; Clock_Divider:inst2|clk_out_internal ; 1.000        ; -0.072     ; 2.896      ;
; -1.961 ; data_out_module:inst1|j[3] ; data_out_module:inst1|j[4]          ; Clock_Divider:inst2|clk_out_internal ; Clock_Divider:inst2|clk_out_internal ; 1.000        ; -0.072     ; 2.891      ;
; -1.961 ; data_out_module:inst1|j[3] ; data_out_module:inst1|j[2]          ; Clock_Divider:inst2|clk_out_internal ; Clock_Divider:inst2|clk_out_internal ; 1.000        ; -0.072     ; 2.891      ;
; -1.957 ; data_out_module:inst1|j[0] ; data_out_module:inst1|j[6]          ; Clock_Divider:inst2|clk_out_internal ; Clock_Divider:inst2|clk_out_internal ; 1.000        ; -0.072     ; 2.887      ;
; -1.957 ; data_out_module:inst1|j[1] ; data_out_module:inst1|j[2]          ; Clock_Divider:inst2|clk_out_internal ; Clock_Divider:inst2|clk_out_internal ; 1.000        ; -0.071     ; 2.888      ;
; -1.956 ; data_out_module:inst1|i[3] ; data_out_module:inst1|j[3]          ; Clock_Divider:inst2|clk_out_internal ; Clock_Divider:inst2|clk_out_internal ; 1.000        ; -0.071     ; 2.887      ;
; -1.955 ; data_out_module:inst1|i[3] ; data_out_module:inst1|j[7]          ; Clock_Divider:inst2|clk_out_internal ; Clock_Divider:inst2|clk_out_internal ; 1.000        ; -0.071     ; 2.886      ;
; -1.955 ; data_out_module:inst1|i[3] ; data_out_module:inst1|j[5]          ; Clock_Divider:inst2|clk_out_internal ; Clock_Divider:inst2|clk_out_internal ; 1.000        ; -0.071     ; 2.886      ;
; -1.955 ; data_out_module:inst1|i[2] ; data_out_module:inst1|j[3]          ; Clock_Divider:inst2|clk_out_internal ; Clock_Divider:inst2|clk_out_internal ; 1.000        ; -0.071     ; 2.886      ;
; -1.954 ; data_out_module:inst1|i[3] ; data_out_module:inst1|j[0]          ; Clock_Divider:inst2|clk_out_internal ; Clock_Divider:inst2|clk_out_internal ; 1.000        ; -0.071     ; 2.885      ;
; -1.954 ; data_out_module:inst1|i[2] ; data_out_module:inst1|j[7]          ; Clock_Divider:inst2|clk_out_internal ; Clock_Divider:inst2|clk_out_internal ; 1.000        ; -0.071     ; 2.885      ;
; -1.954 ; data_out_module:inst1|i[2] ; data_out_module:inst1|j[5]          ; Clock_Divider:inst2|clk_out_internal ; Clock_Divider:inst2|clk_out_internal ; 1.000        ; -0.071     ; 2.885      ;
; -1.953 ; data_out_module:inst1|i[3] ; data_out_module:inst1|j[6]          ; Clock_Divider:inst2|clk_out_internal ; Clock_Divider:inst2|clk_out_internal ; 1.000        ; -0.071     ; 2.884      ;
; -1.953 ; data_out_module:inst1|i[2] ; data_out_module:inst1|j[0]          ; Clock_Divider:inst2|clk_out_internal ; Clock_Divider:inst2|clk_out_internal ; 1.000        ; -0.071     ; 2.884      ;
; -1.952 ; data_out_module:inst1|i[2] ; data_out_module:inst1|j[6]          ; Clock_Divider:inst2|clk_out_internal ; Clock_Divider:inst2|clk_out_internal ; 1.000        ; -0.071     ; 2.883      ;
; -1.948 ; data_out_module:inst1|j[1] ; data_out_module:inst1|j[3]          ; Clock_Divider:inst2|clk_out_internal ; Clock_Divider:inst2|clk_out_internal ; 1.000        ; -0.071     ; 2.879      ;
; -1.948 ; data_out_module:inst1|i[3] ; data_out_module:inst1|j[4]          ; Clock_Divider:inst2|clk_out_internal ; Clock_Divider:inst2|clk_out_internal ; 1.000        ; -0.071     ; 2.879      ;
; -1.948 ; data_out_module:inst1|i[3] ; data_out_module:inst1|j[2]          ; Clock_Divider:inst2|clk_out_internal ; Clock_Divider:inst2|clk_out_internal ; 1.000        ; -0.071     ; 2.879      ;
; -1.947 ; data_out_module:inst1|i[2] ; data_out_module:inst1|j[4]          ; Clock_Divider:inst2|clk_out_internal ; Clock_Divider:inst2|clk_out_internal ; 1.000        ; -0.071     ; 2.878      ;
; -1.947 ; data_out_module:inst1|i[2] ; data_out_module:inst1|j[2]          ; Clock_Divider:inst2|clk_out_internal ; Clock_Divider:inst2|clk_out_internal ; 1.000        ; -0.071     ; 2.878      ;
; -1.939 ; data_out_module:inst1|i[6] ; data_out_module:inst1|i[0]          ; Clock_Divider:inst2|clk_out_internal ; Clock_Divider:inst2|clk_out_internal ; 1.000        ; -0.072     ; 2.869      ;
; -1.938 ; data_out_module:inst1|i[7] ; data_out_module:inst1|i[0]          ; Clock_Divider:inst2|clk_out_internal ; Clock_Divider:inst2|clk_out_internal ; 1.000        ; -0.072     ; 2.868      ;
; -1.931 ; data_out_module:inst1|j[7] ; data_out_module:inst1|j[3]          ; Clock_Divider:inst2|clk_out_internal ; Clock_Divider:inst2|clk_out_internal ; 1.000        ; -0.072     ; 2.861      ;
; -1.930 ; data_out_module:inst1|j[7] ; data_out_module:inst1|j[5]          ; Clock_Divider:inst2|clk_out_internal ; Clock_Divider:inst2|clk_out_internal ; 1.000        ; -0.072     ; 2.860      ;
; -1.929 ; data_out_module:inst1|j[7] ; data_out_module:inst1|j[7]          ; Clock_Divider:inst2|clk_out_internal ; Clock_Divider:inst2|clk_out_internal ; 1.000        ; -0.072     ; 2.859      ;
; -1.928 ; data_out_module:inst1|j[7] ; data_out_module:inst1|j[0]          ; Clock_Divider:inst2|clk_out_internal ; Clock_Divider:inst2|clk_out_internal ; 1.000        ; -0.072     ; 2.858      ;
; -1.928 ; data_out_module:inst1|j[7] ; data_out_module:inst1|j[6]          ; Clock_Divider:inst2|clk_out_internal ; Clock_Divider:inst2|clk_out_internal ; 1.000        ; -0.072     ; 2.858      ;
; -1.921 ; data_out_module:inst1|j[7] ; data_out_module:inst1|j[4]          ; Clock_Divider:inst2|clk_out_internal ; Clock_Divider:inst2|clk_out_internal ; 1.000        ; -0.072     ; 2.851      ;
; -1.920 ; data_out_module:inst1|j[7] ; data_out_module:inst1|j[2]          ; Clock_Divider:inst2|clk_out_internal ; Clock_Divider:inst2|clk_out_internal ; 1.000        ; -0.072     ; 2.850      ;
; -1.903 ; data_out_module:inst1|j[4] ; data_out_module:inst1|j[1]          ; Clock_Divider:inst2|clk_out_internal ; Clock_Divider:inst2|clk_out_internal ; 1.000        ; -0.073     ; 2.832      ;
; -1.893 ; data_out_module:inst1|i[1] ; data_out_module:inst1|j[3]          ; Clock_Divider:inst2|clk_out_internal ; Clock_Divider:inst2|clk_out_internal ; 1.000        ; -0.070     ; 2.825      ;
; -1.892 ; data_out_module:inst1|i[1] ; data_out_module:inst1|j[7]          ; Clock_Divider:inst2|clk_out_internal ; Clock_Divider:inst2|clk_out_internal ; 1.000        ; -0.070     ; 2.824      ;
; -1.892 ; data_out_module:inst1|i[1] ; data_out_module:inst1|j[5]          ; Clock_Divider:inst2|clk_out_internal ; Clock_Divider:inst2|clk_out_internal ; 1.000        ; -0.070     ; 2.824      ;
; -1.891 ; data_out_module:inst1|i[1] ; data_out_module:inst1|j[0]          ; Clock_Divider:inst2|clk_out_internal ; Clock_Divider:inst2|clk_out_internal ; 1.000        ; -0.070     ; 2.823      ;
+--------+----------------------------+-------------------------------------+--------------------------------------+--------------------------------------+--------------+------------+------------+


+------------------------------------------------------------------------------------------------------------------------------------------------------------------------------------+
; Slow 1200mV 0C Model Setup: 'clk_in'                                                                                                                                               ;
+--------+--------------------------------------+--------------------------------------+--------------------------------------+-------------+--------------+------------+------------+
; Slack  ; From Node                            ; To Node                              ; Launch Clock                         ; Latch Clock ; Relationship ; Clock Skew ; Data Delay ;
+--------+--------------------------------------+--------------------------------------+--------------------------------------+-------------+--------------+------------+------------+
; -0.423 ; Clock_Divider:inst2|counter[0]       ; Clock_Divider:inst2|clk_out_internal ; clk_in                               ; clk_in      ; 1.000        ; -0.073     ; 1.352      ;
; -0.293 ; Clock_Divider:inst2|counter[1]       ; Clock_Divider:inst2|clk_out_internal ; clk_in                               ; clk_in      ; 1.000        ; -0.073     ; 1.222      ;
; -0.082 ; Clock_Divider:inst2|counter[0]       ; Clock_Divider:inst2|counter[1]       ; clk_in                               ; clk_in      ; 1.000        ; -0.073     ; 1.011      ;
; -0.002 ; Clock_Divider:inst2|clk_out_internal ; Clock_Divider:inst2|clk_out_internal ; Clock_Divider:inst2|clk_out_internal ; clk_in      ; 0.500        ; 2.320      ; 3.054      ;
; 0.100  ; Clock_Divider:inst2|counter[1]       ; Clock_Divider:inst2|counter[0]       ; clk_in                               ; clk_in      ; 1.000        ; -0.073     ; 0.829      ;
; 0.131  ; Clock_Divider:inst2|clk_out_internal ; Clock_Divider:inst2|clk_out_internal ; Clock_Divider:inst2|clk_out_internal ; clk_in      ; 1.000        ; 2.320      ; 3.421      ;
; 0.159  ; Clock_Divider:inst2|counter[1]       ; Clock_Divider:inst2|counter[1]       ; clk_in                               ; clk_in      ; 1.000        ; -0.073     ; 0.770      ;
; 0.159  ; Clock_Divider:inst2|counter[0]       ; Clock_Divider:inst2|counter[0]       ; clk_in                               ; clk_in      ; 1.000        ; -0.073     ; 0.770      ;
+--------+--------------------------------------+--------------------------------------+--------------------------------------+-------------+--------------+------------+------------+


+-----------------------------------------------------------------------------------------------------------------------------------------------------------------------------------+
; Slow 1200mV 0C Model Hold: 'clk_in'                                                                                                                                               ;
+-------+--------------------------------------+--------------------------------------+--------------------------------------+-------------+--------------+------------+------------+
; Slack ; From Node                            ; To Node                              ; Launch Clock                         ; Latch Clock ; Relationship ; Clock Skew ; Data Delay ;
+-------+--------------------------------------+--------------------------------------+--------------------------------------+-------------+--------------+------------+------------+
; 0.316 ; Clock_Divider:inst2|clk_out_internal ; Clock_Divider:inst2|clk_out_internal ; Clock_Divider:inst2|clk_out_internal ; clk_in      ; 0.000        ; 2.406      ; 3.187      ;
; 0.416 ; Clock_Divider:inst2|counter[1]       ; Clock_Divider:inst2|counter[1]       ; clk_in                               ; clk_in      ; 0.000        ; 0.073      ; 0.684      ;
; 0.416 ; Clock_Divider:inst2|counter[0]       ; Clock_Divider:inst2|counter[0]       ; clk_in                               ; clk_in      ; 0.000        ; 0.073      ; 0.684      ;
; 0.446 ; Clock_Divider:inst2|clk_out_internal ; Clock_Divider:inst2|clk_out_internal ; Clock_Divider:inst2|clk_out_internal ; clk_in      ; -0.500       ; 2.406      ; 2.817      ;
; 0.458 ; Clock_Divider:inst2|counter[1]       ; Clock_Divider:inst2|counter[0]       ; clk_in                               ; clk_in      ; 0.000        ; 0.073      ; 0.726      ;
; 0.639 ; Clock_Divider:inst2|counter[0]       ; Clock_Divider:inst2|counter[1]       ; clk_in                               ; clk_in      ; 0.000        ; 0.073      ; 0.907      ;
; 0.797 ; Clock_Divider:inst2|counter[1]       ; Clock_Divider:inst2|clk_out_internal ; clk_in                               ; clk_in      ; 0.000        ; 0.073      ; 1.065      ;
; 0.940 ; Clock_Divider:inst2|counter[0]       ; Clock_Divider:inst2|clk_out_internal ; clk_in                               ; clk_in      ; 0.000        ; 0.073      ; 1.208      ;
+-------+--------------------------------------+--------------------------------------+--------------------------------------+-------------+--------------+------------+------------+


+-------------------------------------------------------------------------------------------------------------------------------------------------------------------------------------------------+
; Slow 1200mV 0C Model Hold: 'Clock_Divider:inst2|clk_out_internal'                                                                                                                               ;
+-------+----------------------------+-------------------------------------+--------------------------------------+--------------------------------------+--------------+------------+------------+
; Slack ; From Node                  ; To Node                             ; Launch Clock                         ; Latch Clock                          ; Relationship ; Clock Skew ; Data Delay ;
+-------+----------------------------+-------------------------------------+--------------------------------------+--------------------------------------+--------------+------------+------------+
; 0.402 ; data_out_module:inst1|j[0] ; data_out_module:inst1|j[0]          ; Clock_Divider:inst2|clk_out_internal ; Clock_Divider:inst2|clk_out_internal ; 0.000        ; 0.072      ; 0.669      ;
; 0.402 ; data_out_module:inst1|j[4] ; data_out_module:inst1|j[4]          ; Clock_Divider:inst2|clk_out_internal ; Clock_Divider:inst2|clk_out_internal ; 0.000        ; 0.072      ; 0.669      ;
; 0.402 ; data_out_module:inst1|j[7] ; data_out_module:inst1|j[7]          ; Clock_Divider:inst2|clk_out_internal ; Clock_Divider:inst2|clk_out_internal ; 0.000        ; 0.072      ; 0.669      ;
; 0.402 ; data_out_module:inst1|j[1] ; data_out_module:inst1|j[1]          ; Clock_Divider:inst2|clk_out_internal ; Clock_Divider:inst2|clk_out_internal ; 0.000        ; 0.072      ; 0.669      ;
; 0.402 ; data_out_module:inst1|j[2] ; data_out_module:inst1|j[2]          ; Clock_Divider:inst2|clk_out_internal ; Clock_Divider:inst2|clk_out_internal ; 0.000        ; 0.072      ; 0.669      ;
; 0.402 ; data_out_module:inst1|j[3] ; data_out_module:inst1|j[3]          ; Clock_Divider:inst2|clk_out_internal ; Clock_Divider:inst2|clk_out_internal ; 0.000        ; 0.072      ; 0.669      ;
; 0.402 ; data_out_module:inst1|j[5] ; data_out_module:inst1|j[5]          ; Clock_Divider:inst2|clk_out_internal ; Clock_Divider:inst2|clk_out_internal ; 0.000        ; 0.072      ; 0.669      ;
; 0.402 ; data_out_module:inst1|j[6] ; data_out_module:inst1|j[6]          ; Clock_Divider:inst2|clk_out_internal ; Clock_Divider:inst2|clk_out_internal ; 0.000        ; 0.072      ; 0.669      ;
; 0.464 ; sonic:inst|i[6]            ; sonic:inst|i[6]                     ; Clock_Divider:inst2|clk_out_internal ; Clock_Divider:inst2|clk_out_internal ; 0.000        ; 0.072      ; 0.731      ;
; 0.594 ; sonic:inst|i[4]            ; sonic:inst|clock                    ; Clock_Divider:inst2|clk_out_internal ; Clock_Divider:inst2|clk_out_internal ; 0.000        ; 0.072      ; 0.861      ;
; 0.644 ; sonic:inst|clock           ; sonic:inst|clockpin                 ; Clock_Divider:inst2|clk_out_internal ; Clock_Divider:inst2|clk_out_internal ; 0.000        ; 0.072      ; 0.911      ;
; 0.692 ; data_out_module:inst1|i[5] ; data_out_module:inst1|i[5]          ; Clock_Divider:inst2|clk_out_internal ; Clock_Divider:inst2|clk_out_internal ; 0.000        ; 0.072      ; 0.959      ;
; 0.693 ; data_out_module:inst1|j[4] ; data_out_module:inst1|data_outpin   ; Clock_Divider:inst2|clk_out_internal ; Clock_Divider:inst2|clk_out_internal ; 0.000        ; 0.569      ; 1.457      ;
; 0.693 ; data_out_module:inst1|i[3] ; data_out_module:inst1|i[3]          ; Clock_Divider:inst2|clk_out_internal ; Clock_Divider:inst2|clk_out_internal ; 0.000        ; 0.072      ; 0.960      ;
; 0.696 ; sonic:inst|j[5]            ; sonic:inst|j[5]                     ; Clock_Divider:inst2|clk_out_internal ; Clock_Divider:inst2|clk_out_internal ; 0.000        ; 0.072      ; 0.963      ;
; 0.697 ; data_out_module:inst1|i[6] ; data_out_module:inst1|i[6]          ; Clock_Divider:inst2|clk_out_internal ; Clock_Divider:inst2|clk_out_internal ; 0.000        ; 0.072      ; 0.964      ;
; 0.697 ; data_out_module:inst1|i[2] ; data_out_module:inst1|i[2]          ; Clock_Divider:inst2|clk_out_internal ; Clock_Divider:inst2|clk_out_internal ; 0.000        ; 0.072      ; 0.964      ;
; 0.698 ; data_out_module:inst1|i[4] ; data_out_module:inst1|i[4]          ; Clock_Divider:inst2|clk_out_internal ; Clock_Divider:inst2|clk_out_internal ; 0.000        ; 0.072      ; 0.965      ;
; 0.698 ; sonic:inst|j[6]            ; sonic:inst|j[6]                     ; Clock_Divider:inst2|clk_out_internal ; Clock_Divider:inst2|clk_out_internal ; 0.000        ; 0.072      ; 0.965      ;
; 0.699 ; data_out_module:inst1|i[7] ; data_out_module:inst1|i[7]          ; Clock_Divider:inst2|clk_out_internal ; Clock_Divider:inst2|clk_out_internal ; 0.000        ; 0.072      ; 0.966      ;
; 0.708 ; sonic:inst|i[4]            ; sonic:inst|i[4]                     ; Clock_Divider:inst2|clk_out_internal ; Clock_Divider:inst2|clk_out_internal ; 0.000        ; 0.072      ; 0.975      ;
; 0.709 ; sonic:inst|i[2]            ; sonic:inst|i[2]                     ; Clock_Divider:inst2|clk_out_internal ; Clock_Divider:inst2|clk_out_internal ; 0.000        ; 0.072      ; 0.976      ;
; 0.712 ; sonic:inst|j[2]            ; sonic:inst|j[2]                     ; Clock_Divider:inst2|clk_out_internal ; Clock_Divider:inst2|clk_out_internal ; 0.000        ; 0.072      ; 0.979      ;
; 0.716 ; sonic:inst|i[3]            ; sonic:inst|i[3]                     ; Clock_Divider:inst2|clk_out_internal ; Clock_Divider:inst2|clk_out_internal ; 0.000        ; 0.072      ; 0.983      ;
; 0.718 ; sonic:inst|i[1]            ; sonic:inst|i[1]                     ; Clock_Divider:inst2|clk_out_internal ; Clock_Divider:inst2|clk_out_internal ; 0.000        ; 0.072      ; 0.985      ;
; 0.719 ; sonic:inst|i[5]            ; sonic:inst|i[5]                     ; Clock_Divider:inst2|clk_out_internal ; Clock_Divider:inst2|clk_out_internal ; 0.000        ; 0.072      ; 0.986      ;
; 0.729 ; sonic:inst|i[0]            ; sonic:inst|i[0]                     ; Clock_Divider:inst2|clk_out_internal ; Clock_Divider:inst2|clk_out_internal ; 0.000        ; 0.072      ; 0.996      ;
; 0.796 ; sonic:inst|j[2]            ; sonic:inst|latch                    ; Clock_Divider:inst2|clk_out_internal ; Clock_Divider:inst2|clk_out_internal ; 0.000        ; 0.072      ; 1.063      ;
; 0.810 ; sonic:inst|j[5]            ; sonic:inst|latch                    ; Clock_Divider:inst2|clk_out_internal ; Clock_Divider:inst2|clk_out_internal ; 0.000        ; 0.072      ; 1.077      ;
; 0.815 ; sonic:inst|i[2]            ; sonic:inst|clock                    ; Clock_Divider:inst2|clk_out_internal ; Clock_Divider:inst2|clk_out_internal ; 0.000        ; 0.072      ; 1.082      ;
; 0.837 ; sonic:inst|latch           ; sonic:inst|latchpin                 ; Clock_Divider:inst2|clk_out_internal ; Clock_Divider:inst2|clk_out_internal ; 0.000        ; 0.072      ; 1.104      ;
; 0.935 ; sonic:inst|j[0]            ; sonic:inst|latch                    ; Clock_Divider:inst2|clk_out_internal ; Clock_Divider:inst2|clk_out_internal ; 0.000        ; 0.072      ; 1.202      ;
; 0.940 ; sonic:inst|j[1]            ; sonic:inst|latch                    ; Clock_Divider:inst2|clk_out_internal ; Clock_Divider:inst2|clk_out_internal ; 0.000        ; 0.072      ; 1.207      ;
; 0.996 ; data_out_module:inst1|j[7] ; data_out_module:inst1|data_outpin   ; Clock_Divider:inst2|clk_out_internal ; Clock_Divider:inst2|clk_out_internal ; 0.000        ; 0.569      ; 1.760      ;
; 0.999 ; sonic:inst|j[4]            ; sonic:inst|latch                    ; Clock_Divider:inst2|clk_out_internal ; Clock_Divider:inst2|clk_out_internal ; 0.000        ; 0.072      ; 1.266      ;
; 1.005 ; data_out_module:inst1|j[6] ; data_out_module:inst1|data_outpin   ; Clock_Divider:inst2|clk_out_internal ; Clock_Divider:inst2|clk_out_internal ; 0.000        ; 0.569      ; 1.769      ;
; 1.014 ; data_out_module:inst1|i[5] ; data_out_module:inst1|i[6]          ; Clock_Divider:inst2|clk_out_internal ; Clock_Divider:inst2|clk_out_internal ; 0.000        ; 0.072      ; 1.281      ;
; 1.015 ; data_out_module:inst1|i[3] ; data_out_module:inst1|i[4]          ; Clock_Divider:inst2|clk_out_internal ; Clock_Divider:inst2|clk_out_internal ; 0.000        ; 0.072      ; 1.282      ;
; 1.016 ; data_out_module:inst1|i[2] ; data_out_module:inst1|i[3]          ; Clock_Divider:inst2|clk_out_internal ; Clock_Divider:inst2|clk_out_internal ; 0.000        ; 0.072      ; 1.283      ;
; 1.016 ; data_out_module:inst1|i[6] ; data_out_module:inst1|i[7]          ; Clock_Divider:inst2|clk_out_internal ; Clock_Divider:inst2|clk_out_internal ; 0.000        ; 0.072      ; 1.283      ;
; 1.017 ; data_out_module:inst1|i[4] ; data_out_module:inst1|i[5]          ; Clock_Divider:inst2|clk_out_internal ; Clock_Divider:inst2|clk_out_internal ; 0.000        ; 0.072      ; 1.284      ;
; 1.020 ; sonic:inst|j[5]            ; sonic:inst|j[6]                     ; Clock_Divider:inst2|clk_out_internal ; Clock_Divider:inst2|clk_out_internal ; 0.000        ; 0.072      ; 1.287      ;
; 1.020 ; sonic:inst|j[4]            ; sonic:inst|j[5]                     ; Clock_Divider:inst2|clk_out_internal ; Clock_Divider:inst2|clk_out_internal ; 0.000        ; 0.072      ; 1.287      ;
; 1.027 ; sonic:inst|i[0]            ; sonic:inst|i[1]                     ; Clock_Divider:inst2|clk_out_internal ; Clock_Divider:inst2|clk_out_internal ; 0.000        ; 0.072      ; 1.294      ;
; 1.027 ; sonic:inst|i[4]            ; sonic:inst|i[5]                     ; Clock_Divider:inst2|clk_out_internal ; Clock_Divider:inst2|clk_out_internal ; 0.000        ; 0.072      ; 1.294      ;
; 1.028 ; sonic:inst|j[1]            ; sonic:inst|j[2]                     ; Clock_Divider:inst2|clk_out_internal ; Clock_Divider:inst2|clk_out_internal ; 0.000        ; 0.072      ; 1.295      ;
; 1.028 ; sonic:inst|i[2]            ; sonic:inst|i[3]                     ; Clock_Divider:inst2|clk_out_internal ; Clock_Divider:inst2|clk_out_internal ; 0.000        ; 0.072      ; 1.295      ;
; 1.031 ; data_out_module:inst1|i[2] ; data_out_module:inst1|i[4]          ; Clock_Divider:inst2|clk_out_internal ; Clock_Divider:inst2|clk_out_internal ; 0.000        ; 0.072      ; 1.298      ;
; 1.032 ; data_out_module:inst1|i[0] ; data_out_module:inst1|i[2]          ; Clock_Divider:inst2|clk_out_internal ; Clock_Divider:inst2|clk_out_internal ; 0.000        ; 0.072      ; 1.299      ;
; 1.032 ; data_out_module:inst1|i[4] ; data_out_module:inst1|i[6]          ; Clock_Divider:inst2|clk_out_internal ; Clock_Divider:inst2|clk_out_internal ; 0.000        ; 0.072      ; 1.299      ;
; 1.035 ; sonic:inst|j[4]            ; sonic:inst|j[6]                     ; Clock_Divider:inst2|clk_out_internal ; Clock_Divider:inst2|clk_out_internal ; 0.000        ; 0.072      ; 1.302      ;
; 1.037 ; data_out_module:inst1|j[4] ; data_out_module_2:inst3|data_outpin ; Clock_Divider:inst2|clk_out_internal ; Clock_Divider:inst2|clk_out_internal ; 0.000        ; 0.072      ; 1.304      ;
; 1.038 ; sonic:inst|i[3]            ; sonic:inst|i[4]                     ; Clock_Divider:inst2|clk_out_internal ; Clock_Divider:inst2|clk_out_internal ; 0.000        ; 0.072      ; 1.305      ;
; 1.042 ; sonic:inst|i[4]            ; sonic:inst|i[6]                     ; Clock_Divider:inst2|clk_out_internal ; Clock_Divider:inst2|clk_out_internal ; 0.000        ; 0.072      ; 1.309      ;
; 1.042 ; sonic:inst|i[1]            ; sonic:inst|i[2]                     ; Clock_Divider:inst2|clk_out_internal ; Clock_Divider:inst2|clk_out_internal ; 0.000        ; 0.072      ; 1.309      ;
; 1.042 ; sonic:inst|i[0]            ; sonic:inst|i[2]                     ; Clock_Divider:inst2|clk_out_internal ; Clock_Divider:inst2|clk_out_internal ; 0.000        ; 0.072      ; 1.309      ;
; 1.043 ; sonic:inst|i[2]            ; sonic:inst|i[4]                     ; Clock_Divider:inst2|clk_out_internal ; Clock_Divider:inst2|clk_out_internal ; 0.000        ; 0.072      ; 1.310      ;
; 1.043 ; sonic:inst|i[5]            ; sonic:inst|i[6]                     ; Clock_Divider:inst2|clk_out_internal ; Clock_Divider:inst2|clk_out_internal ; 0.000        ; 0.072      ; 1.310      ;
; 1.046 ; sonic:inst|j[0]            ; sonic:inst|j[2]                     ; Clock_Divider:inst2|clk_out_internal ; Clock_Divider:inst2|clk_out_internal ; 0.000        ; 0.072      ; 1.313      ;
; 1.071 ; sonic:inst|j[1]            ; sonic:inst|j[1]                     ; Clock_Divider:inst2|clk_out_internal ; Clock_Divider:inst2|clk_out_internal ; 0.000        ; 0.072      ; 1.338      ;
; 1.072 ; sonic:inst|j[3]            ; sonic:inst|j[3]                     ; Clock_Divider:inst2|clk_out_internal ; Clock_Divider:inst2|clk_out_internal ; 0.000        ; 0.072      ; 1.339      ;
; 1.110 ; data_out_module:inst1|i[5] ; data_out_module:inst1|i[7]          ; Clock_Divider:inst2|clk_out_internal ; Clock_Divider:inst2|clk_out_internal ; 0.000        ; 0.072      ; 1.377      ;
; 1.111 ; data_out_module:inst1|i[3] ; data_out_module:inst1|i[5]          ; Clock_Divider:inst2|clk_out_internal ; Clock_Divider:inst2|clk_out_internal ; 0.000        ; 0.072      ; 1.378      ;
; 1.123 ; sonic:inst|j[3]            ; sonic:inst|j[5]                     ; Clock_Divider:inst2|clk_out_internal ; Clock_Divider:inst2|clk_out_internal ; 0.000        ; 0.072      ; 1.390      ;
; 1.127 ; sonic:inst|i[6]            ; sonic:inst|clock                    ; Clock_Divider:inst2|clk_out_internal ; Clock_Divider:inst2|clk_out_internal ; 0.000        ; 0.072      ; 1.394      ;
; 1.136 ; sonic:inst|i[3]            ; sonic:inst|i[5]                     ; Clock_Divider:inst2|clk_out_internal ; Clock_Divider:inst2|clk_out_internal ; 0.000        ; 0.072      ; 1.403      ;
; 1.137 ; data_out_module:inst1|i[3] ; data_out_module:inst1|i[6]          ; Clock_Divider:inst2|clk_out_internal ; Clock_Divider:inst2|clk_out_internal ; 0.000        ; 0.072      ; 1.404      ;
; 1.138 ; data_out_module:inst1|i[2] ; data_out_module:inst1|i[5]          ; Clock_Divider:inst2|clk_out_internal ; Clock_Divider:inst2|clk_out_internal ; 0.000        ; 0.072      ; 1.405      ;
; 1.139 ; data_out_module:inst1|i[0] ; data_out_module:inst1|i[3]          ; Clock_Divider:inst2|clk_out_internal ; Clock_Divider:inst2|clk_out_internal ; 0.000        ; 0.072      ; 1.406      ;
; 1.139 ; data_out_module:inst1|i[4] ; data_out_module:inst1|i[7]          ; Clock_Divider:inst2|clk_out_internal ; Clock_Divider:inst2|clk_out_internal ; 0.000        ; 0.072      ; 1.406      ;
; 1.139 ; sonic:inst|i[1]            ; sonic:inst|i[3]                     ; Clock_Divider:inst2|clk_out_internal ; Clock_Divider:inst2|clk_out_internal ; 0.000        ; 0.072      ; 1.406      ;
; 1.142 ; sonic:inst|j[6]            ; sonic:inst|latch                    ; Clock_Divider:inst2|clk_out_internal ; Clock_Divider:inst2|clk_out_internal ; 0.000        ; 0.072      ; 1.409      ;
; 1.149 ; sonic:inst|i[0]            ; sonic:inst|i[3]                     ; Clock_Divider:inst2|clk_out_internal ; Clock_Divider:inst2|clk_out_internal ; 0.000        ; 0.072      ; 1.416      ;
; 1.150 ; sonic:inst|i[2]            ; sonic:inst|i[5]                     ; Clock_Divider:inst2|clk_out_internal ; Clock_Divider:inst2|clk_out_internal ; 0.000        ; 0.072      ; 1.417      ;
; 1.151 ; sonic:inst|j[3]            ; sonic:inst|j[6]                     ; Clock_Divider:inst2|clk_out_internal ; Clock_Divider:inst2|clk_out_internal ; 0.000        ; 0.072      ; 1.418      ;
; 1.152 ; sonic:inst|j[2]            ; sonic:inst|j[5]                     ; Clock_Divider:inst2|clk_out_internal ; Clock_Divider:inst2|clk_out_internal ; 0.000        ; 0.072      ; 1.419      ;
; 1.153 ; data_out_module:inst1|i[2] ; data_out_module:inst1|i[6]          ; Clock_Divider:inst2|clk_out_internal ; Clock_Divider:inst2|clk_out_internal ; 0.000        ; 0.072      ; 1.420      ;
; 1.154 ; data_out_module:inst1|i[0] ; data_out_module:inst1|i[4]          ; Clock_Divider:inst2|clk_out_internal ; Clock_Divider:inst2|clk_out_internal ; 0.000        ; 0.072      ; 1.421      ;
; 1.160 ; sonic:inst|i[0]            ; sonic:inst|clock                    ; Clock_Divider:inst2|clk_out_internal ; Clock_Divider:inst2|clk_out_internal ; 0.000        ; 0.072      ; 1.427      ;
; 1.160 ; sonic:inst|i[3]            ; sonic:inst|i[6]                     ; Clock_Divider:inst2|clk_out_internal ; Clock_Divider:inst2|clk_out_internal ; 0.000        ; 0.072      ; 1.427      ;
; 1.164 ; sonic:inst|i[1]            ; sonic:inst|i[4]                     ; Clock_Divider:inst2|clk_out_internal ; Clock_Divider:inst2|clk_out_internal ; 0.000        ; 0.072      ; 1.431      ;
; 1.164 ; sonic:inst|i[0]            ; sonic:inst|i[4]                     ; Clock_Divider:inst2|clk_out_internal ; Clock_Divider:inst2|clk_out_internal ; 0.000        ; 0.072      ; 1.431      ;
; 1.165 ; sonic:inst|i[2]            ; sonic:inst|i[6]                     ; Clock_Divider:inst2|clk_out_internal ; Clock_Divider:inst2|clk_out_internal ; 0.000        ; 0.072      ; 1.432      ;
; 1.167 ; data_out_module:inst1|i[0] ; data_out_module:inst1|i[1]          ; Clock_Divider:inst2|clk_out_internal ; Clock_Divider:inst2|clk_out_internal ; 0.000        ; 0.071      ; 1.433      ;
; 1.168 ; sonic:inst|j[2]            ; sonic:inst|j[6]                     ; Clock_Divider:inst2|clk_out_internal ; Clock_Divider:inst2|clk_out_internal ; 0.000        ; 0.072      ; 1.435      ;
; 1.173 ; sonic:inst|j[2]            ; sonic:inst|j[0]                     ; Clock_Divider:inst2|clk_out_internal ; Clock_Divider:inst2|clk_out_internal ; 0.000        ; 0.072      ; 1.440      ;
; 1.174 ; sonic:inst|j[2]            ; sonic:inst|j[4]                     ; Clock_Divider:inst2|clk_out_internal ; Clock_Divider:inst2|clk_out_internal ; 0.000        ; 0.072      ; 1.441      ;
; 1.196 ; data_out_module:inst1|i[1] ; data_out_module:inst1|i[1]          ; Clock_Divider:inst2|clk_out_internal ; Clock_Divider:inst2|clk_out_internal ; 0.000        ; 0.072      ; 1.463      ;
; 1.199 ; data_out_module:inst1|i[5] ; data_out_module:inst1|i[1]          ; Clock_Divider:inst2|clk_out_internal ; Clock_Divider:inst2|clk_out_internal ; 0.000        ; 0.071      ; 1.465      ;
; 1.210 ; sonic:inst|j[5]            ; sonic:inst|j[0]                     ; Clock_Divider:inst2|clk_out_internal ; Clock_Divider:inst2|clk_out_internal ; 0.000        ; 0.072      ; 1.477      ;
; 1.210 ; sonic:inst|j[5]            ; sonic:inst|j[4]                     ; Clock_Divider:inst2|clk_out_internal ; Clock_Divider:inst2|clk_out_internal ; 0.000        ; 0.072      ; 1.477      ;
; 1.211 ; sonic:inst|j[4]            ; sonic:inst|j[4]                     ; Clock_Divider:inst2|clk_out_internal ; Clock_Divider:inst2|clk_out_internal ; 0.000        ; 0.072      ; 1.478      ;
; 1.225 ; data_out_module:inst1|j[3] ; data_out_module:inst1|data_outpin   ; Clock_Divider:inst2|clk_out_internal ; Clock_Divider:inst2|clk_out_internal ; 0.000        ; 0.569      ; 1.989      ;
; 1.231 ; sonic:inst|i[3]            ; sonic:inst|clock                    ; Clock_Divider:inst2|clk_out_internal ; Clock_Divider:inst2|clk_out_internal ; 0.000        ; 0.072      ; 1.498      ;
; 1.233 ; data_out_module:inst1|i[3] ; data_out_module:inst1|i[7]          ; Clock_Divider:inst2|clk_out_internal ; Clock_Divider:inst2|clk_out_internal ; 0.000        ; 0.072      ; 1.500      ;
; 1.244 ; sonic:inst|j[1]            ; sonic:inst|j[5]                     ; Clock_Divider:inst2|clk_out_internal ; Clock_Divider:inst2|clk_out_internal ; 0.000        ; 0.072      ; 1.511      ;
; 1.245 ; data_out_module:inst1|i[2] ; data_out_module:inst1|i[1]          ; Clock_Divider:inst2|clk_out_internal ; Clock_Divider:inst2|clk_out_internal ; 0.000        ; 0.071      ; 1.511      ;
; 1.250 ; data_out_module:inst1|i[1] ; data_out_module:inst1|i[2]          ; Clock_Divider:inst2|clk_out_internal ; Clock_Divider:inst2|clk_out_internal ; 0.000        ; 0.073      ; 1.518      ;
; 1.253 ; data_out_module:inst1|i[3] ; data_out_module:inst1|i[1]          ; Clock_Divider:inst2|clk_out_internal ; Clock_Divider:inst2|clk_out_internal ; 0.000        ; 0.071      ; 1.519      ;
; 1.258 ; sonic:inst|i[1]            ; sonic:inst|clock                    ; Clock_Divider:inst2|clk_out_internal ; Clock_Divider:inst2|clk_out_internal ; 0.000        ; 0.072      ; 1.525      ;
+-------+----------------------------+-------------------------------------+--------------------------------------+--------------------------------------+--------------+------------+------------+


+------------------------------------------------------------------------------------------------------------------------+
; Slow 1200mV 0C Model Minimum Pulse Width: 'clk_in'                                                                     ;
+--------+--------------+----------------+------------------+--------+------------+--------------------------------------+
; Slack  ; Actual Width ; Required Width ; Type             ; Clock  ; Clock Edge ; Target                               ;
+--------+--------------+----------------+------------------+--------+------------+--------------------------------------+
; -3.000 ; 1.000        ; 4.000          ; Port Rate        ; clk_in ; Rise       ; clk_in                               ;
; -1.487 ; 1.000        ; 2.487          ; Min Period       ; clk_in ; Rise       ; Clock_Divider:inst2|clk_out_internal ;
; -1.487 ; 1.000        ; 2.487          ; Min Period       ; clk_in ; Rise       ; Clock_Divider:inst2|counter[0]       ;
; -1.487 ; 1.000        ; 2.487          ; Min Period       ; clk_in ; Rise       ; Clock_Divider:inst2|counter[1]       ;
; 0.273  ; 0.489        ; 0.216          ; High Pulse Width ; clk_in ; Rise       ; Clock_Divider:inst2|clk_out_internal ;
; 0.273  ; 0.489        ; 0.216          ; High Pulse Width ; clk_in ; Rise       ; Clock_Divider:inst2|counter[0]       ;
; 0.273  ; 0.489        ; 0.216          ; High Pulse Width ; clk_in ; Rise       ; Clock_Divider:inst2|counter[1]       ;
; 0.325  ; 0.509        ; 0.184          ; Low Pulse Width  ; clk_in ; Rise       ; Clock_Divider:inst2|clk_out_internal ;
; 0.325  ; 0.509        ; 0.184          ; Low Pulse Width  ; clk_in ; Rise       ; Clock_Divider:inst2|counter[0]       ;
; 0.325  ; 0.509        ; 0.184          ; Low Pulse Width  ; clk_in ; Rise       ; Clock_Divider:inst2|counter[1]       ;
; 0.457  ; 0.457        ; 0.000          ; Low Pulse Width  ; clk_in ; Rise       ; inst2|clk_out_internal|clk           ;
; 0.457  ; 0.457        ; 0.000          ; Low Pulse Width  ; clk_in ; Rise       ; inst2|counter[0]|clk                 ;
; 0.457  ; 0.457        ; 0.000          ; Low Pulse Width  ; clk_in ; Rise       ; inst2|counter[1]|clk                 ;
; 0.475  ; 0.475        ; 0.000          ; Low Pulse Width  ; clk_in ; Rise       ; clk_in~input|o                       ;
; 0.479  ; 0.479        ; 0.000          ; Low Pulse Width  ; clk_in ; Rise       ; clk_in~inputclkctrl|inclk[0]         ;
; 0.479  ; 0.479        ; 0.000          ; Low Pulse Width  ; clk_in ; Rise       ; clk_in~inputclkctrl|outclk           ;
; 0.500  ; 0.500        ; 0.000          ; High Pulse Width ; clk_in ; Rise       ; clk_in~input|i                       ;
; 0.500  ; 0.500        ; 0.000          ; Low Pulse Width  ; clk_in ; Rise       ; clk_in~input|i                       ;
; 0.521  ; 0.521        ; 0.000          ; High Pulse Width ; clk_in ; Rise       ; clk_in~inputclkctrl|inclk[0]         ;
; 0.521  ; 0.521        ; 0.000          ; High Pulse Width ; clk_in ; Rise       ; clk_in~inputclkctrl|outclk           ;
; 0.525  ; 0.525        ; 0.000          ; High Pulse Width ; clk_in ; Rise       ; clk_in~input|o                       ;
; 0.542  ; 0.542        ; 0.000          ; High Pulse Width ; clk_in ; Rise       ; inst2|clk_out_internal|clk           ;
; 0.542  ; 0.542        ; 0.000          ; High Pulse Width ; clk_in ; Rise       ; inst2|counter[0]|clk                 ;
; 0.542  ; 0.542        ; 0.000          ; High Pulse Width ; clk_in ; Rise       ; inst2|counter[1]|clk                 ;
+--------+--------------+----------------+------------------+--------+------------+--------------------------------------+


+-----------------------------------------------------------------------------------------------------------------------------------------------------+
; Slow 1200mV 0C Model Minimum Pulse Width: 'Clock_Divider:inst2|clk_out_internal'                                                                    ;
+--------+--------------+----------------+------------------+--------------------------------------+------------+-------------------------------------+
; Slack  ; Actual Width ; Required Width ; Type             ; Clock                                ; Clock Edge ; Target                              ;
+--------+--------------+----------------+------------------+--------------------------------------+------------+-------------------------------------+
; -1.487 ; 1.000        ; 2.487          ; Min Period       ; Clock_Divider:inst2|clk_out_internal ; Rise       ; data_out_module:inst1|data_outpin   ;
; -1.487 ; 1.000        ; 2.487          ; Min Period       ; Clock_Divider:inst2|clk_out_internal ; Rise       ; data_out_module:inst1|i[0]          ;
; -1.487 ; 1.000        ; 2.487          ; Min Period       ; Clock_Divider:inst2|clk_out_internal ; Rise       ; data_out_module:inst1|i[1]          ;
; -1.487 ; 1.000        ; 2.487          ; Min Period       ; Clock_Divider:inst2|clk_out_internal ; Rise       ; data_out_module:inst1|i[2]          ;
; -1.487 ; 1.000        ; 2.487          ; Min Period       ; Clock_Divider:inst2|clk_out_internal ; Rise       ; data_out_module:inst1|i[3]          ;
; -1.487 ; 1.000        ; 2.487          ; Min Period       ; Clock_Divider:inst2|clk_out_internal ; Rise       ; data_out_module:inst1|i[4]          ;
; -1.487 ; 1.000        ; 2.487          ; Min Period       ; Clock_Divider:inst2|clk_out_internal ; Rise       ; data_out_module:inst1|i[5]          ;
; -1.487 ; 1.000        ; 2.487          ; Min Period       ; Clock_Divider:inst2|clk_out_internal ; Rise       ; data_out_module:inst1|i[6]          ;
; -1.487 ; 1.000        ; 2.487          ; Min Period       ; Clock_Divider:inst2|clk_out_internal ; Rise       ; data_out_module:inst1|i[7]          ;
; -1.487 ; 1.000        ; 2.487          ; Min Period       ; Clock_Divider:inst2|clk_out_internal ; Rise       ; data_out_module:inst1|j[0]          ;
; -1.487 ; 1.000        ; 2.487          ; Min Period       ; Clock_Divider:inst2|clk_out_internal ; Rise       ; data_out_module:inst1|j[1]          ;
; -1.487 ; 1.000        ; 2.487          ; Min Period       ; Clock_Divider:inst2|clk_out_internal ; Rise       ; data_out_module:inst1|j[2]          ;
; -1.487 ; 1.000        ; 2.487          ; Min Period       ; Clock_Divider:inst2|clk_out_internal ; Rise       ; data_out_module:inst1|j[3]          ;
; -1.487 ; 1.000        ; 2.487          ; Min Period       ; Clock_Divider:inst2|clk_out_internal ; Rise       ; data_out_module:inst1|j[4]          ;
; -1.487 ; 1.000        ; 2.487          ; Min Period       ; Clock_Divider:inst2|clk_out_internal ; Rise       ; data_out_module:inst1|j[5]          ;
; -1.487 ; 1.000        ; 2.487          ; Min Period       ; Clock_Divider:inst2|clk_out_internal ; Rise       ; data_out_module:inst1|j[6]          ;
; -1.487 ; 1.000        ; 2.487          ; Min Period       ; Clock_Divider:inst2|clk_out_internal ; Rise       ; data_out_module:inst1|j[7]          ;
; -1.487 ; 1.000        ; 2.487          ; Min Period       ; Clock_Divider:inst2|clk_out_internal ; Rise       ; data_out_module_2:inst3|data_outpin ;
; -1.487 ; 1.000        ; 2.487          ; Min Period       ; Clock_Divider:inst2|clk_out_internal ; Rise       ; sonic:inst|clock                    ;
; -1.487 ; 1.000        ; 2.487          ; Min Period       ; Clock_Divider:inst2|clk_out_internal ; Rise       ; sonic:inst|clockpin                 ;
; -1.487 ; 1.000        ; 2.487          ; Min Period       ; Clock_Divider:inst2|clk_out_internal ; Rise       ; sonic:inst|i[0]                     ;
; -1.487 ; 1.000        ; 2.487          ; Min Period       ; Clock_Divider:inst2|clk_out_internal ; Rise       ; sonic:inst|i[1]                     ;
; -1.487 ; 1.000        ; 2.487          ; Min Period       ; Clock_Divider:inst2|clk_out_internal ; Rise       ; sonic:inst|i[2]                     ;
; -1.487 ; 1.000        ; 2.487          ; Min Period       ; Clock_Divider:inst2|clk_out_internal ; Rise       ; sonic:inst|i[3]                     ;
; -1.487 ; 1.000        ; 2.487          ; Min Period       ; Clock_Divider:inst2|clk_out_internal ; Rise       ; sonic:inst|i[4]                     ;
; -1.487 ; 1.000        ; 2.487          ; Min Period       ; Clock_Divider:inst2|clk_out_internal ; Rise       ; sonic:inst|i[5]                     ;
; -1.487 ; 1.000        ; 2.487          ; Min Period       ; Clock_Divider:inst2|clk_out_internal ; Rise       ; sonic:inst|i[6]                     ;
; -1.487 ; 1.000        ; 2.487          ; Min Period       ; Clock_Divider:inst2|clk_out_internal ; Rise       ; sonic:inst|j[0]                     ;
; -1.487 ; 1.000        ; 2.487          ; Min Period       ; Clock_Divider:inst2|clk_out_internal ; Rise       ; sonic:inst|j[1]                     ;
; -1.487 ; 1.000        ; 2.487          ; Min Period       ; Clock_Divider:inst2|clk_out_internal ; Rise       ; sonic:inst|j[2]                     ;
; -1.487 ; 1.000        ; 2.487          ; Min Period       ; Clock_Divider:inst2|clk_out_internal ; Rise       ; sonic:inst|j[3]                     ;
; -1.487 ; 1.000        ; 2.487          ; Min Period       ; Clock_Divider:inst2|clk_out_internal ; Rise       ; sonic:inst|j[4]                     ;
; -1.487 ; 1.000        ; 2.487          ; Min Period       ; Clock_Divider:inst2|clk_out_internal ; Rise       ; sonic:inst|j[5]                     ;
; -1.487 ; 1.000        ; 2.487          ; Min Period       ; Clock_Divider:inst2|clk_out_internal ; Rise       ; sonic:inst|j[6]                     ;
; -1.487 ; 1.000        ; 2.487          ; Min Period       ; Clock_Divider:inst2|clk_out_internal ; Rise       ; sonic:inst|latch                    ;
; -1.487 ; 1.000        ; 2.487          ; Min Period       ; Clock_Divider:inst2|clk_out_internal ; Rise       ; sonic:inst|latchpin                 ;
; 0.231  ; 0.447        ; 0.216          ; High Pulse Width ; Clock_Divider:inst2|clk_out_internal ; Rise       ; data_out_module:inst1|data_outpin   ;
; 0.281  ; 0.497        ; 0.216          ; High Pulse Width ; Clock_Divider:inst2|clk_out_internal ; Rise       ; sonic:inst|clock                    ;
; 0.281  ; 0.497        ; 0.216          ; High Pulse Width ; Clock_Divider:inst2|clk_out_internal ; Rise       ; sonic:inst|clockpin                 ;
; 0.281  ; 0.497        ; 0.216          ; High Pulse Width ; Clock_Divider:inst2|clk_out_internal ; Rise       ; sonic:inst|i[0]                     ;
; 0.281  ; 0.497        ; 0.216          ; High Pulse Width ; Clock_Divider:inst2|clk_out_internal ; Rise       ; sonic:inst|i[1]                     ;
; 0.281  ; 0.497        ; 0.216          ; High Pulse Width ; Clock_Divider:inst2|clk_out_internal ; Rise       ; sonic:inst|i[2]                     ;
; 0.281  ; 0.497        ; 0.216          ; High Pulse Width ; Clock_Divider:inst2|clk_out_internal ; Rise       ; sonic:inst|i[3]                     ;
; 0.281  ; 0.497        ; 0.216          ; High Pulse Width ; Clock_Divider:inst2|clk_out_internal ; Rise       ; sonic:inst|i[4]                     ;
; 0.281  ; 0.497        ; 0.216          ; High Pulse Width ; Clock_Divider:inst2|clk_out_internal ; Rise       ; sonic:inst|i[5]                     ;
; 0.281  ; 0.497        ; 0.216          ; High Pulse Width ; Clock_Divider:inst2|clk_out_internal ; Rise       ; sonic:inst|i[6]                     ;
; 0.281  ; 0.497        ; 0.216          ; High Pulse Width ; Clock_Divider:inst2|clk_out_internal ; Rise       ; sonic:inst|j[0]                     ;
; 0.281  ; 0.497        ; 0.216          ; High Pulse Width ; Clock_Divider:inst2|clk_out_internal ; Rise       ; sonic:inst|j[1]                     ;
; 0.281  ; 0.497        ; 0.216          ; High Pulse Width ; Clock_Divider:inst2|clk_out_internal ; Rise       ; sonic:inst|j[2]                     ;
; 0.281  ; 0.497        ; 0.216          ; High Pulse Width ; Clock_Divider:inst2|clk_out_internal ; Rise       ; sonic:inst|j[3]                     ;
; 0.281  ; 0.497        ; 0.216          ; High Pulse Width ; Clock_Divider:inst2|clk_out_internal ; Rise       ; sonic:inst|j[4]                     ;
; 0.281  ; 0.497        ; 0.216          ; High Pulse Width ; Clock_Divider:inst2|clk_out_internal ; Rise       ; sonic:inst|j[5]                     ;
; 0.281  ; 0.497        ; 0.216          ; High Pulse Width ; Clock_Divider:inst2|clk_out_internal ; Rise       ; sonic:inst|j[6]                     ;
; 0.281  ; 0.497        ; 0.216          ; High Pulse Width ; Clock_Divider:inst2|clk_out_internal ; Rise       ; sonic:inst|latch                    ;
; 0.281  ; 0.497        ; 0.216          ; High Pulse Width ; Clock_Divider:inst2|clk_out_internal ; Rise       ; sonic:inst|latchpin                 ;
; 0.283  ; 0.499        ; 0.216          ; High Pulse Width ; Clock_Divider:inst2|clk_out_internal ; Rise       ; data_out_module:inst1|i[1]          ;
; 0.284  ; 0.500        ; 0.216          ; High Pulse Width ; Clock_Divider:inst2|clk_out_internal ; Rise       ; data_out_module:inst1|i[0]          ;
; 0.284  ; 0.500        ; 0.216          ; High Pulse Width ; Clock_Divider:inst2|clk_out_internal ; Rise       ; data_out_module:inst1|i[2]          ;
; 0.284  ; 0.500        ; 0.216          ; High Pulse Width ; Clock_Divider:inst2|clk_out_internal ; Rise       ; data_out_module:inst1|i[3]          ;
; 0.284  ; 0.500        ; 0.216          ; High Pulse Width ; Clock_Divider:inst2|clk_out_internal ; Rise       ; data_out_module:inst1|i[4]          ;
; 0.284  ; 0.500        ; 0.216          ; High Pulse Width ; Clock_Divider:inst2|clk_out_internal ; Rise       ; data_out_module:inst1|i[5]          ;
; 0.284  ; 0.500        ; 0.216          ; High Pulse Width ; Clock_Divider:inst2|clk_out_internal ; Rise       ; data_out_module:inst1|i[6]          ;
; 0.284  ; 0.500        ; 0.216          ; High Pulse Width ; Clock_Divider:inst2|clk_out_internal ; Rise       ; data_out_module:inst1|i[7]          ;
; 0.284  ; 0.500        ; 0.216          ; High Pulse Width ; Clock_Divider:inst2|clk_out_internal ; Rise       ; data_out_module:inst1|j[0]          ;
; 0.284  ; 0.500        ; 0.216          ; High Pulse Width ; Clock_Divider:inst2|clk_out_internal ; Rise       ; data_out_module:inst1|j[1]          ;
; 0.284  ; 0.500        ; 0.216          ; High Pulse Width ; Clock_Divider:inst2|clk_out_internal ; Rise       ; data_out_module:inst1|j[2]          ;
; 0.284  ; 0.500        ; 0.216          ; High Pulse Width ; Clock_Divider:inst2|clk_out_internal ; Rise       ; data_out_module:inst1|j[3]          ;
; 0.284  ; 0.500        ; 0.216          ; High Pulse Width ; Clock_Divider:inst2|clk_out_internal ; Rise       ; data_out_module:inst1|j[4]          ;
; 0.284  ; 0.500        ; 0.216          ; High Pulse Width ; Clock_Divider:inst2|clk_out_internal ; Rise       ; data_out_module:inst1|j[5]          ;
; 0.284  ; 0.500        ; 0.216          ; High Pulse Width ; Clock_Divider:inst2|clk_out_internal ; Rise       ; data_out_module:inst1|j[6]          ;
; 0.284  ; 0.500        ; 0.216          ; High Pulse Width ; Clock_Divider:inst2|clk_out_internal ; Rise       ; data_out_module:inst1|j[7]          ;
; 0.284  ; 0.500        ; 0.216          ; High Pulse Width ; Clock_Divider:inst2|clk_out_internal ; Rise       ; data_out_module_2:inst3|data_outpin ;
; 0.316  ; 0.500        ; 0.184          ; Low Pulse Width  ; Clock_Divider:inst2|clk_out_internal ; Rise       ; data_out_module:inst1|i[0]          ;
; 0.316  ; 0.500        ; 0.184          ; Low Pulse Width  ; Clock_Divider:inst2|clk_out_internal ; Rise       ; data_out_module:inst1|i[1]          ;
; 0.316  ; 0.500        ; 0.184          ; Low Pulse Width  ; Clock_Divider:inst2|clk_out_internal ; Rise       ; data_out_module:inst1|i[2]          ;
; 0.316  ; 0.500        ; 0.184          ; Low Pulse Width  ; Clock_Divider:inst2|clk_out_internal ; Rise       ; data_out_module:inst1|i[3]          ;
; 0.316  ; 0.500        ; 0.184          ; Low Pulse Width  ; Clock_Divider:inst2|clk_out_internal ; Rise       ; data_out_module:inst1|i[4]          ;
; 0.316  ; 0.500        ; 0.184          ; Low Pulse Width  ; Clock_Divider:inst2|clk_out_internal ; Rise       ; data_out_module:inst1|i[5]          ;
; 0.316  ; 0.500        ; 0.184          ; Low Pulse Width  ; Clock_Divider:inst2|clk_out_internal ; Rise       ; data_out_module:inst1|i[6]          ;
; 0.316  ; 0.500        ; 0.184          ; Low Pulse Width  ; Clock_Divider:inst2|clk_out_internal ; Rise       ; data_out_module:inst1|i[7]          ;
; 0.316  ; 0.500        ; 0.184          ; Low Pulse Width  ; Clock_Divider:inst2|clk_out_internal ; Rise       ; data_out_module:inst1|j[0]          ;
; 0.316  ; 0.500        ; 0.184          ; Low Pulse Width  ; Clock_Divider:inst2|clk_out_internal ; Rise       ; data_out_module:inst1|j[1]          ;
; 0.316  ; 0.500        ; 0.184          ; Low Pulse Width  ; Clock_Divider:inst2|clk_out_internal ; Rise       ; data_out_module:inst1|j[2]          ;
; 0.316  ; 0.500        ; 0.184          ; Low Pulse Width  ; Clock_Divider:inst2|clk_out_internal ; Rise       ; data_out_module:inst1|j[3]          ;
; 0.316  ; 0.500        ; 0.184          ; Low Pulse Width  ; Clock_Divider:inst2|clk_out_internal ; Rise       ; data_out_module:inst1|j[4]          ;
; 0.316  ; 0.500        ; 0.184          ; Low Pulse Width  ; Clock_Divider:inst2|clk_out_internal ; Rise       ; data_out_module:inst1|j[5]          ;
; 0.316  ; 0.500        ; 0.184          ; Low Pulse Width  ; Clock_Divider:inst2|clk_out_internal ; Rise       ; data_out_module:inst1|j[6]          ;
; 0.316  ; 0.500        ; 0.184          ; Low Pulse Width  ; Clock_Divider:inst2|clk_out_internal ; Rise       ; data_out_module:inst1|j[7]          ;
; 0.316  ; 0.500        ; 0.184          ; Low Pulse Width  ; Clock_Divider:inst2|clk_out_internal ; Rise       ; data_out_module_2:inst3|data_outpin ;
; 0.319  ; 0.503        ; 0.184          ; Low Pulse Width  ; Clock_Divider:inst2|clk_out_internal ; Rise       ; sonic:inst|clock                    ;
; 0.319  ; 0.503        ; 0.184          ; Low Pulse Width  ; Clock_Divider:inst2|clk_out_internal ; Rise       ; sonic:inst|clockpin                 ;
; 0.319  ; 0.503        ; 0.184          ; Low Pulse Width  ; Clock_Divider:inst2|clk_out_internal ; Rise       ; sonic:inst|i[0]                     ;
; 0.319  ; 0.503        ; 0.184          ; Low Pulse Width  ; Clock_Divider:inst2|clk_out_internal ; Rise       ; sonic:inst|i[1]                     ;
; 0.319  ; 0.503        ; 0.184          ; Low Pulse Width  ; Clock_Divider:inst2|clk_out_internal ; Rise       ; sonic:inst|i[2]                     ;
; 0.319  ; 0.503        ; 0.184          ; Low Pulse Width  ; Clock_Divider:inst2|clk_out_internal ; Rise       ; sonic:inst|i[3]                     ;
; 0.319  ; 0.503        ; 0.184          ; Low Pulse Width  ; Clock_Divider:inst2|clk_out_internal ; Rise       ; sonic:inst|i[4]                     ;
; 0.319  ; 0.503        ; 0.184          ; Low Pulse Width  ; Clock_Divider:inst2|clk_out_internal ; Rise       ; sonic:inst|i[5]                     ;
; 0.319  ; 0.503        ; 0.184          ; Low Pulse Width  ; Clock_Divider:inst2|clk_out_internal ; Rise       ; sonic:inst|i[6]                     ;
; 0.319  ; 0.503        ; 0.184          ; Low Pulse Width  ; Clock_Divider:inst2|clk_out_internal ; Rise       ; sonic:inst|j[0]                     ;
; 0.319  ; 0.503        ; 0.184          ; Low Pulse Width  ; Clock_Divider:inst2|clk_out_internal ; Rise       ; sonic:inst|j[1]                     ;
+--------+--------------+----------------+------------------+--------------------------------------+------------+-------------------------------------+


+--------------------------------------------------------------------------------------------------------------------------+
; Clock to Output Times                                                                                                    ;
+---------------+--------------------------------------+-------+-------+------------+--------------------------------------+
; Data Port     ; Clock Port                           ; Rise  ; Fall  ; Clock Edge ; Clock Reference                      ;
+---------------+--------------------------------------+-------+-------+------------+--------------------------------------+
; clk_origin    ; Clock_Divider:inst2|clk_out_internal ; 3.687 ;       ; Rise       ; Clock_Divider:inst2|clk_out_internal ;
; clockpin      ; Clock_Divider:inst2|clk_out_internal ; 5.686 ; 5.640 ; Rise       ; Clock_Divider:inst2|clk_out_internal ;
; data_outpin   ; Clock_Divider:inst2|clk_out_internal ; 8.003 ; 7.629 ; Rise       ; Clock_Divider:inst2|clk_out_internal ;
; data_outpin_2 ; Clock_Divider:inst2|clk_out_internal ; 6.355 ; 6.169 ; Rise       ; Clock_Divider:inst2|clk_out_internal ;
; latchpin      ; Clock_Divider:inst2|clk_out_internal ; 5.683 ; 5.639 ; Rise       ; Clock_Divider:inst2|clk_out_internal ;
; clk_origin    ; Clock_Divider:inst2|clk_out_internal ;       ; 3.594 ; Fall       ; Clock_Divider:inst2|clk_out_internal ;
; pin_name1     ; clk_in                               ; 4.242 ; 4.386 ; Rise       ; clk_in                               ;
; pin_name1     ; clk_in                               ; 4.242 ; 4.386 ; Fall       ; clk_in                               ;
+---------------+--------------------------------------+-------+-------+------------+--------------------------------------+


+--------------------------------------------------------------------------------------------------------------------------+
; Minimum Clock to Output Times                                                                                            ;
+---------------+--------------------------------------+-------+-------+------------+--------------------------------------+
; Data Port     ; Clock Port                           ; Rise  ; Fall  ; Clock Edge ; Clock Reference                      ;
+---------------+--------------------------------------+-------+-------+------------+--------------------------------------+
; clk_origin    ; Clock_Divider:inst2|clk_out_internal ; 3.538 ;       ; Rise       ; Clock_Divider:inst2|clk_out_internal ;
; clockpin      ; Clock_Divider:inst2|clk_out_internal ; 5.444 ; 5.399 ; Rise       ; Clock_Divider:inst2|clk_out_internal ;
; data_outpin   ; Clock_Divider:inst2|clk_out_internal ; 7.668 ; 7.308 ; Rise       ; Clock_Divider:inst2|clk_out_internal ;
; data_outpin_2 ; Clock_Divider:inst2|clk_out_internal ; 6.090 ; 5.909 ; Rise       ; Clock_Divider:inst2|clk_out_internal ;
; latchpin      ; Clock_Divider:inst2|clk_out_internal ; 5.441 ; 5.398 ; Rise       ; Clock_Divider:inst2|clk_out_internal ;
; clk_origin    ; Clock_Divider:inst2|clk_out_internal ;       ; 3.448 ; Fall       ; Clock_Divider:inst2|clk_out_internal ;
; pin_name1     ; clk_in                               ; 4.101 ; 4.239 ; Rise       ; clk_in                               ;
; pin_name1     ; clk_in                               ; 4.101 ; 4.239 ; Fall       ; clk_in                               ;
+---------------+--------------------------------------+-------+-------+------------+--------------------------------------+


---------------------------------------------
; Slow 1200mV 0C Model Metastability Report ;
---------------------------------------------
No synchronizer chains to report.


+---------------------------------------------------------------+
; Fast 1200mV 0C Model Setup Summary                            ;
+--------------------------------------+--------+---------------+
; Clock                                ; Slack  ; End Point TNS ;
+--------------------------------------+--------+---------------+
; Clock_Divider:inst2|clk_out_internal ; -0.572 ; -7.463        ;
; clk_in                               ; 0.128  ; 0.000         ;
+--------------------------------------+--------+---------------+


+---------------------------------------------------------------+
; Fast 1200mV 0C Model Hold Summary                             ;
+--------------------------------------+--------+---------------+
; Clock                                ; Slack  ; End Point TNS ;
+--------------------------------------+--------+---------------+
; clk_in                               ; -0.089 ; -0.089        ;
; Clock_Divider:inst2|clk_out_internal ; 0.187  ; 0.000         ;
+--------------------------------------+--------+---------------+


-----------------------------------------
; Fast 1200mV 0C Model Recovery Summary ;
-----------------------------------------
No paths to report.


----------------------------------------
; Fast 1200mV 0C Model Removal Summary ;
----------------------------------------
No paths to report.


+---------------------------------------------------------------+
; Fast 1200mV 0C Model Minimum Pulse Width Summary              ;
+--------------------------------------+--------+---------------+
; Clock                                ; Slack  ; End Point TNS ;
+--------------------------------------+--------+---------------+
; clk_in                               ; -3.000 ; -6.192        ;
; Clock_Divider:inst2|clk_out_internal ; -1.000 ; -36.000       ;
+--------------------------------------+--------+---------------+


+--------------------------------------------------------------------------------------------------------------------------------------------------------------------------------------------------+
; Fast 1200mV 0C Model Setup: 'Clock_Divider:inst2|clk_out_internal'                                                                                                                               ;
+--------+----------------------------+-------------------------------------+--------------------------------------+--------------------------------------+--------------+------------+------------+
; Slack  ; From Node                  ; To Node                             ; Launch Clock                         ; Latch Clock                          ; Relationship ; Clock Skew ; Data Delay ;
+--------+----------------------------+-------------------------------------+--------------------------------------+--------------------------------------+--------------+------------+------------+
; -0.572 ; data_out_module:inst1|j[0] ; data_out_module_2:inst3|data_outpin ; Clock_Divider:inst2|clk_out_internal ; Clock_Divider:inst2|clk_out_internal ; 1.000        ; -0.035     ; 1.524      ;
; -0.562 ; data_out_module:inst1|j[1] ; data_out_module_2:inst3|data_outpin ; Clock_Divider:inst2|clk_out_internal ; Clock_Divider:inst2|clk_out_internal ; 1.000        ; -0.035     ; 1.514      ;
; -0.552 ; data_out_module:inst1|j[1] ; data_out_module:inst1|j[6]          ; Clock_Divider:inst2|clk_out_internal ; Clock_Divider:inst2|clk_out_internal ; 1.000        ; -0.036     ; 1.503      ;
; -0.544 ; data_out_module:inst1|j[4] ; data_out_module_2:inst3|data_outpin ; Clock_Divider:inst2|clk_out_internal ; Clock_Divider:inst2|clk_out_internal ; 1.000        ; -0.035     ; 1.496      ;
; -0.502 ; data_out_module:inst1|j[2] ; data_out_module_2:inst3|data_outpin ; Clock_Divider:inst2|clk_out_internal ; Clock_Divider:inst2|clk_out_internal ; 1.000        ; -0.035     ; 1.454      ;
; -0.487 ; data_out_module:inst1|j[5] ; data_out_module:inst1|j[3]          ; Clock_Divider:inst2|clk_out_internal ; Clock_Divider:inst2|clk_out_internal ; 1.000        ; -0.036     ; 1.438      ;
; -0.487 ; data_out_module:inst1|i[6] ; data_out_module:inst1|j[3]          ; Clock_Divider:inst2|clk_out_internal ; Clock_Divider:inst2|clk_out_internal ; 1.000        ; -0.036     ; 1.438      ;
; -0.486 ; data_out_module:inst1|j[5] ; data_out_module:inst1|j[5]          ; Clock_Divider:inst2|clk_out_internal ; Clock_Divider:inst2|clk_out_internal ; 1.000        ; -0.036     ; 1.437      ;
; -0.486 ; data_out_module:inst1|i[6] ; data_out_module:inst1|j[5]          ; Clock_Divider:inst2|clk_out_internal ; Clock_Divider:inst2|clk_out_internal ; 1.000        ; -0.036     ; 1.437      ;
; -0.485 ; data_out_module:inst1|j[5] ; data_out_module:inst1|j[7]          ; Clock_Divider:inst2|clk_out_internal ; Clock_Divider:inst2|clk_out_internal ; 1.000        ; -0.036     ; 1.436      ;
; -0.485 ; data_out_module:inst1|j[6] ; data_out_module:inst1|j[3]          ; Clock_Divider:inst2|clk_out_internal ; Clock_Divider:inst2|clk_out_internal ; 1.000        ; -0.036     ; 1.436      ;
; -0.485 ; data_out_module:inst1|i[6] ; data_out_module:inst1|j[7]          ; Clock_Divider:inst2|clk_out_internal ; Clock_Divider:inst2|clk_out_internal ; 1.000        ; -0.036     ; 1.436      ;
; -0.484 ; data_out_module:inst1|j[5] ; data_out_module:inst1|j[0]          ; Clock_Divider:inst2|clk_out_internal ; Clock_Divider:inst2|clk_out_internal ; 1.000        ; -0.036     ; 1.435      ;
; -0.484 ; data_out_module:inst1|j[6] ; data_out_module:inst1|j[5]          ; Clock_Divider:inst2|clk_out_internal ; Clock_Divider:inst2|clk_out_internal ; 1.000        ; -0.036     ; 1.435      ;
; -0.484 ; data_out_module:inst1|i[6] ; data_out_module:inst1|j[0]          ; Clock_Divider:inst2|clk_out_internal ; Clock_Divider:inst2|clk_out_internal ; 1.000        ; -0.036     ; 1.435      ;
; -0.483 ; data_out_module:inst1|j[5] ; data_out_module:inst1|j[6]          ; Clock_Divider:inst2|clk_out_internal ; Clock_Divider:inst2|clk_out_internal ; 1.000        ; -0.036     ; 1.434      ;
; -0.483 ; data_out_module:inst1|j[6] ; data_out_module:inst1|j[7]          ; Clock_Divider:inst2|clk_out_internal ; Clock_Divider:inst2|clk_out_internal ; 1.000        ; -0.036     ; 1.434      ;
; -0.483 ; data_out_module:inst1|i[6] ; data_out_module:inst1|j[6]          ; Clock_Divider:inst2|clk_out_internal ; Clock_Divider:inst2|clk_out_internal ; 1.000        ; -0.036     ; 1.434      ;
; -0.482 ; data_out_module:inst1|j[1] ; data_out_module:inst1|j[4]          ; Clock_Divider:inst2|clk_out_internal ; Clock_Divider:inst2|clk_out_internal ; 1.000        ; -0.036     ; 1.433      ;
; -0.482 ; data_out_module:inst1|i[7] ; data_out_module:inst1|j[3]          ; Clock_Divider:inst2|clk_out_internal ; Clock_Divider:inst2|clk_out_internal ; 1.000        ; -0.036     ; 1.433      ;
; -0.482 ; data_out_module:inst1|j[6] ; data_out_module:inst1|j[0]          ; Clock_Divider:inst2|clk_out_internal ; Clock_Divider:inst2|clk_out_internal ; 1.000        ; -0.036     ; 1.433      ;
; -0.481 ; data_out_module:inst1|i[7] ; data_out_module:inst1|j[5]          ; Clock_Divider:inst2|clk_out_internal ; Clock_Divider:inst2|clk_out_internal ; 1.000        ; -0.036     ; 1.432      ;
; -0.481 ; data_out_module:inst1|j[1] ; data_out_module:inst1|j[7]          ; Clock_Divider:inst2|clk_out_internal ; Clock_Divider:inst2|clk_out_internal ; 1.000        ; -0.036     ; 1.432      ;
; -0.481 ; data_out_module:inst1|j[6] ; data_out_module:inst1|j[6]          ; Clock_Divider:inst2|clk_out_internal ; Clock_Divider:inst2|clk_out_internal ; 1.000        ; -0.036     ; 1.432      ;
; -0.480 ; data_out_module:inst1|i[7] ; data_out_module:inst1|j[7]          ; Clock_Divider:inst2|clk_out_internal ; Clock_Divider:inst2|clk_out_internal ; 1.000        ; -0.036     ; 1.431      ;
; -0.479 ; data_out_module:inst1|i[7] ; data_out_module:inst1|j[0]          ; Clock_Divider:inst2|clk_out_internal ; Clock_Divider:inst2|clk_out_internal ; 1.000        ; -0.036     ; 1.430      ;
; -0.478 ; data_out_module:inst1|i[7] ; data_out_module:inst1|j[6]          ; Clock_Divider:inst2|clk_out_internal ; Clock_Divider:inst2|clk_out_internal ; 1.000        ; -0.036     ; 1.429      ;
; -0.476 ; data_out_module:inst1|j[5] ; data_out_module:inst1|j[2]          ; Clock_Divider:inst2|clk_out_internal ; Clock_Divider:inst2|clk_out_internal ; 1.000        ; -0.036     ; 1.427      ;
; -0.476 ; data_out_module:inst1|j[5] ; data_out_module:inst1|j[4]          ; Clock_Divider:inst2|clk_out_internal ; Clock_Divider:inst2|clk_out_internal ; 1.000        ; -0.036     ; 1.427      ;
; -0.476 ; data_out_module:inst1|i[6] ; data_out_module:inst1|j[2]          ; Clock_Divider:inst2|clk_out_internal ; Clock_Divider:inst2|clk_out_internal ; 1.000        ; -0.036     ; 1.427      ;
; -0.476 ; data_out_module:inst1|i[6] ; data_out_module:inst1|j[4]          ; Clock_Divider:inst2|clk_out_internal ; Clock_Divider:inst2|clk_out_internal ; 1.000        ; -0.036     ; 1.427      ;
; -0.474 ; data_out_module:inst1|j[6] ; data_out_module:inst1|j[2]          ; Clock_Divider:inst2|clk_out_internal ; Clock_Divider:inst2|clk_out_internal ; 1.000        ; -0.036     ; 1.425      ;
; -0.474 ; data_out_module:inst1|j[6] ; data_out_module:inst1|j[4]          ; Clock_Divider:inst2|clk_out_internal ; Clock_Divider:inst2|clk_out_internal ; 1.000        ; -0.036     ; 1.425      ;
; -0.471 ; data_out_module:inst1|i[7] ; data_out_module:inst1|j[2]          ; Clock_Divider:inst2|clk_out_internal ; Clock_Divider:inst2|clk_out_internal ; 1.000        ; -0.036     ; 1.422      ;
; -0.471 ; data_out_module:inst1|i[7] ; data_out_module:inst1|j[4]          ; Clock_Divider:inst2|clk_out_internal ; Clock_Divider:inst2|clk_out_internal ; 1.000        ; -0.036     ; 1.422      ;
; -0.452 ; data_out_module:inst1|j[0] ; data_out_module:inst1|data_outpin   ; Clock_Divider:inst2|clk_out_internal ; Clock_Divider:inst2|clk_out_internal ; 1.000        ; 0.164      ; 1.603      ;
; -0.435 ; data_out_module:inst1|j[2] ; data_out_module:inst1|j[3]          ; Clock_Divider:inst2|clk_out_internal ; Clock_Divider:inst2|clk_out_internal ; 1.000        ; -0.036     ; 1.386      ;
; -0.434 ; data_out_module:inst1|j[2] ; data_out_module:inst1|j[5]          ; Clock_Divider:inst2|clk_out_internal ; Clock_Divider:inst2|clk_out_internal ; 1.000        ; -0.036     ; 1.385      ;
; -0.433 ; data_out_module:inst1|j[2] ; data_out_module:inst1|j[7]          ; Clock_Divider:inst2|clk_out_internal ; Clock_Divider:inst2|clk_out_internal ; 1.000        ; -0.036     ; 1.384      ;
; -0.432 ; data_out_module:inst1|j[2] ; data_out_module:inst1|j[0]          ; Clock_Divider:inst2|clk_out_internal ; Clock_Divider:inst2|clk_out_internal ; 1.000        ; -0.036     ; 1.383      ;
; -0.431 ; data_out_module:inst1|j[2] ; data_out_module:inst1|j[6]          ; Clock_Divider:inst2|clk_out_internal ; Clock_Divider:inst2|clk_out_internal ; 1.000        ; -0.036     ; 1.382      ;
; -0.426 ; data_out_module:inst1|j[1] ; data_out_module:inst1|j[3]          ; Clock_Divider:inst2|clk_out_internal ; Clock_Divider:inst2|clk_out_internal ; 1.000        ; -0.036     ; 1.377      ;
; -0.424 ; data_out_module:inst1|j[2] ; data_out_module:inst1|j[2]          ; Clock_Divider:inst2|clk_out_internal ; Clock_Divider:inst2|clk_out_internal ; 1.000        ; -0.036     ; 1.375      ;
; -0.424 ; data_out_module:inst1|j[2] ; data_out_module:inst1|j[4]          ; Clock_Divider:inst2|clk_out_internal ; Clock_Divider:inst2|clk_out_internal ; 1.000        ; -0.036     ; 1.375      ;
; -0.423 ; data_out_module:inst1|j[3] ; data_out_module_2:inst3|data_outpin ; Clock_Divider:inst2|clk_out_internal ; Clock_Divider:inst2|clk_out_internal ; 1.000        ; -0.035     ; 1.375      ;
; -0.414 ; data_out_module:inst1|j[1] ; data_out_module:inst1|j[2]          ; Clock_Divider:inst2|clk_out_internal ; Clock_Divider:inst2|clk_out_internal ; 1.000        ; -0.036     ; 1.365      ;
; -0.412 ; data_out_module:inst1|j[1] ; data_out_module:inst1|j[5]          ; Clock_Divider:inst2|clk_out_internal ; Clock_Divider:inst2|clk_out_internal ; 1.000        ; -0.036     ; 1.363      ;
; -0.409 ; data_out_module:inst1|j[0] ; data_out_module:inst1|j[6]          ; Clock_Divider:inst2|clk_out_internal ; Clock_Divider:inst2|clk_out_internal ; 1.000        ; -0.036     ; 1.360      ;
; -0.403 ; data_out_module:inst1|i[4] ; data_out_module:inst1|j[3]          ; Clock_Divider:inst2|clk_out_internal ; Clock_Divider:inst2|clk_out_internal ; 1.000        ; -0.036     ; 1.354      ;
; -0.402 ; data_out_module:inst1|i[4] ; data_out_module:inst1|j[5]          ; Clock_Divider:inst2|clk_out_internal ; Clock_Divider:inst2|clk_out_internal ; 1.000        ; -0.036     ; 1.353      ;
; -0.401 ; data_out_module:inst1|i[4] ; data_out_module:inst1|j[7]          ; Clock_Divider:inst2|clk_out_internal ; Clock_Divider:inst2|clk_out_internal ; 1.000        ; -0.036     ; 1.352      ;
; -0.400 ; data_out_module:inst1|i[4] ; data_out_module:inst1|j[0]          ; Clock_Divider:inst2|clk_out_internal ; Clock_Divider:inst2|clk_out_internal ; 1.000        ; -0.036     ; 1.351      ;
; -0.399 ; data_out_module:inst1|i[4] ; data_out_module:inst1|j[6]          ; Clock_Divider:inst2|clk_out_internal ; Clock_Divider:inst2|clk_out_internal ; 1.000        ; -0.036     ; 1.350      ;
; -0.392 ; data_out_module:inst1|i[4] ; data_out_module:inst1|j[2]          ; Clock_Divider:inst2|clk_out_internal ; Clock_Divider:inst2|clk_out_internal ; 1.000        ; -0.036     ; 1.343      ;
; -0.392 ; data_out_module:inst1|i[4] ; data_out_module:inst1|j[4]          ; Clock_Divider:inst2|clk_out_internal ; Clock_Divider:inst2|clk_out_internal ; 1.000        ; -0.036     ; 1.343      ;
; -0.391 ; data_out_module:inst1|j[3] ; data_out_module:inst1|j[6]          ; Clock_Divider:inst2|clk_out_internal ; Clock_Divider:inst2|clk_out_internal ; 1.000        ; -0.036     ; 1.342      ;
; -0.391 ; data_out_module:inst1|j[2] ; data_out_module:inst1|data_outpin   ; Clock_Divider:inst2|clk_out_internal ; Clock_Divider:inst2|clk_out_internal ; 1.000        ; 0.164      ; 1.542      ;
; -0.381 ; data_out_module:inst1|j[1] ; data_out_module:inst1|data_outpin   ; Clock_Divider:inst2|clk_out_internal ; Clock_Divider:inst2|clk_out_internal ; 1.000        ; 0.164      ; 1.532      ;
; -0.380 ; data_out_module:inst1|i[3] ; data_out_module:inst1|j[3]          ; Clock_Divider:inst2|clk_out_internal ; Clock_Divider:inst2|clk_out_internal ; 1.000        ; -0.036     ; 1.331      ;
; -0.380 ; data_out_module:inst1|j[4] ; data_out_module:inst1|j[3]          ; Clock_Divider:inst2|clk_out_internal ; Clock_Divider:inst2|clk_out_internal ; 1.000        ; -0.036     ; 1.331      ;
; -0.379 ; data_out_module:inst1|i[3] ; data_out_module:inst1|j[5]          ; Clock_Divider:inst2|clk_out_internal ; Clock_Divider:inst2|clk_out_internal ; 1.000        ; -0.036     ; 1.330      ;
; -0.379 ; data_out_module:inst1|j[4] ; data_out_module:inst1|j[5]          ; Clock_Divider:inst2|clk_out_internal ; Clock_Divider:inst2|clk_out_internal ; 1.000        ; -0.036     ; 1.330      ;
; -0.378 ; data_out_module:inst1|i[3] ; data_out_module:inst1|j[7]          ; Clock_Divider:inst2|clk_out_internal ; Clock_Divider:inst2|clk_out_internal ; 1.000        ; -0.036     ; 1.329      ;
; -0.378 ; data_out_module:inst1|j[4] ; data_out_module:inst1|j[7]          ; Clock_Divider:inst2|clk_out_internal ; Clock_Divider:inst2|clk_out_internal ; 1.000        ; -0.036     ; 1.329      ;
; -0.377 ; data_out_module:inst1|i[3] ; data_out_module:inst1|j[0]          ; Clock_Divider:inst2|clk_out_internal ; Clock_Divider:inst2|clk_out_internal ; 1.000        ; -0.036     ; 1.328      ;
; -0.377 ; data_out_module:inst1|j[4] ; data_out_module:inst1|j[0]          ; Clock_Divider:inst2|clk_out_internal ; Clock_Divider:inst2|clk_out_internal ; 1.000        ; -0.036     ; 1.328      ;
; -0.377 ; data_out_module:inst1|j[4] ; data_out_module:inst1|j[6]          ; Clock_Divider:inst2|clk_out_internal ; Clock_Divider:inst2|clk_out_internal ; 1.000        ; -0.036     ; 1.328      ;
; -0.376 ; data_out_module:inst1|i[3] ; data_out_module:inst1|j[6]          ; Clock_Divider:inst2|clk_out_internal ; Clock_Divider:inst2|clk_out_internal ; 1.000        ; -0.036     ; 1.327      ;
; -0.375 ; data_out_module:inst1|i[2] ; data_out_module:inst1|j[3]          ; Clock_Divider:inst2|clk_out_internal ; Clock_Divider:inst2|clk_out_internal ; 1.000        ; -0.036     ; 1.326      ;
; -0.374 ; data_out_module:inst1|i[2] ; data_out_module:inst1|j[5]          ; Clock_Divider:inst2|clk_out_internal ; Clock_Divider:inst2|clk_out_internal ; 1.000        ; -0.036     ; 1.325      ;
; -0.373 ; data_out_module:inst1|i[2] ; data_out_module:inst1|j[7]          ; Clock_Divider:inst2|clk_out_internal ; Clock_Divider:inst2|clk_out_internal ; 1.000        ; -0.036     ; 1.324      ;
; -0.372 ; data_out_module:inst1|i[2] ; data_out_module:inst1|j[0]          ; Clock_Divider:inst2|clk_out_internal ; Clock_Divider:inst2|clk_out_internal ; 1.000        ; -0.036     ; 1.323      ;
; -0.371 ; data_out_module:inst1|j[4] ; data_out_module:inst1|j[4]          ; Clock_Divider:inst2|clk_out_internal ; Clock_Divider:inst2|clk_out_internal ; 1.000        ; -0.036     ; 1.322      ;
; -0.371 ; data_out_module:inst1|i[2] ; data_out_module:inst1|j[6]          ; Clock_Divider:inst2|clk_out_internal ; Clock_Divider:inst2|clk_out_internal ; 1.000        ; -0.036     ; 1.322      ;
; -0.371 ; data_out_module:inst1|j[0] ; data_out_module:inst1|j[7]          ; Clock_Divider:inst2|clk_out_internal ; Clock_Divider:inst2|clk_out_internal ; 1.000        ; -0.036     ; 1.322      ;
; -0.370 ; data_out_module:inst1|i[6] ; data_out_module:inst1|j[1]          ; Clock_Divider:inst2|clk_out_internal ; Clock_Divider:inst2|clk_out_internal ; 1.000        ; -0.036     ; 1.321      ;
; -0.370 ; data_out_module:inst1|j[4] ; data_out_module:inst1|j[2]          ; Clock_Divider:inst2|clk_out_internal ; Clock_Divider:inst2|clk_out_internal ; 1.000        ; -0.036     ; 1.321      ;
; -0.369 ; data_out_module:inst1|i[3] ; data_out_module:inst1|j[2]          ; Clock_Divider:inst2|clk_out_internal ; Clock_Divider:inst2|clk_out_internal ; 1.000        ; -0.036     ; 1.320      ;
; -0.369 ; data_out_module:inst1|i[3] ; data_out_module:inst1|j[4]          ; Clock_Divider:inst2|clk_out_internal ; Clock_Divider:inst2|clk_out_internal ; 1.000        ; -0.036     ; 1.320      ;
; -0.368 ; data_out_module:inst1|j[5] ; data_out_module:inst1|j[1]          ; Clock_Divider:inst2|clk_out_internal ; Clock_Divider:inst2|clk_out_internal ; 1.000        ; -0.036     ; 1.319      ;
; -0.366 ; data_out_module:inst1|j[6] ; data_out_module:inst1|j[1]          ; Clock_Divider:inst2|clk_out_internal ; Clock_Divider:inst2|clk_out_internal ; 1.000        ; -0.036     ; 1.317      ;
; -0.365 ; data_out_module:inst1|i[7] ; data_out_module:inst1|j[1]          ; Clock_Divider:inst2|clk_out_internal ; Clock_Divider:inst2|clk_out_internal ; 1.000        ; -0.036     ; 1.316      ;
; -0.364 ; data_out_module:inst1|i[2] ; data_out_module:inst1|j[2]          ; Clock_Divider:inst2|clk_out_internal ; Clock_Divider:inst2|clk_out_internal ; 1.000        ; -0.036     ; 1.315      ;
; -0.364 ; data_out_module:inst1|i[2] ; data_out_module:inst1|j[4]          ; Clock_Divider:inst2|clk_out_internal ; Clock_Divider:inst2|clk_out_internal ; 1.000        ; -0.036     ; 1.315      ;
; -0.362 ; data_out_module:inst1|j[3] ; data_out_module:inst1|j[3]          ; Clock_Divider:inst2|clk_out_internal ; Clock_Divider:inst2|clk_out_internal ; 1.000        ; -0.036     ; 1.313      ;
; -0.361 ; data_out_module:inst1|j[3] ; data_out_module:inst1|j[5]          ; Clock_Divider:inst2|clk_out_internal ; Clock_Divider:inst2|clk_out_internal ; 1.000        ; -0.036     ; 1.312      ;
; -0.360 ; data_out_module:inst1|j[3] ; data_out_module:inst1|j[7]          ; Clock_Divider:inst2|clk_out_internal ; Clock_Divider:inst2|clk_out_internal ; 1.000        ; -0.036     ; 1.311      ;
; -0.359 ; data_out_module:inst1|j[3] ; data_out_module:inst1|j[0]          ; Clock_Divider:inst2|clk_out_internal ; Clock_Divider:inst2|clk_out_internal ; 1.000        ; -0.036     ; 1.310      ;
; -0.351 ; data_out_module:inst1|i[6] ; data_out_module:inst1|i[0]          ; Clock_Divider:inst2|clk_out_internal ; Clock_Divider:inst2|clk_out_internal ; 1.000        ; -0.036     ; 1.302      ;
; -0.351 ; data_out_module:inst1|j[3] ; data_out_module:inst1|j[2]          ; Clock_Divider:inst2|clk_out_internal ; Clock_Divider:inst2|clk_out_internal ; 1.000        ; -0.036     ; 1.302      ;
; -0.351 ; data_out_module:inst1|j[3] ; data_out_module:inst1|j[4]          ; Clock_Divider:inst2|clk_out_internal ; Clock_Divider:inst2|clk_out_internal ; 1.000        ; -0.036     ; 1.302      ;
; -0.350 ; data_out_module:inst1|j[7] ; data_out_module:inst1|j[3]          ; Clock_Divider:inst2|clk_out_internal ; Clock_Divider:inst2|clk_out_internal ; 1.000        ; -0.036     ; 1.301      ;
; -0.349 ; data_out_module:inst1|j[7] ; data_out_module:inst1|j[5]          ; Clock_Divider:inst2|clk_out_internal ; Clock_Divider:inst2|clk_out_internal ; 1.000        ; -0.036     ; 1.300      ;
; -0.348 ; data_out_module:inst1|j[7] ; data_out_module:inst1|j[7]          ; Clock_Divider:inst2|clk_out_internal ; Clock_Divider:inst2|clk_out_internal ; 1.000        ; -0.036     ; 1.299      ;
; -0.347 ; data_out_module:inst1|j[7] ; data_out_module:inst1|j[0]          ; Clock_Divider:inst2|clk_out_internal ; Clock_Divider:inst2|clk_out_internal ; 1.000        ; -0.036     ; 1.298      ;
; -0.347 ; data_out_module:inst1|j[7] ; data_out_module:inst1|j[6]          ; Clock_Divider:inst2|clk_out_internal ; Clock_Divider:inst2|clk_out_internal ; 1.000        ; -0.036     ; 1.298      ;
; -0.346 ; data_out_module:inst1|i[7] ; data_out_module:inst1|i[0]          ; Clock_Divider:inst2|clk_out_internal ; Clock_Divider:inst2|clk_out_internal ; 1.000        ; -0.036     ; 1.297      ;
; -0.341 ; data_out_module:inst1|j[7] ; data_out_module:inst1|j[4]          ; Clock_Divider:inst2|clk_out_internal ; Clock_Divider:inst2|clk_out_internal ; 1.000        ; -0.036     ; 1.292      ;
; -0.340 ; data_out_module:inst1|j[7] ; data_out_module:inst1|j[2]          ; Clock_Divider:inst2|clk_out_internal ; Clock_Divider:inst2|clk_out_internal ; 1.000        ; -0.036     ; 1.291      ;
; -0.339 ; data_out_module:inst1|j[0] ; data_out_module:inst1|j[4]          ; Clock_Divider:inst2|clk_out_internal ; Clock_Divider:inst2|clk_out_internal ; 1.000        ; -0.036     ; 1.290      ;
+--------+----------------------------+-------------------------------------+--------------------------------------+--------------------------------------+--------------+------------+------------+


+-----------------------------------------------------------------------------------------------------------------------------------------------------------------------------------+
; Fast 1200mV 0C Model Setup: 'clk_in'                                                                                                                                              ;
+-------+--------------------------------------+--------------------------------------+--------------------------------------+-------------+--------------+------------+------------+
; Slack ; From Node                            ; To Node                              ; Launch Clock                         ; Latch Clock ; Relationship ; Clock Skew ; Data Delay ;
+-------+--------------------------------------+--------------------------------------+--------------------------------------+-------------+--------------+------------+------------+
; 0.128 ; Clock_Divider:inst2|clk_out_internal ; Clock_Divider:inst2|clk_out_internal ; Clock_Divider:inst2|clk_out_internal ; clk_in      ; 0.500        ; 1.146      ; 1.600      ;
; 0.323 ; Clock_Divider:inst2|counter[0]       ; Clock_Divider:inst2|clk_out_internal ; clk_in                               ; clk_in      ; 1.000        ; -0.037     ; 0.627      ;
; 0.397 ; Clock_Divider:inst2|counter[1]       ; Clock_Divider:inst2|clk_out_internal ; clk_in                               ; clk_in      ; 1.000        ; -0.037     ; 0.553      ;
; 0.485 ; Clock_Divider:inst2|counter[0]       ; Clock_Divider:inst2|counter[1]       ; clk_in                               ; clk_in      ; 1.000        ; -0.037     ; 0.465      ;
; 0.571 ; Clock_Divider:inst2|counter[1]       ; Clock_Divider:inst2|counter[0]       ; clk_in                               ; clk_in      ; 1.000        ; -0.037     ; 0.379      ;
; 0.591 ; Clock_Divider:inst2|counter[0]       ; Clock_Divider:inst2|counter[0]       ; clk_in                               ; clk_in      ; 1.000        ; -0.037     ; 0.359      ;
; 0.591 ; Clock_Divider:inst2|counter[1]       ; Clock_Divider:inst2|counter[1]       ; clk_in                               ; clk_in      ; 1.000        ; -0.037     ; 0.359      ;
; 0.810 ; Clock_Divider:inst2|clk_out_internal ; Clock_Divider:inst2|clk_out_internal ; Clock_Divider:inst2|clk_out_internal ; clk_in      ; 1.000        ; 1.146      ; 1.418      ;
+-------+--------------------------------------+--------------------------------------+--------------------------------------+-------------+--------------+------------+------------+


+------------------------------------------------------------------------------------------------------------------------------------------------------------------------------------+
; Fast 1200mV 0C Model Hold: 'clk_in'                                                                                                                                                ;
+--------+--------------------------------------+--------------------------------------+--------------------------------------+-------------+--------------+------------+------------+
; Slack  ; From Node                            ; To Node                              ; Launch Clock                         ; Latch Clock ; Relationship ; Clock Skew ; Data Delay ;
+--------+--------------------------------------+--------------------------------------+--------------------------------------+-------------+--------------+------------+------------+
; -0.089 ; Clock_Divider:inst2|clk_out_internal ; Clock_Divider:inst2|clk_out_internal ; Clock_Divider:inst2|clk_out_internal ; clk_in      ; 0.000        ; 1.191      ; 1.321      ;
; 0.193  ; Clock_Divider:inst2|counter[1]       ; Clock_Divider:inst2|counter[1]       ; clk_in                               ; clk_in      ; 0.000        ; 0.037      ; 0.314      ;
; 0.193  ; Clock_Divider:inst2|counter[0]       ; Clock_Divider:inst2|counter[0]       ; clk_in                               ; clk_in      ; 0.000        ; 0.037      ; 0.314      ;
; 0.204  ; Clock_Divider:inst2|counter[1]       ; Clock_Divider:inst2|counter[0]       ; clk_in                               ; clk_in      ; 0.000        ; 0.037      ; 0.325      ;
; 0.273  ; Clock_Divider:inst2|counter[0]       ; Clock_Divider:inst2|counter[1]       ; clk_in                               ; clk_in      ; 0.000        ; 0.037      ; 0.394      ;
; 0.351  ; Clock_Divider:inst2|counter[1]       ; Clock_Divider:inst2|clk_out_internal ; clk_in                               ; clk_in      ; 0.000        ; 0.037      ; 0.472      ;
; 0.414  ; Clock_Divider:inst2|counter[0]       ; Clock_Divider:inst2|clk_out_internal ; clk_in                               ; clk_in      ; 0.000        ; 0.037      ; 0.535      ;
; 0.563  ; Clock_Divider:inst2|clk_out_internal ; Clock_Divider:inst2|clk_out_internal ; Clock_Divider:inst2|clk_out_internal ; clk_in      ; -0.500       ; 1.191      ; 1.473      ;
+--------+--------------------------------------+--------------------------------------+--------------------------------------+-------------+--------------+------------+------------+


+-------------------------------------------------------------------------------------------------------------------------------------------------------------------------------------------------+
; Fast 1200mV 0C Model Hold: 'Clock_Divider:inst2|clk_out_internal'                                                                                                                               ;
+-------+----------------------------+-------------------------------------+--------------------------------------+--------------------------------------+--------------+------------+------------+
; Slack ; From Node                  ; To Node                             ; Launch Clock                         ; Latch Clock                          ; Relationship ; Clock Skew ; Data Delay ;
+-------+----------------------------+-------------------------------------+--------------------------------------+--------------------------------------+--------------+------------+------------+
; 0.187 ; data_out_module:inst1|j[0] ; data_out_module:inst1|j[0]          ; Clock_Divider:inst2|clk_out_internal ; Clock_Divider:inst2|clk_out_internal ; 0.000        ; 0.036      ; 0.307      ;
; 0.187 ; data_out_module:inst1|j[4] ; data_out_module:inst1|j[4]          ; Clock_Divider:inst2|clk_out_internal ; Clock_Divider:inst2|clk_out_internal ; 0.000        ; 0.036      ; 0.307      ;
; 0.187 ; data_out_module:inst1|j[7] ; data_out_module:inst1|j[7]          ; Clock_Divider:inst2|clk_out_internal ; Clock_Divider:inst2|clk_out_internal ; 0.000        ; 0.036      ; 0.307      ;
; 0.187 ; data_out_module:inst1|j[1] ; data_out_module:inst1|j[1]          ; Clock_Divider:inst2|clk_out_internal ; Clock_Divider:inst2|clk_out_internal ; 0.000        ; 0.036      ; 0.307      ;
; 0.187 ; data_out_module:inst1|j[2] ; data_out_module:inst1|j[2]          ; Clock_Divider:inst2|clk_out_internal ; Clock_Divider:inst2|clk_out_internal ; 0.000        ; 0.036      ; 0.307      ;
; 0.187 ; data_out_module:inst1|j[3] ; data_out_module:inst1|j[3]          ; Clock_Divider:inst2|clk_out_internal ; Clock_Divider:inst2|clk_out_internal ; 0.000        ; 0.036      ; 0.307      ;
; 0.187 ; data_out_module:inst1|j[5] ; data_out_module:inst1|j[5]          ; Clock_Divider:inst2|clk_out_internal ; Clock_Divider:inst2|clk_out_internal ; 0.000        ; 0.036      ; 0.307      ;
; 0.187 ; data_out_module:inst1|j[6] ; data_out_module:inst1|j[6]          ; Clock_Divider:inst2|clk_out_internal ; Clock_Divider:inst2|clk_out_internal ; 0.000        ; 0.036      ; 0.307      ;
; 0.200 ; sonic:inst|i[6]            ; sonic:inst|i[6]                     ; Clock_Divider:inst2|clk_out_internal ; Clock_Divider:inst2|clk_out_internal ; 0.000        ; 0.038      ; 0.322      ;
; 0.259 ; sonic:inst|i[4]            ; sonic:inst|clock                    ; Clock_Divider:inst2|clk_out_internal ; Clock_Divider:inst2|clk_out_internal ; 0.000        ; 0.038      ; 0.381      ;
; 0.270 ; sonic:inst|clock           ; sonic:inst|clockpin                 ; Clock_Divider:inst2|clk_out_internal ; Clock_Divider:inst2|clk_out_internal ; 0.000        ; 0.038      ; 0.392      ;
; 0.298 ; data_out_module:inst1|i[5] ; data_out_module:inst1|i[5]          ; Clock_Divider:inst2|clk_out_internal ; Clock_Divider:inst2|clk_out_internal ; 0.000        ; 0.036      ; 0.418      ;
; 0.298 ; data_out_module:inst1|i[3] ; data_out_module:inst1|i[3]          ; Clock_Divider:inst2|clk_out_internal ; Clock_Divider:inst2|clk_out_internal ; 0.000        ; 0.036      ; 0.418      ;
; 0.299 ; data_out_module:inst1|i[7] ; data_out_module:inst1|i[7]          ; Clock_Divider:inst2|clk_out_internal ; Clock_Divider:inst2|clk_out_internal ; 0.000        ; 0.036      ; 0.419      ;
; 0.299 ; sonic:inst|j[5]            ; sonic:inst|j[5]                     ; Clock_Divider:inst2|clk_out_internal ; Clock_Divider:inst2|clk_out_internal ; 0.000        ; 0.037      ; 0.420      ;
; 0.299 ; sonic:inst|j[6]            ; sonic:inst|j[6]                     ; Clock_Divider:inst2|clk_out_internal ; Clock_Divider:inst2|clk_out_internal ; 0.000        ; 0.037      ; 0.420      ;
; 0.300 ; data_out_module:inst1|i[6] ; data_out_module:inst1|i[6]          ; Clock_Divider:inst2|clk_out_internal ; Clock_Divider:inst2|clk_out_internal ; 0.000        ; 0.036      ; 0.420      ;
; 0.300 ; data_out_module:inst1|i[2] ; data_out_module:inst1|i[2]          ; Clock_Divider:inst2|clk_out_internal ; Clock_Divider:inst2|clk_out_internal ; 0.000        ; 0.036      ; 0.420      ;
; 0.301 ; data_out_module:inst1|i[4] ; data_out_module:inst1|i[4]          ; Clock_Divider:inst2|clk_out_internal ; Clock_Divider:inst2|clk_out_internal ; 0.000        ; 0.036      ; 0.421      ;
; 0.303 ; sonic:inst|i[4]            ; sonic:inst|i[4]                     ; Clock_Divider:inst2|clk_out_internal ; Clock_Divider:inst2|clk_out_internal ; 0.000        ; 0.038      ; 0.425      ;
; 0.305 ; sonic:inst|i[2]            ; sonic:inst|i[2]                     ; Clock_Divider:inst2|clk_out_internal ; Clock_Divider:inst2|clk_out_internal ; 0.000        ; 0.038      ; 0.427      ;
; 0.306 ; sonic:inst|j[2]            ; sonic:inst|j[2]                     ; Clock_Divider:inst2|clk_out_internal ; Clock_Divider:inst2|clk_out_internal ; 0.000        ; 0.037      ; 0.427      ;
; 0.308 ; sonic:inst|i[3]            ; sonic:inst|i[3]                     ; Clock_Divider:inst2|clk_out_internal ; Clock_Divider:inst2|clk_out_internal ; 0.000        ; 0.038      ; 0.430      ;
; 0.309 ; sonic:inst|i[5]            ; sonic:inst|i[5]                     ; Clock_Divider:inst2|clk_out_internal ; Clock_Divider:inst2|clk_out_internal ; 0.000        ; 0.038      ; 0.431      ;
; 0.310 ; sonic:inst|i[1]            ; sonic:inst|i[1]                     ; Clock_Divider:inst2|clk_out_internal ; Clock_Divider:inst2|clk_out_internal ; 0.000        ; 0.038      ; 0.432      ;
; 0.313 ; sonic:inst|i[0]            ; sonic:inst|i[0]                     ; Clock_Divider:inst2|clk_out_internal ; Clock_Divider:inst2|clk_out_internal ; 0.000        ; 0.038      ; 0.435      ;
; 0.332 ; data_out_module:inst1|j[4] ; data_out_module:inst1|data_outpin   ; Clock_Divider:inst2|clk_out_internal ; Clock_Divider:inst2|clk_out_internal ; 0.000        ; 0.244      ; 0.660      ;
; 0.336 ; sonic:inst|latch           ; sonic:inst|latchpin                 ; Clock_Divider:inst2|clk_out_internal ; Clock_Divider:inst2|clk_out_internal ; 0.000        ; 0.037      ; 0.457      ;
; 0.337 ; sonic:inst|j[2]            ; sonic:inst|latch                    ; Clock_Divider:inst2|clk_out_internal ; Clock_Divider:inst2|clk_out_internal ; 0.000        ; 0.037      ; 0.458      ;
; 0.359 ; sonic:inst|i[2]            ; sonic:inst|clock                    ; Clock_Divider:inst2|clk_out_internal ; Clock_Divider:inst2|clk_out_internal ; 0.000        ; 0.038      ; 0.481      ;
; 0.376 ; sonic:inst|j[5]            ; sonic:inst|latch                    ; Clock_Divider:inst2|clk_out_internal ; Clock_Divider:inst2|clk_out_internal ; 0.000        ; 0.037      ; 0.497      ;
; 0.398 ; sonic:inst|j[0]            ; sonic:inst|latch                    ; Clock_Divider:inst2|clk_out_internal ; Clock_Divider:inst2|clk_out_internal ; 0.000        ; 0.037      ; 0.519      ;
; 0.403 ; sonic:inst|j[1]            ; sonic:inst|latch                    ; Clock_Divider:inst2|clk_out_internal ; Clock_Divider:inst2|clk_out_internal ; 0.000        ; 0.037      ; 0.524      ;
; 0.418 ; sonic:inst|j[4]            ; sonic:inst|latch                    ; Clock_Divider:inst2|clk_out_internal ; Clock_Divider:inst2|clk_out_internal ; 0.000        ; 0.037      ; 0.539      ;
; 0.447 ; data_out_module:inst1|i[5] ; data_out_module:inst1|i[6]          ; Clock_Divider:inst2|clk_out_internal ; Clock_Divider:inst2|clk_out_internal ; 0.000        ; 0.036      ; 0.567      ;
; 0.447 ; data_out_module:inst1|i[3] ; data_out_module:inst1|i[4]          ; Clock_Divider:inst2|clk_out_internal ; Clock_Divider:inst2|clk_out_internal ; 0.000        ; 0.036      ; 0.567      ;
; 0.448 ; sonic:inst|j[5]            ; sonic:inst|j[6]                     ; Clock_Divider:inst2|clk_out_internal ; Clock_Divider:inst2|clk_out_internal ; 0.000        ; 0.037      ; 0.569      ;
; 0.454 ; sonic:inst|j[1]            ; sonic:inst|j[2]                     ; Clock_Divider:inst2|clk_out_internal ; Clock_Divider:inst2|clk_out_internal ; 0.000        ; 0.037      ; 0.575      ;
; 0.457 ; sonic:inst|i[3]            ; sonic:inst|i[4]                     ; Clock_Divider:inst2|clk_out_internal ; Clock_Divider:inst2|clk_out_internal ; 0.000        ; 0.038      ; 0.579      ;
; 0.458 ; data_out_module:inst1|i[2] ; data_out_module:inst1|i[3]          ; Clock_Divider:inst2|clk_out_internal ; Clock_Divider:inst2|clk_out_internal ; 0.000        ; 0.036      ; 0.578      ;
; 0.458 ; data_out_module:inst1|i[6] ; data_out_module:inst1|i[7]          ; Clock_Divider:inst2|clk_out_internal ; Clock_Divider:inst2|clk_out_internal ; 0.000        ; 0.036      ; 0.578      ;
; 0.458 ; sonic:inst|j[1]            ; sonic:inst|j[1]                     ; Clock_Divider:inst2|clk_out_internal ; Clock_Divider:inst2|clk_out_internal ; 0.000        ; 0.037      ; 0.579      ;
; 0.458 ; sonic:inst|j[3]            ; sonic:inst|j[3]                     ; Clock_Divider:inst2|clk_out_internal ; Clock_Divider:inst2|clk_out_internal ; 0.000        ; 0.037      ; 0.579      ;
; 0.458 ; sonic:inst|i[5]            ; sonic:inst|i[6]                     ; Clock_Divider:inst2|clk_out_internal ; Clock_Divider:inst2|clk_out_internal ; 0.000        ; 0.038      ; 0.580      ;
; 0.459 ; data_out_module:inst1|j[4] ; data_out_module_2:inst3|data_outpin ; Clock_Divider:inst2|clk_out_internal ; Clock_Divider:inst2|clk_out_internal ; 0.000        ; 0.037      ; 0.580      ;
; 0.459 ; data_out_module:inst1|i[4] ; data_out_module:inst1|i[5]          ; Clock_Divider:inst2|clk_out_internal ; Clock_Divider:inst2|clk_out_internal ; 0.000        ; 0.036      ; 0.579      ;
; 0.459 ; data_out_module:inst1|j[7] ; data_out_module:inst1|data_outpin   ; Clock_Divider:inst2|clk_out_internal ; Clock_Divider:inst2|clk_out_internal ; 0.000        ; 0.244      ; 0.787      ;
; 0.459 ; sonic:inst|i[1]            ; sonic:inst|i[2]                     ; Clock_Divider:inst2|clk_out_internal ; Clock_Divider:inst2|clk_out_internal ; 0.000        ; 0.038      ; 0.581      ;
; 0.460 ; sonic:inst|j[4]            ; sonic:inst|j[5]                     ; Clock_Divider:inst2|clk_out_internal ; Clock_Divider:inst2|clk_out_internal ; 0.000        ; 0.037      ; 0.581      ;
; 0.461 ; data_out_module:inst1|i[2] ; data_out_module:inst1|i[4]          ; Clock_Divider:inst2|clk_out_internal ; Clock_Divider:inst2|clk_out_internal ; 0.000        ; 0.036      ; 0.581      ;
; 0.461 ; sonic:inst|i[4]            ; sonic:inst|i[5]                     ; Clock_Divider:inst2|clk_out_internal ; Clock_Divider:inst2|clk_out_internal ; 0.000        ; 0.038      ; 0.583      ;
; 0.462 ; data_out_module:inst1|i[4] ; data_out_module:inst1|i[6]          ; Clock_Divider:inst2|clk_out_internal ; Clock_Divider:inst2|clk_out_internal ; 0.000        ; 0.036      ; 0.582      ;
; 0.462 ; sonic:inst|i[0]            ; sonic:inst|i[1]                     ; Clock_Divider:inst2|clk_out_internal ; Clock_Divider:inst2|clk_out_internal ; 0.000        ; 0.038      ; 0.584      ;
; 0.463 ; sonic:inst|i[2]            ; sonic:inst|i[3]                     ; Clock_Divider:inst2|clk_out_internal ; Clock_Divider:inst2|clk_out_internal ; 0.000        ; 0.038      ; 0.585      ;
; 0.463 ; sonic:inst|j[4]            ; sonic:inst|j[6]                     ; Clock_Divider:inst2|clk_out_internal ; Clock_Divider:inst2|clk_out_internal ; 0.000        ; 0.037      ; 0.584      ;
; 0.464 ; data_out_module:inst1|i[0] ; data_out_module:inst1|i[2]          ; Clock_Divider:inst2|clk_out_internal ; Clock_Divider:inst2|clk_out_internal ; 0.000        ; 0.036      ; 0.584      ;
; 0.464 ; sonic:inst|i[4]            ; sonic:inst|i[6]                     ; Clock_Divider:inst2|clk_out_internal ; Clock_Divider:inst2|clk_out_internal ; 0.000        ; 0.038      ; 0.586      ;
; 0.465 ; sonic:inst|i[0]            ; sonic:inst|i[2]                     ; Clock_Divider:inst2|clk_out_internal ; Clock_Divider:inst2|clk_out_internal ; 0.000        ; 0.038      ; 0.587      ;
; 0.466 ; sonic:inst|i[2]            ; sonic:inst|i[4]                     ; Clock_Divider:inst2|clk_out_internal ; Clock_Divider:inst2|clk_out_internal ; 0.000        ; 0.038      ; 0.588      ;
; 0.468 ; sonic:inst|j[0]            ; sonic:inst|j[2]                     ; Clock_Divider:inst2|clk_out_internal ; Clock_Divider:inst2|clk_out_internal ; 0.000        ; 0.037      ; 0.589      ;
; 0.470 ; data_out_module:inst1|j[6] ; data_out_module:inst1|data_outpin   ; Clock_Divider:inst2|clk_out_internal ; Clock_Divider:inst2|clk_out_internal ; 0.000        ; 0.244      ; 0.798      ;
; 0.482 ; sonic:inst|i[6]            ; sonic:inst|clock                    ; Clock_Divider:inst2|clk_out_internal ; Clock_Divider:inst2|clk_out_internal ; 0.000        ; 0.038      ; 0.604      ;
; 0.494 ; data_out_module:inst1|i[0] ; data_out_module:inst1|i[1]          ; Clock_Divider:inst2|clk_out_internal ; Clock_Divider:inst2|clk_out_internal ; 0.000        ; 0.035      ; 0.613      ;
; 0.496 ; sonic:inst|i[0]            ; sonic:inst|clock                    ; Clock_Divider:inst2|clk_out_internal ; Clock_Divider:inst2|clk_out_internal ; 0.000        ; 0.038      ; 0.618      ;
; 0.509 ; data_out_module:inst1|i[5] ; data_out_module:inst1|i[1]          ; Clock_Divider:inst2|clk_out_internal ; Clock_Divider:inst2|clk_out_internal ; 0.000        ; 0.035      ; 0.628      ;
; 0.510 ; data_out_module:inst1|i[5] ; data_out_module:inst1|i[7]          ; Clock_Divider:inst2|clk_out_internal ; Clock_Divider:inst2|clk_out_internal ; 0.000        ; 0.036      ; 0.630      ;
; 0.510 ; data_out_module:inst1|i[3] ; data_out_module:inst1|i[5]          ; Clock_Divider:inst2|clk_out_internal ; Clock_Divider:inst2|clk_out_internal ; 0.000        ; 0.036      ; 0.630      ;
; 0.513 ; data_out_module:inst1|i[3] ; data_out_module:inst1|i[6]          ; Clock_Divider:inst2|clk_out_internal ; Clock_Divider:inst2|clk_out_internal ; 0.000        ; 0.036      ; 0.633      ;
; 0.514 ; sonic:inst|j[4]            ; sonic:inst|j[4]                     ; Clock_Divider:inst2|clk_out_internal ; Clock_Divider:inst2|clk_out_internal ; 0.000        ; 0.037      ; 0.635      ;
; 0.517 ; sonic:inst|j[3]            ; sonic:inst|j[5]                     ; Clock_Divider:inst2|clk_out_internal ; Clock_Divider:inst2|clk_out_internal ; 0.000        ; 0.037      ; 0.638      ;
; 0.520 ; sonic:inst|j[6]            ; sonic:inst|latch                    ; Clock_Divider:inst2|clk_out_internal ; Clock_Divider:inst2|clk_out_internal ; 0.000        ; 0.037      ; 0.641      ;
; 0.520 ; sonic:inst|i[3]            ; sonic:inst|i[5]                     ; Clock_Divider:inst2|clk_out_internal ; Clock_Divider:inst2|clk_out_internal ; 0.000        ; 0.038      ; 0.642      ;
; 0.520 ; sonic:inst|j[3]            ; sonic:inst|j[6]                     ; Clock_Divider:inst2|clk_out_internal ; Clock_Divider:inst2|clk_out_internal ; 0.000        ; 0.037      ; 0.641      ;
; 0.522 ; sonic:inst|j[2]            ; sonic:inst|j[0]                     ; Clock_Divider:inst2|clk_out_internal ; Clock_Divider:inst2|clk_out_internal ; 0.000        ; 0.037      ; 0.643      ;
; 0.522 ; sonic:inst|i[1]            ; sonic:inst|i[3]                     ; Clock_Divider:inst2|clk_out_internal ; Clock_Divider:inst2|clk_out_internal ; 0.000        ; 0.038      ; 0.644      ;
; 0.523 ; sonic:inst|i[3]            ; sonic:inst|i[6]                     ; Clock_Divider:inst2|clk_out_internal ; Clock_Divider:inst2|clk_out_internal ; 0.000        ; 0.038      ; 0.645      ;
; 0.524 ; data_out_module:inst1|i[2] ; data_out_module:inst1|i[5]          ; Clock_Divider:inst2|clk_out_internal ; Clock_Divider:inst2|clk_out_internal ; 0.000        ; 0.036      ; 0.644      ;
; 0.524 ; sonic:inst|j[2]            ; sonic:inst|j[4]                     ; Clock_Divider:inst2|clk_out_internal ; Clock_Divider:inst2|clk_out_internal ; 0.000        ; 0.037      ; 0.645      ;
; 0.525 ; data_out_module:inst1|i[4] ; data_out_module:inst1|i[7]          ; Clock_Divider:inst2|clk_out_internal ; Clock_Divider:inst2|clk_out_internal ; 0.000        ; 0.036      ; 0.645      ;
; 0.525 ; sonic:inst|i[1]            ; sonic:inst|i[4]                     ; Clock_Divider:inst2|clk_out_internal ; Clock_Divider:inst2|clk_out_internal ; 0.000        ; 0.038      ; 0.647      ;
; 0.527 ; data_out_module:inst1|i[0] ; data_out_module:inst1|i[3]          ; Clock_Divider:inst2|clk_out_internal ; Clock_Divider:inst2|clk_out_internal ; 0.000        ; 0.036      ; 0.647      ;
; 0.527 ; data_out_module:inst1|i[2] ; data_out_module:inst1|i[6]          ; Clock_Divider:inst2|clk_out_internal ; Clock_Divider:inst2|clk_out_internal ; 0.000        ; 0.036      ; 0.647      ;
; 0.528 ; sonic:inst|i[0]            ; sonic:inst|i[3]                     ; Clock_Divider:inst2|clk_out_internal ; Clock_Divider:inst2|clk_out_internal ; 0.000        ; 0.038      ; 0.650      ;
; 0.529 ; sonic:inst|i[2]            ; sonic:inst|i[5]                     ; Clock_Divider:inst2|clk_out_internal ; Clock_Divider:inst2|clk_out_internal ; 0.000        ; 0.038      ; 0.651      ;
; 0.530 ; data_out_module:inst1|i[0] ; data_out_module:inst1|i[4]          ; Clock_Divider:inst2|clk_out_internal ; Clock_Divider:inst2|clk_out_internal ; 0.000        ; 0.036      ; 0.650      ;
; 0.530 ; data_out_module:inst1|i[1] ; data_out_module:inst1|i[2]          ; Clock_Divider:inst2|clk_out_internal ; Clock_Divider:inst2|clk_out_internal ; 0.000        ; 0.037      ; 0.651      ;
; 0.530 ; sonic:inst|j[2]            ; sonic:inst|j[5]                     ; Clock_Divider:inst2|clk_out_internal ; Clock_Divider:inst2|clk_out_internal ; 0.000        ; 0.037      ; 0.651      ;
; 0.531 ; sonic:inst|i[0]            ; sonic:inst|i[4]                     ; Clock_Divider:inst2|clk_out_internal ; Clock_Divider:inst2|clk_out_internal ; 0.000        ; 0.038      ; 0.653      ;
; 0.532 ; sonic:inst|i[1]            ; sonic:inst|clock                    ; Clock_Divider:inst2|clk_out_internal ; Clock_Divider:inst2|clk_out_internal ; 0.000        ; 0.038      ; 0.654      ;
; 0.532 ; sonic:inst|i[3]            ; sonic:inst|clock                    ; Clock_Divider:inst2|clk_out_internal ; Clock_Divider:inst2|clk_out_internal ; 0.000        ; 0.038      ; 0.654      ;
; 0.532 ; sonic:inst|i[2]            ; sonic:inst|i[6]                     ; Clock_Divider:inst2|clk_out_internal ; Clock_Divider:inst2|clk_out_internal ; 0.000        ; 0.038      ; 0.654      ;
; 0.533 ; sonic:inst|j[2]            ; sonic:inst|j[6]                     ; Clock_Divider:inst2|clk_out_internal ; Clock_Divider:inst2|clk_out_internal ; 0.000        ; 0.037      ; 0.654      ;
; 0.535 ; data_out_module:inst1|i[1] ; data_out_module:inst1|i[1]          ; Clock_Divider:inst2|clk_out_internal ; Clock_Divider:inst2|clk_out_internal ; 0.000        ; 0.036      ; 0.655      ;
; 0.546 ; data_out_module:inst1|i[3] ; data_out_module:inst1|i[1]          ; Clock_Divider:inst2|clk_out_internal ; Clock_Divider:inst2|clk_out_internal ; 0.000        ; 0.035      ; 0.665      ;
; 0.546 ; data_out_module:inst1|i[2] ; data_out_module:inst1|i[1]          ; Clock_Divider:inst2|clk_out_internal ; Clock_Divider:inst2|clk_out_internal ; 0.000        ; 0.035      ; 0.665      ;
; 0.554 ; data_out_module:inst1|j[7] ; data_out_module_2:inst3|data_outpin ; Clock_Divider:inst2|clk_out_internal ; Clock_Divider:inst2|clk_out_internal ; 0.000        ; 0.037      ; 0.675      ;
; 0.556 ; sonic:inst|j[1]            ; sonic:inst|j[0]                     ; Clock_Divider:inst2|clk_out_internal ; Clock_Divider:inst2|clk_out_internal ; 0.000        ; 0.037      ; 0.677      ;
; 0.557 ; sonic:inst|j[1]            ; sonic:inst|j[4]                     ; Clock_Divider:inst2|clk_out_internal ; Clock_Divider:inst2|clk_out_internal ; 0.000        ; 0.037      ; 0.678      ;
; 0.561 ; sonic:inst|j[5]            ; sonic:inst|j[0]                     ; Clock_Divider:inst2|clk_out_internal ; Clock_Divider:inst2|clk_out_internal ; 0.000        ; 0.037      ; 0.682      ;
; 0.562 ; sonic:inst|j[3]            ; sonic:inst|latch                    ; Clock_Divider:inst2|clk_out_internal ; Clock_Divider:inst2|clk_out_internal ; 0.000        ; 0.037      ; 0.683      ;
+-------+----------------------------+-------------------------------------+--------------------------------------+--------------------------------------+--------------+------------+------------+


+------------------------------------------------------------------------------------------------------------------------+
; Fast 1200mV 0C Model Minimum Pulse Width: 'clk_in'                                                                     ;
+--------+--------------+----------------+------------------+--------+------------+--------------------------------------+
; Slack  ; Actual Width ; Required Width ; Type             ; Clock  ; Clock Edge ; Target                               ;
+--------+--------------+----------------+------------------+--------+------------+--------------------------------------+
; -3.000 ; 1.000        ; 4.000          ; Port Rate        ; clk_in ; Rise       ; clk_in                               ;
; -1.000 ; 1.000        ; 2.000          ; Min Period       ; clk_in ; Rise       ; Clock_Divider:inst2|clk_out_internal ;
; -1.000 ; 1.000        ; 2.000          ; Min Period       ; clk_in ; Rise       ; Clock_Divider:inst2|counter[0]       ;
; -1.000 ; 1.000        ; 2.000          ; Min Period       ; clk_in ; Rise       ; Clock_Divider:inst2|counter[1]       ;
; -0.064 ; 0.120        ; 0.184          ; Low Pulse Width  ; clk_in ; Rise       ; Clock_Divider:inst2|clk_out_internal ;
; -0.064 ; 0.120        ; 0.184          ; Low Pulse Width  ; clk_in ; Rise       ; Clock_Divider:inst2|counter[0]       ;
; -0.064 ; 0.120        ; 0.184          ; Low Pulse Width  ; clk_in ; Rise       ; Clock_Divider:inst2|counter[1]       ;
; 0.116  ; 0.116        ; 0.000          ; Low Pulse Width  ; clk_in ; Rise       ; inst2|clk_out_internal|clk           ;
; 0.116  ; 0.116        ; 0.000          ; Low Pulse Width  ; clk_in ; Rise       ; inst2|counter[0]|clk                 ;
; 0.116  ; 0.116        ; 0.000          ; Low Pulse Width  ; clk_in ; Rise       ; inst2|counter[1]|clk                 ;
; 0.120  ; 0.120        ; 0.000          ; Low Pulse Width  ; clk_in ; Rise       ; clk_in~input|o                       ;
; 0.139  ; 0.139        ; 0.000          ; Low Pulse Width  ; clk_in ; Rise       ; clk_in~inputclkctrl|inclk[0]         ;
; 0.139  ; 0.139        ; 0.000          ; Low Pulse Width  ; clk_in ; Rise       ; clk_in~inputclkctrl|outclk           ;
; 0.500  ; 0.500        ; 0.000          ; High Pulse Width ; clk_in ; Rise       ; clk_in~input|i                       ;
; 0.500  ; 0.500        ; 0.000          ; Low Pulse Width  ; clk_in ; Rise       ; clk_in~input|i                       ;
; 0.662  ; 0.878        ; 0.216          ; High Pulse Width ; clk_in ; Rise       ; Clock_Divider:inst2|clk_out_internal ;
; 0.662  ; 0.878        ; 0.216          ; High Pulse Width ; clk_in ; Rise       ; Clock_Divider:inst2|counter[0]       ;
; 0.662  ; 0.878        ; 0.216          ; High Pulse Width ; clk_in ; Rise       ; Clock_Divider:inst2|counter[1]       ;
; 0.861  ; 0.861        ; 0.000          ; High Pulse Width ; clk_in ; Rise       ; clk_in~inputclkctrl|inclk[0]         ;
; 0.861  ; 0.861        ; 0.000          ; High Pulse Width ; clk_in ; Rise       ; clk_in~inputclkctrl|outclk           ;
; 0.880  ; 0.880        ; 0.000          ; High Pulse Width ; clk_in ; Rise       ; clk_in~input|o                       ;
; 0.884  ; 0.884        ; 0.000          ; High Pulse Width ; clk_in ; Rise       ; inst2|clk_out_internal|clk           ;
; 0.884  ; 0.884        ; 0.000          ; High Pulse Width ; clk_in ; Rise       ; inst2|counter[0]|clk                 ;
; 0.884  ; 0.884        ; 0.000          ; High Pulse Width ; clk_in ; Rise       ; inst2|counter[1]|clk                 ;
+--------+--------------+----------------+------------------+--------+------------+--------------------------------------+


+-----------------------------------------------------------------------------------------------------------------------------------------------------+
; Fast 1200mV 0C Model Minimum Pulse Width: 'Clock_Divider:inst2|clk_out_internal'                                                                    ;
+--------+--------------+----------------+------------------+--------------------------------------+------------+-------------------------------------+
; Slack  ; Actual Width ; Required Width ; Type             ; Clock                                ; Clock Edge ; Target                              ;
+--------+--------------+----------------+------------------+--------------------------------------+------------+-------------------------------------+
; -1.000 ; 1.000        ; 2.000          ; Min Period       ; Clock_Divider:inst2|clk_out_internal ; Rise       ; data_out_module:inst1|data_outpin   ;
; -1.000 ; 1.000        ; 2.000          ; Min Period       ; Clock_Divider:inst2|clk_out_internal ; Rise       ; data_out_module:inst1|i[0]          ;
; -1.000 ; 1.000        ; 2.000          ; Min Period       ; Clock_Divider:inst2|clk_out_internal ; Rise       ; data_out_module:inst1|i[1]          ;
; -1.000 ; 1.000        ; 2.000          ; Min Period       ; Clock_Divider:inst2|clk_out_internal ; Rise       ; data_out_module:inst1|i[2]          ;
; -1.000 ; 1.000        ; 2.000          ; Min Period       ; Clock_Divider:inst2|clk_out_internal ; Rise       ; data_out_module:inst1|i[3]          ;
; -1.000 ; 1.000        ; 2.000          ; Min Period       ; Clock_Divider:inst2|clk_out_internal ; Rise       ; data_out_module:inst1|i[4]          ;
; -1.000 ; 1.000        ; 2.000          ; Min Period       ; Clock_Divider:inst2|clk_out_internal ; Rise       ; data_out_module:inst1|i[5]          ;
; -1.000 ; 1.000        ; 2.000          ; Min Period       ; Clock_Divider:inst2|clk_out_internal ; Rise       ; data_out_module:inst1|i[6]          ;
; -1.000 ; 1.000        ; 2.000          ; Min Period       ; Clock_Divider:inst2|clk_out_internal ; Rise       ; data_out_module:inst1|i[7]          ;
; -1.000 ; 1.000        ; 2.000          ; Min Period       ; Clock_Divider:inst2|clk_out_internal ; Rise       ; data_out_module:inst1|j[0]          ;
; -1.000 ; 1.000        ; 2.000          ; Min Period       ; Clock_Divider:inst2|clk_out_internal ; Rise       ; data_out_module:inst1|j[1]          ;
; -1.000 ; 1.000        ; 2.000          ; Min Period       ; Clock_Divider:inst2|clk_out_internal ; Rise       ; data_out_module:inst1|j[2]          ;
; -1.000 ; 1.000        ; 2.000          ; Min Period       ; Clock_Divider:inst2|clk_out_internal ; Rise       ; data_out_module:inst1|j[3]          ;
; -1.000 ; 1.000        ; 2.000          ; Min Period       ; Clock_Divider:inst2|clk_out_internal ; Rise       ; data_out_module:inst1|j[4]          ;
; -1.000 ; 1.000        ; 2.000          ; Min Period       ; Clock_Divider:inst2|clk_out_internal ; Rise       ; data_out_module:inst1|j[5]          ;
; -1.000 ; 1.000        ; 2.000          ; Min Period       ; Clock_Divider:inst2|clk_out_internal ; Rise       ; data_out_module:inst1|j[6]          ;
; -1.000 ; 1.000        ; 2.000          ; Min Period       ; Clock_Divider:inst2|clk_out_internal ; Rise       ; data_out_module:inst1|j[7]          ;
; -1.000 ; 1.000        ; 2.000          ; Min Period       ; Clock_Divider:inst2|clk_out_internal ; Rise       ; data_out_module_2:inst3|data_outpin ;
; -1.000 ; 1.000        ; 2.000          ; Min Period       ; Clock_Divider:inst2|clk_out_internal ; Rise       ; sonic:inst|clock                    ;
; -1.000 ; 1.000        ; 2.000          ; Min Period       ; Clock_Divider:inst2|clk_out_internal ; Rise       ; sonic:inst|clockpin                 ;
; -1.000 ; 1.000        ; 2.000          ; Min Period       ; Clock_Divider:inst2|clk_out_internal ; Rise       ; sonic:inst|i[0]                     ;
; -1.000 ; 1.000        ; 2.000          ; Min Period       ; Clock_Divider:inst2|clk_out_internal ; Rise       ; sonic:inst|i[1]                     ;
; -1.000 ; 1.000        ; 2.000          ; Min Period       ; Clock_Divider:inst2|clk_out_internal ; Rise       ; sonic:inst|i[2]                     ;
; -1.000 ; 1.000        ; 2.000          ; Min Period       ; Clock_Divider:inst2|clk_out_internal ; Rise       ; sonic:inst|i[3]                     ;
; -1.000 ; 1.000        ; 2.000          ; Min Period       ; Clock_Divider:inst2|clk_out_internal ; Rise       ; sonic:inst|i[4]                     ;
; -1.000 ; 1.000        ; 2.000          ; Min Period       ; Clock_Divider:inst2|clk_out_internal ; Rise       ; sonic:inst|i[5]                     ;
; -1.000 ; 1.000        ; 2.000          ; Min Period       ; Clock_Divider:inst2|clk_out_internal ; Rise       ; sonic:inst|i[6]                     ;
; -1.000 ; 1.000        ; 2.000          ; Min Period       ; Clock_Divider:inst2|clk_out_internal ; Rise       ; sonic:inst|j[0]                     ;
; -1.000 ; 1.000        ; 2.000          ; Min Period       ; Clock_Divider:inst2|clk_out_internal ; Rise       ; sonic:inst|j[1]                     ;
; -1.000 ; 1.000        ; 2.000          ; Min Period       ; Clock_Divider:inst2|clk_out_internal ; Rise       ; sonic:inst|j[2]                     ;
; -1.000 ; 1.000        ; 2.000          ; Min Period       ; Clock_Divider:inst2|clk_out_internal ; Rise       ; sonic:inst|j[3]                     ;
; -1.000 ; 1.000        ; 2.000          ; Min Period       ; Clock_Divider:inst2|clk_out_internal ; Rise       ; sonic:inst|j[4]                     ;
; -1.000 ; 1.000        ; 2.000          ; Min Period       ; Clock_Divider:inst2|clk_out_internal ; Rise       ; sonic:inst|j[5]                     ;
; -1.000 ; 1.000        ; 2.000          ; Min Period       ; Clock_Divider:inst2|clk_out_internal ; Rise       ; sonic:inst|j[6]                     ;
; -1.000 ; 1.000        ; 2.000          ; Min Period       ; Clock_Divider:inst2|clk_out_internal ; Rise       ; sonic:inst|latch                    ;
; -1.000 ; 1.000        ; 2.000          ; Min Period       ; Clock_Divider:inst2|clk_out_internal ; Rise       ; sonic:inst|latchpin                 ;
; 0.230  ; 0.414        ; 0.184          ; Low Pulse Width  ; Clock_Divider:inst2|clk_out_internal ; Rise       ; data_out_module:inst1|data_outpin   ;
; 0.258  ; 0.442        ; 0.184          ; Low Pulse Width  ; Clock_Divider:inst2|clk_out_internal ; Rise       ; data_out_module:inst1|j[0]          ;
; 0.258  ; 0.442        ; 0.184          ; Low Pulse Width  ; Clock_Divider:inst2|clk_out_internal ; Rise       ; data_out_module:inst1|j[2]          ;
; 0.258  ; 0.442        ; 0.184          ; Low Pulse Width  ; Clock_Divider:inst2|clk_out_internal ; Rise       ; data_out_module:inst1|j[3]          ;
; 0.258  ; 0.442        ; 0.184          ; Low Pulse Width  ; Clock_Divider:inst2|clk_out_internal ; Rise       ; data_out_module:inst1|j[4]          ;
; 0.258  ; 0.442        ; 0.184          ; Low Pulse Width  ; Clock_Divider:inst2|clk_out_internal ; Rise       ; data_out_module:inst1|j[5]          ;
; 0.258  ; 0.442        ; 0.184          ; Low Pulse Width  ; Clock_Divider:inst2|clk_out_internal ; Rise       ; data_out_module:inst1|j[6]          ;
; 0.258  ; 0.442        ; 0.184          ; Low Pulse Width  ; Clock_Divider:inst2|clk_out_internal ; Rise       ; data_out_module:inst1|j[7]          ;
; 0.258  ; 0.442        ; 0.184          ; Low Pulse Width  ; Clock_Divider:inst2|clk_out_internal ; Rise       ; data_out_module_2:inst3|data_outpin ;
; 0.259  ; 0.443        ; 0.184          ; Low Pulse Width  ; Clock_Divider:inst2|clk_out_internal ; Rise       ; data_out_module:inst1|i[0]          ;
; 0.259  ; 0.443        ; 0.184          ; Low Pulse Width  ; Clock_Divider:inst2|clk_out_internal ; Rise       ; data_out_module:inst1|i[1]          ;
; 0.259  ; 0.443        ; 0.184          ; Low Pulse Width  ; Clock_Divider:inst2|clk_out_internal ; Rise       ; data_out_module:inst1|i[2]          ;
; 0.259  ; 0.443        ; 0.184          ; Low Pulse Width  ; Clock_Divider:inst2|clk_out_internal ; Rise       ; data_out_module:inst1|i[3]          ;
; 0.259  ; 0.443        ; 0.184          ; Low Pulse Width  ; Clock_Divider:inst2|clk_out_internal ; Rise       ; data_out_module:inst1|i[4]          ;
; 0.259  ; 0.443        ; 0.184          ; Low Pulse Width  ; Clock_Divider:inst2|clk_out_internal ; Rise       ; data_out_module:inst1|i[5]          ;
; 0.259  ; 0.443        ; 0.184          ; Low Pulse Width  ; Clock_Divider:inst2|clk_out_internal ; Rise       ; data_out_module:inst1|i[6]          ;
; 0.259  ; 0.443        ; 0.184          ; Low Pulse Width  ; Clock_Divider:inst2|clk_out_internal ; Rise       ; data_out_module:inst1|i[7]          ;
; 0.259  ; 0.443        ; 0.184          ; Low Pulse Width  ; Clock_Divider:inst2|clk_out_internal ; Rise       ; data_out_module:inst1|j[1]          ;
; 0.261  ; 0.445        ; 0.184          ; Low Pulse Width  ; Clock_Divider:inst2|clk_out_internal ; Rise       ; sonic:inst|clock                    ;
; 0.261  ; 0.445        ; 0.184          ; Low Pulse Width  ; Clock_Divider:inst2|clk_out_internal ; Rise       ; sonic:inst|clockpin                 ;
; 0.261  ; 0.445        ; 0.184          ; Low Pulse Width  ; Clock_Divider:inst2|clk_out_internal ; Rise       ; sonic:inst|i[0]                     ;
; 0.261  ; 0.445        ; 0.184          ; Low Pulse Width  ; Clock_Divider:inst2|clk_out_internal ; Rise       ; sonic:inst|i[1]                     ;
; 0.261  ; 0.445        ; 0.184          ; Low Pulse Width  ; Clock_Divider:inst2|clk_out_internal ; Rise       ; sonic:inst|i[2]                     ;
; 0.261  ; 0.445        ; 0.184          ; Low Pulse Width  ; Clock_Divider:inst2|clk_out_internal ; Rise       ; sonic:inst|i[3]                     ;
; 0.261  ; 0.445        ; 0.184          ; Low Pulse Width  ; Clock_Divider:inst2|clk_out_internal ; Rise       ; sonic:inst|i[4]                     ;
; 0.261  ; 0.445        ; 0.184          ; Low Pulse Width  ; Clock_Divider:inst2|clk_out_internal ; Rise       ; sonic:inst|i[5]                     ;
; 0.261  ; 0.445        ; 0.184          ; Low Pulse Width  ; Clock_Divider:inst2|clk_out_internal ; Rise       ; sonic:inst|i[6]                     ;
; 0.261  ; 0.445        ; 0.184          ; Low Pulse Width  ; Clock_Divider:inst2|clk_out_internal ; Rise       ; sonic:inst|j[0]                     ;
; 0.261  ; 0.445        ; 0.184          ; Low Pulse Width  ; Clock_Divider:inst2|clk_out_internal ; Rise       ; sonic:inst|j[1]                     ;
; 0.261  ; 0.445        ; 0.184          ; Low Pulse Width  ; Clock_Divider:inst2|clk_out_internal ; Rise       ; sonic:inst|j[2]                     ;
; 0.261  ; 0.445        ; 0.184          ; Low Pulse Width  ; Clock_Divider:inst2|clk_out_internal ; Rise       ; sonic:inst|j[3]                     ;
; 0.261  ; 0.445        ; 0.184          ; Low Pulse Width  ; Clock_Divider:inst2|clk_out_internal ; Rise       ; sonic:inst|j[4]                     ;
; 0.261  ; 0.445        ; 0.184          ; Low Pulse Width  ; Clock_Divider:inst2|clk_out_internal ; Rise       ; sonic:inst|j[5]                     ;
; 0.261  ; 0.445        ; 0.184          ; Low Pulse Width  ; Clock_Divider:inst2|clk_out_internal ; Rise       ; sonic:inst|j[6]                     ;
; 0.261  ; 0.445        ; 0.184          ; Low Pulse Width  ; Clock_Divider:inst2|clk_out_internal ; Rise       ; sonic:inst|latch                    ;
; 0.261  ; 0.445        ; 0.184          ; Low Pulse Width  ; Clock_Divider:inst2|clk_out_internal ; Rise       ; sonic:inst|latchpin                 ;
; 0.334  ; 0.550        ; 0.216          ; High Pulse Width ; Clock_Divider:inst2|clk_out_internal ; Rise       ; sonic:inst|clockpin                 ;
; 0.334  ; 0.550        ; 0.216          ; High Pulse Width ; Clock_Divider:inst2|clk_out_internal ; Rise       ; sonic:inst|j[0]                     ;
; 0.334  ; 0.550        ; 0.216          ; High Pulse Width ; Clock_Divider:inst2|clk_out_internal ; Rise       ; sonic:inst|j[1]                     ;
; 0.334  ; 0.550        ; 0.216          ; High Pulse Width ; Clock_Divider:inst2|clk_out_internal ; Rise       ; sonic:inst|j[2]                     ;
; 0.334  ; 0.550        ; 0.216          ; High Pulse Width ; Clock_Divider:inst2|clk_out_internal ; Rise       ; sonic:inst|j[3]                     ;
; 0.334  ; 0.550        ; 0.216          ; High Pulse Width ; Clock_Divider:inst2|clk_out_internal ; Rise       ; sonic:inst|j[4]                     ;
; 0.334  ; 0.550        ; 0.216          ; High Pulse Width ; Clock_Divider:inst2|clk_out_internal ; Rise       ; sonic:inst|j[5]                     ;
; 0.334  ; 0.550        ; 0.216          ; High Pulse Width ; Clock_Divider:inst2|clk_out_internal ; Rise       ; sonic:inst|j[6]                     ;
; 0.334  ; 0.550        ; 0.216          ; High Pulse Width ; Clock_Divider:inst2|clk_out_internal ; Rise       ; sonic:inst|latch                    ;
; 0.334  ; 0.550        ; 0.216          ; High Pulse Width ; Clock_Divider:inst2|clk_out_internal ; Rise       ; sonic:inst|latchpin                 ;
; 0.335  ; 0.551        ; 0.216          ; High Pulse Width ; Clock_Divider:inst2|clk_out_internal ; Rise       ; sonic:inst|clock                    ;
; 0.335  ; 0.551        ; 0.216          ; High Pulse Width ; Clock_Divider:inst2|clk_out_internal ; Rise       ; sonic:inst|i[0]                     ;
; 0.335  ; 0.551        ; 0.216          ; High Pulse Width ; Clock_Divider:inst2|clk_out_internal ; Rise       ; sonic:inst|i[1]                     ;
; 0.335  ; 0.551        ; 0.216          ; High Pulse Width ; Clock_Divider:inst2|clk_out_internal ; Rise       ; sonic:inst|i[2]                     ;
; 0.335  ; 0.551        ; 0.216          ; High Pulse Width ; Clock_Divider:inst2|clk_out_internal ; Rise       ; sonic:inst|i[3]                     ;
; 0.335  ; 0.551        ; 0.216          ; High Pulse Width ; Clock_Divider:inst2|clk_out_internal ; Rise       ; sonic:inst|i[4]                     ;
; 0.335  ; 0.551        ; 0.216          ; High Pulse Width ; Clock_Divider:inst2|clk_out_internal ; Rise       ; sonic:inst|i[5]                     ;
; 0.335  ; 0.551        ; 0.216          ; High Pulse Width ; Clock_Divider:inst2|clk_out_internal ; Rise       ; sonic:inst|i[6]                     ;
; 0.336  ; 0.552        ; 0.216          ; High Pulse Width ; Clock_Divider:inst2|clk_out_internal ; Rise       ; data_out_module:inst1|i[0]          ;
; 0.336  ; 0.552        ; 0.216          ; High Pulse Width ; Clock_Divider:inst2|clk_out_internal ; Rise       ; data_out_module:inst1|i[1]          ;
; 0.336  ; 0.552        ; 0.216          ; High Pulse Width ; Clock_Divider:inst2|clk_out_internal ; Rise       ; data_out_module:inst1|i[2]          ;
; 0.336  ; 0.552        ; 0.216          ; High Pulse Width ; Clock_Divider:inst2|clk_out_internal ; Rise       ; data_out_module:inst1|i[3]          ;
; 0.336  ; 0.552        ; 0.216          ; High Pulse Width ; Clock_Divider:inst2|clk_out_internal ; Rise       ; data_out_module:inst1|i[4]          ;
; 0.336  ; 0.552        ; 0.216          ; High Pulse Width ; Clock_Divider:inst2|clk_out_internal ; Rise       ; data_out_module:inst1|i[5]          ;
; 0.336  ; 0.552        ; 0.216          ; High Pulse Width ; Clock_Divider:inst2|clk_out_internal ; Rise       ; data_out_module:inst1|i[6]          ;
; 0.336  ; 0.552        ; 0.216          ; High Pulse Width ; Clock_Divider:inst2|clk_out_internal ; Rise       ; data_out_module:inst1|i[7]          ;
; 0.336  ; 0.552        ; 0.216          ; High Pulse Width ; Clock_Divider:inst2|clk_out_internal ; Rise       ; data_out_module:inst1|j[1]          ;
; 0.337  ; 0.553        ; 0.216          ; High Pulse Width ; Clock_Divider:inst2|clk_out_internal ; Rise       ; data_out_module:inst1|j[0]          ;
+--------+--------------+----------------+------------------+--------------------------------------+------------+-------------------------------------+


+--------------------------------------------------------------------------------------------------------------------------+
; Clock to Output Times                                                                                                    ;
+---------------+--------------------------------------+-------+-------+------------+--------------------------------------+
; Data Port     ; Clock Port                           ; Rise  ; Fall  ; Clock Edge ; Clock Reference                      ;
+---------------+--------------------------------------+-------+-------+------------+--------------------------------------+
; clk_origin    ; Clock_Divider:inst2|clk_out_internal ; 1.981 ;       ; Rise       ; Clock_Divider:inst2|clk_out_internal ;
; clockpin      ; Clock_Divider:inst2|clk_out_internal ; 2.971 ; 3.016 ; Rise       ; Clock_Divider:inst2|clk_out_internal ;
; data_outpin   ; Clock_Divider:inst2|clk_out_internal ; 3.948 ; 4.079 ; Rise       ; Clock_Divider:inst2|clk_out_internal ;
; data_outpin_2 ; Clock_Divider:inst2|clk_out_internal ; 3.255 ; 3.341 ; Rise       ; Clock_Divider:inst2|clk_out_internal ;
; latchpin      ; Clock_Divider:inst2|clk_out_internal ; 2.971 ; 3.016 ; Rise       ; Clock_Divider:inst2|clk_out_internal ;
; clk_origin    ; Clock_Divider:inst2|clk_out_internal ;       ; 2.071 ; Fall       ; Clock_Divider:inst2|clk_out_internal ;
; pin_name1     ; clk_in                               ; 2.314 ; 2.688 ; Rise       ; clk_in                               ;
; pin_name1     ; clk_in                               ; 2.314 ; 2.688 ; Fall       ; clk_in                               ;
+---------------+--------------------------------------+-------+-------+------------+--------------------------------------+


+--------------------------------------------------------------------------------------------------------------------------+
; Minimum Clock to Output Times                                                                                            ;
+---------------+--------------------------------------+-------+-------+------------+--------------------------------------+
; Data Port     ; Clock Port                           ; Rise  ; Fall  ; Clock Edge ; Clock Reference                      ;
+---------------+--------------------------------------+-------+-------+------------+--------------------------------------+
; clk_origin    ; Clock_Divider:inst2|clk_out_internal ; 1.924 ;       ; Rise       ; Clock_Divider:inst2|clk_out_internal ;
; clockpin      ; Clock_Divider:inst2|clk_out_internal ; 2.867 ; 2.910 ; Rise       ; Clock_Divider:inst2|clk_out_internal ;
; data_outpin   ; Clock_Divider:inst2|clk_out_internal ; 3.805 ; 3.931 ; Rise       ; Clock_Divider:inst2|clk_out_internal ;
; data_outpin_2 ; Clock_Divider:inst2|clk_out_internal ; 3.141 ; 3.225 ; Rise       ; Clock_Divider:inst2|clk_out_internal ;
; latchpin      ; Clock_Divider:inst2|clk_out_internal ; 2.866 ; 2.910 ; Rise       ; Clock_Divider:inst2|clk_out_internal ;
; clk_origin    ; Clock_Divider:inst2|clk_out_internal ;       ; 2.012 ; Fall       ; Clock_Divider:inst2|clk_out_internal ;
; pin_name1     ; clk_in                               ; 2.257 ; 2.632 ; Rise       ; clk_in                               ;
; pin_name1     ; clk_in                               ; 2.257 ; 2.632 ; Fall       ; clk_in                               ;
+---------------+--------------------------------------+-------+-------+------------+--------------------------------------+


---------------------------------------------
; Fast 1200mV 0C Model Metastability Report ;
---------------------------------------------
No synchronizer chains to report.


+-----------------------------------------------------------------------------------------------------+
; Multicorner Timing Analysis Summary                                                                 ;
+---------------------------------------+---------+--------+----------+---------+---------------------+
; Clock                                 ; Setup   ; Hold   ; Recovery ; Removal ; Minimum Pulse Width ;
+---------------------------------------+---------+--------+----------+---------+---------------------+
; Worst-case Slack                      ; -2.627  ; -0.089 ; N/A      ; N/A     ; -3.000              ;
;  Clock_Divider:inst2|clk_out_internal ; -2.627  ; 0.187  ; N/A      ; N/A     ; -1.487              ;
;  clk_in                               ; -0.563  ; -0.089 ; N/A      ; N/A     ; -3.000              ;
; Design-wide TNS                       ; -62.158 ; -0.089 ; 0.0      ; 0.0     ; -60.993             ;
;  Clock_Divider:inst2|clk_out_internal ; -61.442 ; 0.000  ; N/A      ; N/A     ; -53.532             ;
;  clk_in                               ; -0.716  ; -0.089 ; N/A      ; N/A     ; -7.461              ;
+---------------------------------------+---------+--------+----------+---------+---------------------+


+--------------------------------------------------------------------------------------------------------------------------+
; Clock to Output Times                                                                                                    ;
+---------------+--------------------------------------+-------+-------+------------+--------------------------------------+
; Data Port     ; Clock Port                           ; Rise  ; Fall  ; Clock Edge ; Clock Reference                      ;
+---------------+--------------------------------------+-------+-------+------------+--------------------------------------+
; clk_origin    ; Clock_Divider:inst2|clk_out_internal ; 4.064 ;       ; Rise       ; Clock_Divider:inst2|clk_out_internal ;
; clockpin      ; Clock_Divider:inst2|clk_out_internal ; 6.297 ; 6.265 ; Rise       ; Clock_Divider:inst2|clk_out_internal ;
; data_outpin   ; Clock_Divider:inst2|clk_out_internal ; 8.676 ; 8.476 ; Rise       ; Clock_Divider:inst2|clk_out_internal ;
; data_outpin_2 ; Clock_Divider:inst2|clk_out_internal ; 6.978 ; 6.871 ; Rise       ; Clock_Divider:inst2|clk_out_internal ;
; latchpin      ; Clock_Divider:inst2|clk_out_internal ; 6.292 ; 6.265 ; Rise       ; Clock_Divider:inst2|clk_out_internal ;
; clk_origin    ; Clock_Divider:inst2|clk_out_internal ;       ; 4.037 ; Fall       ; Clock_Divider:inst2|clk_out_internal ;
; pin_name1     ; clk_in                               ; 4.684 ; 4.803 ; Rise       ; clk_in                               ;
; pin_name1     ; clk_in                               ; 4.684 ; 4.803 ; Fall       ; clk_in                               ;
+---------------+--------------------------------------+-------+-------+------------+--------------------------------------+


+--------------------------------------------------------------------------------------------------------------------------+
; Minimum Clock to Output Times                                                                                            ;
+---------------+--------------------------------------+-------+-------+------------+--------------------------------------+
; Data Port     ; Clock Port                           ; Rise  ; Fall  ; Clock Edge ; Clock Reference                      ;
+---------------+--------------------------------------+-------+-------+------------+--------------------------------------+
; clk_origin    ; Clock_Divider:inst2|clk_out_internal ; 1.924 ;       ; Rise       ; Clock_Divider:inst2|clk_out_internal ;
; clockpin      ; Clock_Divider:inst2|clk_out_internal ; 2.867 ; 2.910 ; Rise       ; Clock_Divider:inst2|clk_out_internal ;
; data_outpin   ; Clock_Divider:inst2|clk_out_internal ; 3.805 ; 3.931 ; Rise       ; Clock_Divider:inst2|clk_out_internal ;
; data_outpin_2 ; Clock_Divider:inst2|clk_out_internal ; 3.141 ; 3.225 ; Rise       ; Clock_Divider:inst2|clk_out_internal ;
; latchpin      ; Clock_Divider:inst2|clk_out_internal ; 2.866 ; 2.910 ; Rise       ; Clock_Divider:inst2|clk_out_internal ;
; clk_origin    ; Clock_Divider:inst2|clk_out_internal ;       ; 2.012 ; Fall       ; Clock_Divider:inst2|clk_out_internal ;
; pin_name1     ; clk_in                               ; 2.257 ; 2.632 ; Rise       ; clk_in                               ;
; pin_name1     ; clk_in                               ; 2.257 ; 2.632 ; Fall       ; clk_in                               ;
+---------------+--------------------------------------+-------+-------+------------+--------------------------------------+


+------------------------------------------------------------------------------------------------------------------------------------------------------------------------------------------------------------------------------------------------------------------------------------------------------------------------------------------------------------------------------------------------------------------+
; Board Trace Model Assignments                                                                                                                                                                                                                                                                                                                                                                                    ;
+---------------+--------------+-------------------+-------------------------+-------------------------+---------------+---------------------+----------------+------------------+--------+------------------+------------------------+------------------------+--------------+---------------+-----------------+-------+---------------------+--------------------+---------------+-----------------+-------------+
; Pin           ; I/O Standard ; Near Tline Length ; Near Tline L per Length ; Near Tline C per Length ; Near Series R ; Near Differential R ; Near Pull-up R ; Near Pull-down R ; Near C ; Far Tline Length ; Far Tline L per Length ; Far Tline C per Length ; Far Series R ; Far Pull-up R ; Far Pull-down R ; Far C ; Termination Voltage ; Far Differential R ; EBD File Name ; EBD Signal Name ; EBD Far-end ;
+---------------+--------------+-------------------+-------------------------+-------------------------+---------------+---------------------+----------------+------------------+--------+------------------+------------------------+------------------------+--------------+---------------+-----------------+-------+---------------------+--------------------+---------------+-----------------+-------------+
; latchpin      ; 2.5 V        ; 0 in              ; 0 H/in                  ; 0 F/in                  ; short         ; -                   ; open           ; open             ; open   ; 0 in             ; 0 H/in                 ; 0 F/in                 ; short        ; open          ; open            ; open  ; 0 V                 ; -                  ; n/a           ; n/a             ; n/a         ;
; clk_origin    ; 2.5 V        ; 0 in              ; 0 H/in                  ; 0 F/in                  ; short         ; -                   ; open           ; open             ; open   ; 0 in             ; 0 H/in                 ; 0 F/in                 ; short        ; open          ; open            ; open  ; 0 V                 ; -                  ; n/a           ; n/a             ; n/a         ;
; pin_name1     ; 2.5 V        ; 0 in              ; 0 H/in                  ; 0 F/in                  ; short         ; -                   ; open           ; open             ; open   ; 0 in             ; 0 H/in                 ; 0 F/in                 ; short        ; open          ; open            ; open  ; 0 V                 ; -                  ; n/a           ; n/a             ; n/a         ;
; clockpin      ; 2.5 V        ; 0 in              ; 0 H/in                  ; 0 F/in                  ; short         ; -                   ; open           ; open             ; open   ; 0 in             ; 0 H/in                 ; 0 F/in                 ; short        ; open          ; open            ; open  ; 0 V                 ; -                  ; n/a           ; n/a             ; n/a         ;
; data_outpin   ; 2.5 V        ; 0 in              ; 0 H/in                  ; 0 F/in                  ; short         ; -                   ; open           ; open             ; open   ; 0 in             ; 0 H/in                 ; 0 F/in                 ; short        ; open          ; open            ; open  ; 0 V                 ; -                  ; n/a           ; n/a             ; n/a         ;
; data_outpin_2 ; 2.5 V        ; 0 in              ; 0 H/in                  ; 0 F/in                  ; short         ; -                   ; open           ; open             ; open   ; 0 in             ; 0 H/in                 ; 0 F/in                 ; short        ; open          ; open            ; open  ; 0 V                 ; -                  ; n/a           ; n/a             ; n/a         ;
+---------------+--------------+-------------------+-------------------------+-------------------------+---------------+---------------------+----------------+------------------+--------+------------------+------------------------+------------------------+--------------+---------------+-----------------+-------+---------------------+--------------------+---------------+-----------------+-------------+


+----------------------------------------------------------------------------+
; Input Transition Times                                                     ;
+-------------------------+--------------+-----------------+-----------------+
; Pin                     ; I/O Standard ; 10-90 Rise Time ; 90-10 Fall Time ;
+-------------------------+--------------+-----------------+-----------------+
; clk_in                  ; 2.5 V        ; 2000 ps         ; 2000 ps         ;
; ~ALTERA_ASDO_DATA1~     ; 2.5 V        ; 2000 ps         ; 2000 ps         ;
; ~ALTERA_FLASH_nCE_nCSO~ ; 2.5 V        ; 2000 ps         ; 2000 ps         ;
; ~ALTERA_DATA0~          ; 2.5 V        ; 2000 ps         ; 2000 ps         ;
+-------------------------+--------------+-----------------+-----------------+


+--------------------------------------------------------------------------------------------------------------------------------------------------------------------------------------------------------------------------------------------------------------------------------------------------------------------------------------------------------------------------------------------------------------------------------------------------------------------------------------------------------------------------------------------------------------------------------------------------------------------------------------------------------------------------------------------+
; Signal Integrity Metrics (Slow 1200mv 0c Model)                                                                                                                                                                                                                                                                                                                                                                                                                                                                                                                                                                                                                                            ;
+---------------+--------------+---------------------+---------------------+------------------------------+------------------------------+---------------------+---------------------+--------------------------------------+--------------------------------------+-----------------------------+-----------------------------+----------------------------+----------------------------+-----------------------------+-----------------------------+--------------------+--------------------+-------------------------------------+-------------------------------------+----------------------------+----------------------------+---------------------------+---------------------------+
; Pin           ; I/O Standard ; Board Delay on Rise ; Board Delay on Fall ; Steady State Voh at FPGA Pin ; Steady State Vol at FPGA Pin ; Voh Max at FPGA Pin ; Vol Min at FPGA Pin ; Ringback Voltage on Rise at FPGA Pin ; Ringback Voltage on Fall at FPGA Pin ; 10-90 Rise Time at FPGA Pin ; 90-10 Fall Time at FPGA Pin ; Monotonic Rise at FPGA Pin ; Monotonic Fall at FPGA Pin ; Steady State Voh at Far-end ; Steady State Vol at Far-end ; Voh Max at Far-end ; Vol Min at Far-end ; Ringback Voltage on Rise at Far-end ; Ringback Voltage on Fall at Far-end ; 10-90 Rise Time at Far-end ; 90-10 Fall Time at Far-end ; Monotonic Rise at Far-end ; Monotonic Fall at Far-end ;
+---------------+--------------+---------------------+---------------------+------------------------------+------------------------------+---------------------+---------------------+--------------------------------------+--------------------------------------+-----------------------------+-----------------------------+----------------------------+----------------------------+-----------------------------+-----------------------------+--------------------+--------------------+-------------------------------------+-------------------------------------+----------------------------+----------------------------+---------------------------+---------------------------+
; latchpin      ; 2.5 V        ; 0 s                 ; 0 s                 ; 2.32 V                       ; 2.07e-09 V                   ; 2.38 V              ; -0.0073 V           ; 0.097 V                              ; 0.018 V                              ; 4.24e-10 s                  ; 3.65e-10 s                  ; No                         ; Yes                        ; 2.32 V                      ; 2.07e-09 V                  ; 2.38 V             ; -0.0073 V          ; 0.097 V                             ; 0.018 V                             ; 4.24e-10 s                 ; 3.65e-10 s                 ; No                        ; Yes                       ;
; clk_origin    ; 2.5 V        ; 0 s                 ; 0 s                 ; 2.32 V                       ; 2.07e-09 V                   ; 2.36 V              ; -0.00737 V          ; 0.209 V                              ; 0.012 V                              ; 5.22e-10 s                  ; 5.33e-10 s                  ; Yes                        ; Yes                        ; 2.32 V                      ; 2.07e-09 V                  ; 2.36 V             ; -0.00737 V         ; 0.209 V                             ; 0.012 V                             ; 5.22e-10 s                 ; 5.33e-10 s                 ; Yes                       ; Yes                       ;
; pin_name1     ; 2.5 V        ; 0 s                 ; 0 s                 ; 2.32 V                       ; 2.07e-09 V                   ; 2.36 V              ; -0.00737 V          ; 0.209 V                              ; 0.012 V                              ; 5.22e-10 s                  ; 5.33e-10 s                  ; Yes                        ; Yes                        ; 2.32 V                      ; 2.07e-09 V                  ; 2.36 V             ; -0.00737 V         ; 0.209 V                             ; 0.012 V                             ; 5.22e-10 s                 ; 5.33e-10 s                 ; Yes                       ; Yes                       ;
; clockpin      ; 2.5 V        ; 0 s                 ; 0 s                 ; 2.32 V                       ; 2.07e-09 V                   ; 2.38 V              ; -0.0073 V           ; 0.097 V                              ; 0.018 V                              ; 4.24e-10 s                  ; 3.65e-10 s                  ; No                         ; Yes                        ; 2.32 V                      ; 2.07e-09 V                  ; 2.38 V             ; -0.0073 V          ; 0.097 V                             ; 0.018 V                             ; 4.24e-10 s                 ; 3.65e-10 s                 ; No                        ; Yes                       ;
; data_outpin   ; 2.5 V        ; 0 s                 ; 0 s                 ; 2.32 V                       ; 2.07e-09 V                   ; 2.38 V              ; -0.0073 V           ; 0.097 V                              ; 0.018 V                              ; 4.24e-10 s                  ; 3.65e-10 s                  ; No                         ; Yes                        ; 2.32 V                      ; 2.07e-09 V                  ; 2.38 V             ; -0.0073 V          ; 0.097 V                             ; 0.018 V                             ; 4.24e-10 s                 ; 3.65e-10 s                 ; No                        ; Yes                       ;
; data_outpin_2 ; 2.5 V        ; 0 s                 ; 0 s                 ; 2.32 V                       ; 2.07e-09 V                   ; 2.36 V              ; -0.00737 V          ; 0.209 V                              ; 0.012 V                              ; 5.22e-10 s                  ; 5.33e-10 s                  ; Yes                        ; Yes                        ; 2.32 V                      ; 2.07e-09 V                  ; 2.36 V             ; -0.00737 V         ; 0.209 V                             ; 0.012 V                             ; 5.22e-10 s                 ; 5.33e-10 s                 ; Yes                       ; Yes                       ;
+---------------+--------------+---------------------+---------------------+------------------------------+------------------------------+---------------------+---------------------+--------------------------------------+--------------------------------------+-----------------------------+-----------------------------+----------------------------+----------------------------+-----------------------------+-----------------------------+--------------------+--------------------+-------------------------------------+-------------------------------------+----------------------------+----------------------------+---------------------------+---------------------------+


+--------------------------------------------------------------------------------------------------------------------------------------------------------------------------------------------------------------------------------------------------------------------------------------------------------------------------------------------------------------------------------------------------------------------------------------------------------------------------------------------------------------------------------------------------------------------------------------------------------------------------------------------------------------------------------------------+
; Signal Integrity Metrics (Slow 1200mv 85c Model)                                                                                                                                                                                                                                                                                                                                                                                                                                                                                                                                                                                                                                           ;
+---------------+--------------+---------------------+---------------------+------------------------------+------------------------------+---------------------+---------------------+--------------------------------------+--------------------------------------+-----------------------------+-----------------------------+----------------------------+----------------------------+-----------------------------+-----------------------------+--------------------+--------------------+-------------------------------------+-------------------------------------+----------------------------+----------------------------+---------------------------+---------------------------+
; Pin           ; I/O Standard ; Board Delay on Rise ; Board Delay on Fall ; Steady State Voh at FPGA Pin ; Steady State Vol at FPGA Pin ; Voh Max at FPGA Pin ; Vol Min at FPGA Pin ; Ringback Voltage on Rise at FPGA Pin ; Ringback Voltage on Fall at FPGA Pin ; 10-90 Rise Time at FPGA Pin ; 90-10 Fall Time at FPGA Pin ; Monotonic Rise at FPGA Pin ; Monotonic Fall at FPGA Pin ; Steady State Voh at Far-end ; Steady State Vol at Far-end ; Voh Max at Far-end ; Vol Min at Far-end ; Ringback Voltage on Rise at Far-end ; Ringback Voltage on Fall at Far-end ; 10-90 Rise Time at Far-end ; 90-10 Fall Time at Far-end ; Monotonic Rise at Far-end ; Monotonic Fall at Far-end ;
+---------------+--------------+---------------------+---------------------+------------------------------+------------------------------+---------------------+---------------------+--------------------------------------+--------------------------------------+-----------------------------+-----------------------------+----------------------------+----------------------------+-----------------------------+-----------------------------+--------------------+--------------------+-------------------------------------+-------------------------------------+----------------------------+----------------------------+---------------------------+---------------------------+
; latchpin      ; 2.5 V        ; 0 s                 ; 0 s                 ; 2.32 V                       ; 1.93e-07 V                   ; 2.35 V              ; -0.00834 V          ; 0.127 V                              ; 0.035 V                              ; 4.7e-10 s                   ; 4.64e-10 s                  ; Yes                        ; Yes                        ; 2.32 V                      ; 1.93e-07 V                  ; 2.35 V             ; -0.00834 V         ; 0.127 V                             ; 0.035 V                             ; 4.7e-10 s                  ; 4.64e-10 s                 ; Yes                       ; Yes                       ;
; clk_origin    ; 2.5 V        ; 0 s                 ; 0 s                 ; 2.32 V                       ; 1.93e-07 V                   ; 2.34 V              ; -0.00869 V          ; 0.14 V                               ; 0.046 V                              ; 6.89e-10 s                  ; 6.56e-10 s                  ; Yes                        ; Yes                        ; 2.32 V                      ; 1.93e-07 V                  ; 2.34 V             ; -0.00869 V         ; 0.14 V                              ; 0.046 V                             ; 6.89e-10 s                 ; 6.56e-10 s                 ; Yes                       ; Yes                       ;
; pin_name1     ; 2.5 V        ; 0 s                 ; 0 s                 ; 2.32 V                       ; 1.93e-07 V                   ; 2.34 V              ; -0.00869 V          ; 0.14 V                               ; 0.046 V                              ; 6.89e-10 s                  ; 6.56e-10 s                  ; Yes                        ; Yes                        ; 2.32 V                      ; 1.93e-07 V                  ; 2.34 V             ; -0.00869 V         ; 0.14 V                              ; 0.046 V                             ; 6.89e-10 s                 ; 6.56e-10 s                 ; Yes                       ; Yes                       ;
; clockpin      ; 2.5 V        ; 0 s                 ; 0 s                 ; 2.32 V                       ; 1.93e-07 V                   ; 2.35 V              ; -0.00834 V          ; 0.127 V                              ; 0.035 V                              ; 4.7e-10 s                   ; 4.64e-10 s                  ; Yes                        ; Yes                        ; 2.32 V                      ; 1.93e-07 V                  ; 2.35 V             ; -0.00834 V         ; 0.127 V                             ; 0.035 V                             ; 4.7e-10 s                  ; 4.64e-10 s                 ; Yes                       ; Yes                       ;
; data_outpin   ; 2.5 V        ; 0 s                 ; 0 s                 ; 2.32 V                       ; 1.93e-07 V                   ; 2.35 V              ; -0.00834 V          ; 0.127 V                              ; 0.035 V                              ; 4.7e-10 s                   ; 4.64e-10 s                  ; Yes                        ; Yes                        ; 2.32 V                      ; 1.93e-07 V                  ; 2.35 V             ; -0.00834 V         ; 0.127 V                             ; 0.035 V                             ; 4.7e-10 s                  ; 4.64e-10 s                 ; Yes                       ; Yes                       ;
; data_outpin_2 ; 2.5 V        ; 0 s                 ; 0 s                 ; 2.32 V                       ; 1.93e-07 V                   ; 2.34 V              ; -0.00869 V          ; 0.14 V                               ; 0.046 V                              ; 6.89e-10 s                  ; 6.56e-10 s                  ; Yes                        ; Yes                        ; 2.32 V                      ; 1.93e-07 V                  ; 2.34 V             ; -0.00869 V         ; 0.14 V                              ; 0.046 V                             ; 6.89e-10 s                 ; 6.56e-10 s                 ; Yes                       ; Yes                       ;
+---------------+--------------+---------------------+---------------------+------------------------------+------------------------------+---------------------+---------------------+--------------------------------------+--------------------------------------+-----------------------------+-----------------------------+----------------------------+----------------------------+-----------------------------+-----------------------------+--------------------+--------------------+-------------------------------------+-------------------------------------+----------------------------+----------------------------+---------------------------+---------------------------+


+--------------------------------------------------------------------------------------------------------------------------------------------------------------------------------------------------------------------------------------------------------------------------------------------------------------------------------------------------------------------------------------------------------------------------------------------------------------------------------------------------------------------------------------------------------------------------------------------------------------------------------------------------------------------------------------------+
; Signal Integrity Metrics (Fast 1200mv 0c Model)                                                                                                                                                                                                                                                                                                                                                                                                                                                                                                                                                                                                                                            ;
+---------------+--------------+---------------------+---------------------+------------------------------+------------------------------+---------------------+---------------------+--------------------------------------+--------------------------------------+-----------------------------+-----------------------------+----------------------------+----------------------------+-----------------------------+-----------------------------+--------------------+--------------------+-------------------------------------+-------------------------------------+----------------------------+----------------------------+---------------------------+---------------------------+
; Pin           ; I/O Standard ; Board Delay on Rise ; Board Delay on Fall ; Steady State Voh at FPGA Pin ; Steady State Vol at FPGA Pin ; Voh Max at FPGA Pin ; Vol Min at FPGA Pin ; Ringback Voltage on Rise at FPGA Pin ; Ringback Voltage on Fall at FPGA Pin ; 10-90 Rise Time at FPGA Pin ; 90-10 Fall Time at FPGA Pin ; Monotonic Rise at FPGA Pin ; Monotonic Fall at FPGA Pin ; Steady State Voh at Far-end ; Steady State Vol at Far-end ; Voh Max at Far-end ; Vol Min at Far-end ; Ringback Voltage on Rise at Far-end ; Ringback Voltage on Fall at Far-end ; 10-90 Rise Time at Far-end ; 90-10 Fall Time at Far-end ; Monotonic Rise at Far-end ; Monotonic Fall at Far-end ;
+---------------+--------------+---------------------+---------------------+------------------------------+------------------------------+---------------------+---------------------+--------------------------------------+--------------------------------------+-----------------------------+-----------------------------+----------------------------+----------------------------+-----------------------------+-----------------------------+--------------------+--------------------+-------------------------------------+-------------------------------------+----------------------------+----------------------------+---------------------------+---------------------------+
; latchpin      ; 2.5 V        ; 0 s                 ; 0 s                 ; 2.62 V                       ; 2.74e-08 V                   ; 2.73 V              ; -0.0384 V           ; 0.169 V                              ; 0.089 V                              ; 2.7e-10 s                   ; 2.62e-10 s                  ; Yes                        ; Yes                        ; 2.62 V                      ; 2.74e-08 V                  ; 2.73 V             ; -0.0384 V          ; 0.169 V                             ; 0.089 V                             ; 2.7e-10 s                  ; 2.62e-10 s                 ; Yes                       ; Yes                       ;
; clk_origin    ; 2.5 V        ; 0 s                 ; 0 s                 ; 2.62 V                       ; 2.74e-08 V                   ; 2.71 V              ; -0.0317 V           ; 0.148 V                              ; 0.064 V                              ; 4.51e-10 s                  ; 4.15e-10 s                  ; No                         ; Yes                        ; 2.62 V                      ; 2.74e-08 V                  ; 2.71 V             ; -0.0317 V          ; 0.148 V                             ; 0.064 V                             ; 4.51e-10 s                 ; 4.15e-10 s                 ; No                        ; Yes                       ;
; pin_name1     ; 2.5 V        ; 0 s                 ; 0 s                 ; 2.62 V                       ; 2.74e-08 V                   ; 2.71 V              ; -0.0317 V           ; 0.148 V                              ; 0.064 V                              ; 4.51e-10 s                  ; 4.15e-10 s                  ; No                         ; Yes                        ; 2.62 V                      ; 2.74e-08 V                  ; 2.71 V             ; -0.0317 V          ; 0.148 V                             ; 0.064 V                             ; 4.51e-10 s                 ; 4.15e-10 s                 ; No                        ; Yes                       ;
; clockpin      ; 2.5 V        ; 0 s                 ; 0 s                 ; 2.62 V                       ; 2.74e-08 V                   ; 2.73 V              ; -0.0384 V           ; 0.169 V                              ; 0.089 V                              ; 2.7e-10 s                   ; 2.62e-10 s                  ; Yes                        ; Yes                        ; 2.62 V                      ; 2.74e-08 V                  ; 2.73 V             ; -0.0384 V          ; 0.169 V                             ; 0.089 V                             ; 2.7e-10 s                  ; 2.62e-10 s                 ; Yes                       ; Yes                       ;
; data_outpin   ; 2.5 V        ; 0 s                 ; 0 s                 ; 2.62 V                       ; 2.74e-08 V                   ; 2.73 V              ; -0.0384 V           ; 0.169 V                              ; 0.089 V                              ; 2.7e-10 s                   ; 2.62e-10 s                  ; Yes                        ; Yes                        ; 2.62 V                      ; 2.74e-08 V                  ; 2.73 V             ; -0.0384 V          ; 0.169 V                             ; 0.089 V                             ; 2.7e-10 s                  ; 2.62e-10 s                 ; Yes                       ; Yes                       ;
; data_outpin_2 ; 2.5 V        ; 0 s                 ; 0 s                 ; 2.62 V                       ; 2.74e-08 V                   ; 2.71 V              ; -0.0317 V           ; 0.148 V                              ; 0.064 V                              ; 4.51e-10 s                  ; 4.15e-10 s                  ; No                         ; Yes                        ; 2.62 V                      ; 2.74e-08 V                  ; 2.71 V             ; -0.0317 V          ; 0.148 V                             ; 0.064 V                             ; 4.51e-10 s                 ; 4.15e-10 s                 ; No                        ; Yes                       ;
+---------------+--------------+---------------------+---------------------+------------------------------+------------------------------+---------------------+---------------------+--------------------------------------+--------------------------------------+-----------------------------+-----------------------------+----------------------------+----------------------------+-----------------------------+-----------------------------+--------------------+--------------------+-------------------------------------+-------------------------------------+----------------------------+----------------------------+---------------------------+---------------------------+


+-------------------------------------------------------------------------------------------------------------------------+
; Setup Transfers                                                                                                         ;
+--------------------------------------+--------------------------------------+----------+----------+----------+----------+
; From Clock                           ; To Clock                             ; RR Paths ; FR Paths ; RF Paths ; FF Paths ;
+--------------------------------------+--------------------------------------+----------+----------+----------+----------+
; clk_in                               ; clk_in                               ; 6        ; 0        ; 0        ; 0        ;
; Clock_Divider:inst2|clk_out_internal ; clk_in                               ; 1        ; 1        ; 0        ; 0        ;
; Clock_Divider:inst2|clk_out_internal ; Clock_Divider:inst2|clk_out_internal ; 601      ; 0        ; 0        ; 0        ;
+--------------------------------------+--------------------------------------+----------+----------+----------+----------+
Entries labeled "false path" only account for clock-to-clock false paths and not path-based false paths. As a result, actual path counts may be lower than reported.


+-------------------------------------------------------------------------------------------------------------------------+
; Hold Transfers                                                                                                          ;
+--------------------------------------+--------------------------------------+----------+----------+----------+----------+
; From Clock                           ; To Clock                             ; RR Paths ; FR Paths ; RF Paths ; FF Paths ;
+--------------------------------------+--------------------------------------+----------+----------+----------+----------+
; clk_in                               ; clk_in                               ; 6        ; 0        ; 0        ; 0        ;
; Clock_Divider:inst2|clk_out_internal ; clk_in                               ; 1        ; 1        ; 0        ; 0        ;
; Clock_Divider:inst2|clk_out_internal ; Clock_Divider:inst2|clk_out_internal ; 601      ; 0        ; 0        ; 0        ;
+--------------------------------------+--------------------------------------+----------+----------+----------+----------+
Entries labeled "false path" only account for clock-to-clock false paths and not path-based false paths. As a result, actual path counts may be lower than reported.


---------------
; Report TCCS ;
---------------
No dedicated SERDES Transmitter circuitry present in device or used in design


---------------
; Report RSKM ;
---------------
No non-DPA dedicated SERDES Receiver circuitry present in device or used in design


+------------------------------------------------+
; Unconstrained Paths                            ;
+---------------------------------+-------+------+
; Property                        ; Setup ; Hold ;
+---------------------------------+-------+------+
; Illegal Clocks                  ; 0     ; 0    ;
; Unconstrained Clocks            ; 0     ; 0    ;
; Unconstrained Input Ports       ; 1     ; 1    ;
; Unconstrained Input Port Paths  ; 1     ; 1    ;
; Unconstrained Output Ports      ; 6     ; 6    ;
; Unconstrained Output Port Paths ; 6     ; 6    ;
+---------------------------------+-------+------+


+------------------------------------+
; TimeQuest Timing Analyzer Messages ;
+------------------------------------+
Info: *******************************************************************
Info: Running Quartus II 64-Bit TimeQuest Timing Analyzer
    Info: Version 13.1.0 Build 162 10/23/2013 SJ Web Edition
    Info: Processing started: Thu Aug 15 17:22:53 2024
Info: Command: quartus_sta sonic -c sonic
Info: qsta_default_script.tcl version: #1
Info (20030): Parallel compilation is enabled and will use 6 of the 6 processors detected
Info (21077): Low junction temperature is 0 degrees C
Info (21077): High junction temperature is 85 degrees C
Critical Warning (332012): Synopsys Design Constraints File file not found: 'sonic.sdc'. A Synopsys Design Constraints File is required by the TimeQuest Timing Analyzer to get proper timing constraints. Without it, the Compiler will not properly optimize the design.
Info (332142): No user constrained base clocks found in the design. Calling "derive_clocks -period 1.0"
Info (332105): Deriving Clocks
    Info (332105): create_clock -period 1.000 -name Clock_Divider:inst2|clk_out_internal Clock_Divider:inst2|clk_out_internal
    Info (332105): create_clock -period 1.000 -name clk_in clk_in
Info (332143): No user constrained clock uncertainty found in the design. Calling "derive_clock_uncertainty"
Info (332123): Deriving Clock Uncertainty. Please refer to report_sdc in TimeQuest to see clock uncertainties.
Info: Found TIMEQUEST_REPORT_SCRIPT_INCLUDE_DEFAULT_ANALYSIS = ON
Info: Analyzing Slow 1200mV 85C Model
Critical Warning (332148): Timing requirements not met
    Info (11105): For recommendations on closing timing, run Report Timing Closure Recommendations in the TimeQuest Timing Analyzer.
Info (332146): Worst-case setup slack is -2.627
    Info (332119):     Slack       End Point TNS Clock 
    Info (332119): ========= =================== =====================
    Info (332119):    -2.627             -61.442 Clock_Divider:inst2|clk_out_internal 
    Info (332119):    -0.563              -0.716 clk_in 
Info (332146): Worst-case hold slack is 0.216
    Info (332119):     Slack       End Point TNS Clock 
    Info (332119): ========= =================== =====================
    Info (332119):     0.216               0.000 clk_in 
    Info (332119):     0.453               0.000 Clock_Divider:inst2|clk_out_internal 
Info (332140): No Recovery paths to report
Info (332140): No Removal paths to report
Info (332146): Worst-case minimum pulse width slack is -3.000
    Info (332119):     Slack       End Point TNS Clock 
    Info (332119): ========= =================== =====================
    Info (332119):    -3.000              -7.461 clk_in 
    Info (332119):    -1.487             -53.532 Clock_Divider:inst2|clk_out_internal 
Info: Analyzing Slow 1200mV 0C Model
Info (334003): Started post-fitting delay annotation
Info (334004): Delay annotation completed successfully
Info (332123): Deriving Clock Uncertainty. Please refer to report_sdc in TimeQuest to see clock uncertainties.
Critical Warning (332148): Timing requirements not met
    Info (11105): For recommendations on closing timing, run Report Timing Closure Recommendations in the TimeQuest Timing Analyzer.
Info (332146): Worst-case setup slack is -2.399
    Info (332119):     Slack       End Point TNS Clock 
    Info (332119): ========= =================== =====================
    Info (332119):    -2.399             -53.789 Clock_Divider:inst2|clk_out_internal 
    Info (332119):    -0.423              -0.505 clk_in 
Info (332146): Worst-case hold slack is 0.316
    Info (332119):     Slack       End Point TNS Clock 
    Info (332119): ========= =================== =====================
    Info (332119):     0.316               0.000 clk_in 
    Info (332119):     0.402               0.000 Clock_Divider:inst2|clk_out_internal 
Info (332140): No Recovery paths to report
Info (332140): No Removal paths to report
Info (332146): Worst-case minimum pulse width slack is -3.000
    Info (332119):     Slack       End Point TNS Clock 
    Info (332119): ========= =================== =====================
    Info (332119):    -3.000              -7.461 clk_in 
    Info (332119):    -1.487             -53.532 Clock_Divider:inst2|clk_out_internal 
Info: Analyzing Fast 1200mV 0C Model
Info (332123): Deriving Clock Uncertainty. Please refer to report_sdc in TimeQuest to see clock uncertainties.
Critical Warning (332148): Timing requirements not met
    Info (11105): For recommendations on closing timing, run Report Timing Closure Recommendations in the TimeQuest Timing Analyzer.
Info (332146): Worst-case setup slack is -0.572
    Info (332119):     Slack       End Point TNS Clock 
    Info (332119): ========= =================== =====================
    Info (332119):    -0.572              -7.463 Clock_Divider:inst2|clk_out_internal 
    Info (332119):     0.128               0.000 clk_in 
Info (332146): Worst-case hold slack is -0.089
    Info (332119):     Slack       End Point TNS Clock 
    Info (332119): ========= =================== =====================
    Info (332119):    -0.089              -0.089 clk_in 
    Info (332119):     0.187               0.000 Clock_Divider:inst2|clk_out_internal 
Info (332140): No Recovery paths to report
Info (332140): No Removal paths to report
Info (332146): Worst-case minimum pulse width slack is -3.000
    Info (332119):     Slack       End Point TNS Clock 
    Info (332119): ========= =================== =====================
    Info (332119):    -3.000              -6.192 clk_in 
    Info (332119):    -1.000             -36.000 Clock_Divider:inst2|clk_out_internal 
Info (332102): Design is not fully constrained for setup requirements
Info (332102): Design is not fully constrained for hold requirements
Info: Quartus II 64-Bit TimeQuest Timing Analyzer was successful. 0 errors, 4 warnings
    Info: Peak virtual memory: 4687 megabytes
    Info: Processing ended: Thu Aug 15 17:22:55 2024
    Info: Elapsed time: 00:00:02
    Info: Total CPU time (on all processors): 00:00:02


