Analysis & Synthesis report for Sonicboard
Fri Aug 02 22:17:43 2024
Quartus II 64-Bit Version 13.1.0 Build 162 10/23/2013 SJ Web Edition


---------------------
; Table of Contents ;
---------------------
  1. Legal Notice
  2. Analysis & Synthesis Summary
  3. Analysis & Synthesis Settings
  4. Parallel Compilation
  5. Analysis & Synthesis Source Files Read
  6. Analysis & Synthesis Resource Usage Summary
  7. Analysis & Synthesis Resource Utilization by Entity
  8. Analysis & Synthesis IP Cores Summary
  9. Registers Removed During Synthesis
 10. Removed Registers Triggering Further Register Optimizations
 11. General Register Statistics
 12. Parameter Settings for User Entity Instance: Masterclock:inst1|altpll:altpll_component
 13. altpll Parameter Settings by Entity Instance
 14. Elapsed Time Per Partition
 15. Analysis & Synthesis Messages



----------------
; Legal Notice ;
----------------
Copyright (C) 1991-2013 Altera Corporation
Your use of Altera Corporation's design tools, logic functions 
and other software and tools, and its AMPP partner logic 
functions, and any output files from any of the foregoing 
(including device programming or simulation files), and any 
associated documentation or information are expressly subject 
to the terms and conditions of the Altera Program License 
Subscription Agreement, Altera MegaCore Function License 
Agreement, or other applicable license agreement, including, 
without limitation, that your use is for the sole purpose of 
programming logic devices manufactured by Altera and sold by 
Altera or its authorized distributors.  Please refer to the 
applicable agreement for further details.



+---------------------------------------------------------------------------------+
; Analysis & Synthesis Summary                                                    ;
+------------------------------------+--------------------------------------------+
; Analysis & Synthesis Status        ; Successful - Fri Aug 02 22:17:43 2024      ;
; Quartus II 64-Bit Version          ; 13.1.0 Build 162 10/23/2013 SJ Web Edition ;
; Revision Name                      ; Sonicboard                                 ;
; Top-level Entity Name              ; Schematic                                  ;
; Family                             ; Cyclone IV E                               ;
; Total logic elements               ; 27                                         ;
;     Total combinational functions  ; 26                                         ;
;     Dedicated logic registers      ; 17                                         ;
; Total registers                    ; 17                                         ;
; Total pins                         ; 4                                          ;
; Total virtual pins                 ; 0                                          ;
; Total memory bits                  ; 0                                          ;
; Embedded Multiplier 9-bit elements ; 0                                          ;
; Total PLLs                         ; 1                                          ;
+------------------------------------+--------------------------------------------+


+----------------------------------------------------------------------------------------------------------------------+
; Analysis & Synthesis Settings                                                                                        ;
+----------------------------------------------------------------------------+--------------------+--------------------+
; Option                                                                     ; Setting            ; Default Value      ;
+----------------------------------------------------------------------------+--------------------+--------------------+
; Device                                                                     ; EP4CE6E22C8        ;                    ;
; Top-level entity name                                                      ; Schematic          ; Sonicboard         ;
; Family name                                                                ; Cyclone IV E       ; Cyclone IV GX      ;
; Use smart compilation                                                      ; Off                ; Off                ;
; Enable parallel Assembler and TimeQuest Timing Analyzer during compilation ; On                 ; On                 ;
; Enable compact report table                                                ; Off                ; Off                ;
; Restructure Multiplexers                                                   ; Auto               ; Auto               ;
; Create Debugging Nodes for IP Cores                                        ; Off                ; Off                ;
; Preserve fewer node names                                                  ; On                 ; On                 ;
; Disable OpenCore Plus hardware evaluation                                  ; Off                ; Off                ;
; Verilog Version                                                            ; Verilog_2001       ; Verilog_2001       ;
; VHDL Version                                                               ; VHDL_1993          ; VHDL_1993          ;
; State Machine Processing                                                   ; Auto               ; Auto               ;
; Safe State Machine                                                         ; Off                ; Off                ;
; Extract Verilog State Machines                                             ; On                 ; On                 ;
; Extract VHDL State Machines                                                ; On                 ; On                 ;
; Ignore Verilog initial constructs                                          ; Off                ; Off                ;
; Iteration limit for constant Verilog loops                                 ; 5000               ; 5000               ;
; Iteration limit for non-constant Verilog loops                             ; 250                ; 250                ;
; Add Pass-Through Logic to Inferred RAMs                                    ; On                 ; On                 ;
; Infer RAMs from Raw Logic                                                  ; On                 ; On                 ;
; Parallel Synthesis                                                         ; On                 ; On                 ;
; DSP Block Balancing                                                        ; Auto               ; Auto               ;
; NOT Gate Push-Back                                                         ; On                 ; On                 ;
; Power-Up Don't Care                                                        ; On                 ; On                 ;
; Remove Redundant Logic Cells                                               ; Off                ; Off                ;
; Remove Duplicate Registers                                                 ; On                 ; On                 ;
; Ignore CARRY Buffers                                                       ; Off                ; Off                ;
; Ignore CASCADE Buffers                                                     ; Off                ; Off                ;
; Ignore GLOBAL Buffers                                                      ; Off                ; Off                ;
; Ignore ROW GLOBAL Buffers                                                  ; Off                ; Off                ;
; Ignore LCELL Buffers                                                       ; Off                ; Off                ;
; Ignore SOFT Buffers                                                        ; On                 ; On                 ;
; Limit AHDL Integers to 32 Bits                                             ; Off                ; Off                ;
; Optimization Technique                                                     ; Balanced           ; Balanced           ;
; Carry Chain Length                                                         ; 70                 ; 70                 ;
; Auto Carry Chains                                                          ; On                 ; On                 ;
; Auto Open-Drain Pins                                                       ; On                 ; On                 ;
; Perform WYSIWYG Primitive Resynthesis                                      ; Off                ; Off                ;
; Auto ROM Replacement                                                       ; On                 ; On                 ;
; Auto RAM Replacement                                                       ; On                 ; On                 ;
; Auto DSP Block Replacement                                                 ; On                 ; On                 ;
; Auto Shift Register Replacement                                            ; Auto               ; Auto               ;
; Allow Shift Register Merging across Hierarchies                            ; Auto               ; Auto               ;
; Auto Clock Enable Replacement                                              ; On                 ; On                 ;
; Strict RAM Replacement                                                     ; Off                ; Off                ;
; Allow Synchronous Control Signals                                          ; On                 ; On                 ;
; Force Use of Synchronous Clear Signals                                     ; Off                ; Off                ;
; Auto RAM Block Balancing                                                   ; On                 ; On                 ;
; Auto RAM to Logic Cell Conversion                                          ; Off                ; Off                ;
; Auto Resource Sharing                                                      ; Off                ; Off                ;
; Allow Any RAM Size For Recognition                                         ; Off                ; Off                ;
; Allow Any ROM Size For Recognition                                         ; Off                ; Off                ;
; Allow Any Shift Register Size For Recognition                              ; Off                ; Off                ;
; Use LogicLock Constraints during Resource Balancing                        ; On                 ; On                 ;
; Ignore translate_off and synthesis_off directives                          ; Off                ; Off                ;
; Timing-Driven Synthesis                                                    ; On                 ; On                 ;
; Report Parameter Settings                                                  ; On                 ; On                 ;
; Report Source Assignments                                                  ; On                 ; On                 ;
; Report Connectivity Checks                                                 ; On                 ; On                 ;
; Ignore Maximum Fan-Out Assignments                                         ; Off                ; Off                ;
; Synchronization Register Chain Length                                      ; 2                  ; 2                  ;
; PowerPlay Power Optimization                                               ; Normal compilation ; Normal compilation ;
; HDL message level                                                          ; Level2             ; Level2             ;
; Suppress Register Optimization Related Messages                            ; Off                ; Off                ;
; Number of Removed Registers Reported in Synthesis Report                   ; 5000               ; 5000               ;
; Number of Swept Nodes Reported in Synthesis Report                         ; 5000               ; 5000               ;
; Number of Inverted Registers Reported in Synthesis Report                  ; 100                ; 100                ;
; Clock MUX Protection                                                       ; On                 ; On                 ;
; Auto Gated Clock Conversion                                                ; Off                ; Off                ;
; Block Design Naming                                                        ; Auto               ; Auto               ;
; SDC constraint protection                                                  ; Off                ; Off                ;
; Synthesis Effort                                                           ; Auto               ; Auto               ;
; Shift Register Replacement - Allow Asynchronous Clear Signal               ; On                 ; On                 ;
; Pre-Mapping Resynthesis Optimization                                       ; Off                ; Off                ;
; Analysis & Synthesis Message Level                                         ; Medium             ; Medium             ;
; Disable Register Merging Across Hierarchies                                ; Auto               ; Auto               ;
; Resource Aware Inference For Block RAM                                     ; On                 ; On                 ;
; Synthesis Seed                                                             ; 1                  ; 1                  ;
+----------------------------------------------------------------------------+--------------------+--------------------+


+------------------------------------------+
; Parallel Compilation                     ;
+----------------------------+-------------+
; Processors                 ; Number      ;
+----------------------------+-------------+
; Number detected on machine ; 12          ;
; Maximum allowed            ; 10          ;
;                            ;             ;
; Average used               ; 1.00        ;
; Maximum used               ; 1           ;
;                            ;             ;
; Usage by Processor         ; % Time Used ;
;     Processor 1            ; 100.0%      ;
;     Processors 2-12        ;   0.0%      ;
+----------------------------+-------------+


+----------------------------------------------------------------------------------------------------------------------------------------------------------------------------------------+
; Analysis & Synthesis Source Files Read                                                                                                                                                 ;
+----------------------------------+-----------------+------------------------------------+------------------------------------------------------------------------------------+---------+
; File Name with User-Entered Path ; Used in Netlist ; File Type                          ; File Name with Absolute Path                                                       ; Library ;
+----------------------------------+-----------------+------------------------------------+------------------------------------------------------------------------------------+---------+
; Schematic.bdf                    ; yes             ; User Block Diagram/Schematic File  ; C:/Users/USER/Documents/github/Altera_FPGA/Sonicboard_ver6/Schematic.bdf           ;         ;
; Data_for_register_1.vhd          ; yes             ; User VHDL File                     ; C:/Users/USER/Documents/github/Altera_FPGA/Sonicboard_ver6/Data_for_register_1.vhd ;         ;
; Masterclock.vhd                  ; yes             ; User Wizard-Generated File         ; C:/Users/USER/Documents/github/Altera_FPGA/Sonicboard_ver6/Masterclock.vhd         ;         ;
; altpll.tdf                       ; yes             ; Megafunction                       ; c:/altera/13.1/quartus/libraries/megafunctions/altpll.tdf                          ;         ;
; aglobal131.inc                   ; yes             ; Megafunction                       ; c:/altera/13.1/quartus/libraries/megafunctions/aglobal131.inc                      ;         ;
; stratix_pll.inc                  ; yes             ; Megafunction                       ; c:/altera/13.1/quartus/libraries/megafunctions/stratix_pll.inc                     ;         ;
; stratixii_pll.inc                ; yes             ; Megafunction                       ; c:/altera/13.1/quartus/libraries/megafunctions/stratixii_pll.inc                   ;         ;
; cycloneii_pll.inc                ; yes             ; Megafunction                       ; c:/altera/13.1/quartus/libraries/megafunctions/cycloneii_pll.inc                   ;         ;
; db/masterclock_altpll.v          ; yes             ; Auto-Generated Megafunction        ; C:/Users/USER/Documents/github/Altera_FPGA/Sonicboard_ver6/db/masterclock_altpll.v ;         ;
+----------------------------------+-----------------+------------------------------------+------------------------------------------------------------------------------------+---------+


+--------------------------------------------------------------------------------------------------------------------------------------------+
; Analysis & Synthesis Resource Usage Summary                                                                                                ;
+---------------------------------------------+----------------------------------------------------------------------------------------------+
; Resource                                    ; Usage                                                                                        ;
+---------------------------------------------+----------------------------------------------------------------------------------------------+
; Estimated Total logic elements              ; 27                                                                                           ;
;                                             ;                                                                                              ;
; Total combinational functions               ; 26                                                                                           ;
; Logic element usage by number of LUT inputs ;                                                                                              ;
;     -- 4 input functions                    ; 12                                                                                           ;
;     -- 3 input functions                    ; 5                                                                                            ;
;     -- <=2 input functions                  ; 9                                                                                            ;
;                                             ;                                                                                              ;
; Logic elements by mode                      ;                                                                                              ;
;     -- normal mode                          ; 22                                                                                           ;
;     -- arithmetic mode                      ; 4                                                                                            ;
;                                             ;                                                                                              ;
; Total registers                             ; 17                                                                                           ;
;     -- Dedicated logic registers            ; 17                                                                                           ;
;     -- I/O registers                        ; 0                                                                                            ;
;                                             ;                                                                                              ;
; I/O pins                                    ; 4                                                                                            ;
; Embedded Multiplier 9-bit elements          ; 0                                                                                            ;
; Total PLLs                                  ; 1                                                                                            ;
;     -- PLLs                                 ; 1                                                                                            ;
;                                             ;                                                                                              ;
; Maximum fan-out node                        ; Masterclock:inst1|altpll:altpll_component|Masterclock_altpll:auto_generated|wire_pll1_clk[0] ;
; Maximum fan-out                             ; 20                                                                                           ;
; Total fan-out                               ; 126                                                                                          ;
; Average fan-out                             ; 2.42                                                                                         ;
+---------------------------------------------+----------------------------------------------------------------------------------------------+


+------------------------------------------------------------------------------------------------------------------------------------------------------------------------------------------------------------------------------------------------------------------+
; Analysis & Synthesis Resource Utilization by Entity                                                                                                                                                                                                              ;
+----------------------------------------------+-------------------+--------------+-------------+--------------+---------+-----------+------+--------------+----------------------------------------------------------------------------------------+--------------+
; Compilation Hierarchy Node                   ; LC Combinationals ; LC Registers ; Memory Bits ; DSP Elements ; DSP 9x9 ; DSP 18x18 ; Pins ; Virtual Pins ; Full Hierarchy Name                                                                    ; Library Name ;
+----------------------------------------------+-------------------+--------------+-------------+--------------+---------+-----------+------+--------------+----------------------------------------------------------------------------------------+--------------+
; |Schematic                                   ; 26 (0)            ; 17 (0)       ; 0           ; 0            ; 0       ; 0         ; 4    ; 0            ; |Schematic                                                                             ; work         ;
;    |Data_for_register_1:inst|                ; 26 (26)           ; 17 (17)      ; 0           ; 0            ; 0       ; 0         ; 0    ; 0            ; |Schematic|Data_for_register_1:inst                                                    ; work         ;
;    |Masterclock:inst1|                       ; 0 (0)             ; 0 (0)        ; 0           ; 0            ; 0       ; 0         ; 0    ; 0            ; |Schematic|Masterclock:inst1                                                           ; work         ;
;       |altpll:altpll_component|              ; 0 (0)             ; 0 (0)        ; 0           ; 0            ; 0       ; 0         ; 0    ; 0            ; |Schematic|Masterclock:inst1|altpll:altpll_component                                   ; work         ;
;          |Masterclock_altpll:auto_generated| ; 0 (0)             ; 0 (0)        ; 0           ; 0            ; 0       ; 0         ; 0    ; 0            ; |Schematic|Masterclock:inst1|altpll:altpll_component|Masterclock_altpll:auto_generated ; work         ;
+----------------------------------------------+-------------------+--------------+-------------+--------------+---------+-----------+------+--------------+----------------------------------------------------------------------------------------+--------------+
Note: For table entries with two numbers listed, the numbers in parentheses indicate the number of resources of the given type used by the specific entity alone. The numbers listed outside of parentheses indicate the total resources of the given type used by the specific entity and all of its sub-entities in the hierarchy.


+---------------------------------------------------------------------------------------------------------------------------------------------------------------------------+
; Analysis & Synthesis IP Cores Summary                                                                                                                                     ;
+--------+--------------+---------+--------------+--------------+------------------------------+----------------------------------------------------------------------------+
; Vendor ; IP Core Name ; Version ; Release Date ; License Type ; Entity Instance              ; IP Include File                                                            ;
+--------+--------------+---------+--------------+--------------+------------------------------+----------------------------------------------------------------------------+
; Altera ; ALTPLL       ; 13.1    ; N/A          ; N/A          ; |Schematic|Masterclock:inst1 ; C:/Users/USER/Documents/github/Altera_FPGA/Sonicboard_ver6/Masterclock.vhd ;
+--------+--------------+---------+--------------+--------------+------------------------------+----------------------------------------------------------------------------+


+-------------------------------------------------------------------------------------------------------------+
; Registers Removed During Synthesis                                                                          ;
+------------------------------------------------+------------------------------------------------------------+
; Register name                                  ; Reason for Removal                                         ;
+------------------------------------------------+------------------------------------------------------------+
; Data_for_register_1:inst|Phase_Trans[7][0]     ; Stuck at GND due to stuck port data_in                     ;
; Data_for_register_1:inst|Phase_register[0][7]  ; Stuck at GND due to stuck port data_in                     ;
; Data_for_register_1:inst|Phase_Trans[7][1]     ; Stuck at GND due to stuck port data_in                     ;
; Data_for_register_1:inst|Phase_Trans[7][2]     ; Stuck at GND due to stuck port data_in                     ;
; Data_for_register_1:inst|Phase_Trans[7][3]     ; Stuck at GND due to stuck port data_in                     ;
; Data_for_register_1:inst|Phase_Trans[7][4]     ; Stuck at GND due to stuck port data_in                     ;
; Data_for_register_1:inst|Phase_Trans[7][5]     ; Stuck at GND due to stuck port data_in                     ;
; Data_for_register_1:inst|Phase_Trans[7][6]     ; Stuck at GND due to stuck port data_in                     ;
; Data_for_register_1:inst|Phase_Trans[7][7]     ; Stuck at GND due to stuck port data_in                     ;
; Data_for_register_1:inst|Phase_Trans[7][8]     ; Stuck at GND due to stuck port data_in                     ;
; Data_for_register_1:inst|Phase_Trans[7][9]     ; Stuck at GND due to stuck port data_in                     ;
; Data_for_register_1:inst|Phase_Trans[7][10]    ; Stuck at GND due to stuck port data_in                     ;
; Data_for_register_1:inst|Phase_Trans[7][11]    ; Stuck at GND due to stuck port data_in                     ;
; Data_for_register_1:inst|Phase_Trans[7][12]    ; Stuck at GND due to stuck port data_in                     ;
; Data_for_register_1:inst|Phase_Trans[7][13]    ; Stuck at GND due to stuck port data_in                     ;
; Data_for_register_1:inst|Phase_Trans[7][14]    ; Stuck at GND due to stuck port data_in                     ;
; Data_for_register_1:inst|Phase_Trans[7][15]    ; Stuck at GND due to stuck port data_in                     ;
; Data_for_register_1:inst|Phase_Trans[7][16]    ; Stuck at VCC due to stuck port data_in                     ;
; Data_for_register_1:inst|Phase_Trans[7][17]    ; Stuck at VCC due to stuck port data_in                     ;
; Data_for_register_1:inst|Phase_Trans[7][18]    ; Stuck at VCC due to stuck port data_in                     ;
; Data_for_register_1:inst|Phase_Trans[7][19]    ; Stuck at VCC due to stuck port data_in                     ;
; Data_for_register_1:inst|Phase_Trans[7][20]    ; Stuck at VCC due to stuck port data_in                     ;
; Data_for_register_1:inst|Phase_Trans[7][21]    ; Stuck at VCC due to stuck port data_in                     ;
; Data_for_register_1:inst|Phase_Trans[7][22]    ; Stuck at VCC due to stuck port data_in                     ;
; Data_for_register_1:inst|Phase_Trans[7][23]    ; Stuck at VCC due to stuck port data_in                     ;
; Data_for_register_1:inst|Phase_Trans[7][24]    ; Stuck at VCC due to stuck port data_in                     ;
; Data_for_register_1:inst|Phase_Trans[7][25]    ; Stuck at VCC due to stuck port data_in                     ;
; Data_for_register_1:inst|Phase_Trans[7][26]    ; Stuck at VCC due to stuck port data_in                     ;
; Data_for_register_1:inst|Phase_Trans[7][27]    ; Stuck at VCC due to stuck port data_in                     ;
; Data_for_register_1:inst|Phase_Trans[7][28]    ; Stuck at VCC due to stuck port data_in                     ;
; Data_for_register_1:inst|Phase_Trans[7][29]    ; Stuck at VCC due to stuck port data_in                     ;
; Data_for_register_1:inst|Phase_Trans[7][30]    ; Stuck at VCC due to stuck port data_in                     ;
; Data_for_register_1:inst|Phase_Trans[7][31]    ; Stuck at VCC due to stuck port data_in                     ;
; Data_for_register_1:inst|Phase_Trans[6][0]     ; Stuck at GND due to stuck port data_in                     ;
; Data_for_register_1:inst|Phase_Trans[6][1]     ; Stuck at VCC due to stuck port data_in                     ;
; Data_for_register_1:inst|Phase_Trans[6][2]     ; Stuck at VCC due to stuck port data_in                     ;
; Data_for_register_1:inst|Phase_Trans[6][3]     ; Stuck at VCC due to stuck port data_in                     ;
; Data_for_register_1:inst|Phase_Trans[6][4]     ; Stuck at VCC due to stuck port data_in                     ;
; Data_for_register_1:inst|Phase_Trans[6][5]     ; Stuck at VCC due to stuck port data_in                     ;
; Data_for_register_1:inst|Phase_Trans[6][6]     ; Stuck at VCC due to stuck port data_in                     ;
; Data_for_register_1:inst|Phase_Trans[6][7]     ; Stuck at VCC due to stuck port data_in                     ;
; Data_for_register_1:inst|Phase_Trans[6][8]     ; Stuck at VCC due to stuck port data_in                     ;
; Data_for_register_1:inst|Phase_Trans[6][9]     ; Stuck at VCC due to stuck port data_in                     ;
; Data_for_register_1:inst|Phase_Trans[6][10]    ; Stuck at VCC due to stuck port data_in                     ;
; Data_for_register_1:inst|Phase_Trans[6][11]    ; Stuck at VCC due to stuck port data_in                     ;
; Data_for_register_1:inst|Phase_Trans[6][12]    ; Stuck at VCC due to stuck port data_in                     ;
; Data_for_register_1:inst|Phase_Trans[6][13]    ; Stuck at VCC due to stuck port data_in                     ;
; Data_for_register_1:inst|Phase_Trans[6][14]    ; Stuck at VCC due to stuck port data_in                     ;
; Data_for_register_1:inst|Phase_Trans[6][15]    ; Stuck at VCC due to stuck port data_in                     ;
; Data_for_register_1:inst|Phase_Trans[6][16]    ; Stuck at VCC due to stuck port data_in                     ;
; Data_for_register_1:inst|Phase_Trans[6][17]    ; Stuck at GND due to stuck port data_in                     ;
; Data_for_register_1:inst|Phase_Trans[6][18]    ; Stuck at GND due to stuck port data_in                     ;
; Data_for_register_1:inst|Phase_Trans[6][19]    ; Stuck at GND due to stuck port data_in                     ;
; Data_for_register_1:inst|Phase_Trans[6][20]    ; Stuck at GND due to stuck port data_in                     ;
; Data_for_register_1:inst|Phase_Trans[6][21]    ; Stuck at GND due to stuck port data_in                     ;
; Data_for_register_1:inst|Phase_Trans[6][22]    ; Stuck at GND due to stuck port data_in                     ;
; Data_for_register_1:inst|Phase_Trans[6][23]    ; Stuck at GND due to stuck port data_in                     ;
; Data_for_register_1:inst|Phase_Trans[6][24]    ; Stuck at GND due to stuck port data_in                     ;
; Data_for_register_1:inst|Phase_Trans[6][25]    ; Stuck at GND due to stuck port data_in                     ;
; Data_for_register_1:inst|Phase_Trans[6][26]    ; Stuck at GND due to stuck port data_in                     ;
; Data_for_register_1:inst|Phase_Trans[6][27]    ; Stuck at GND due to stuck port data_in                     ;
; Data_for_register_1:inst|Phase_Trans[6][28]    ; Stuck at GND due to stuck port data_in                     ;
; Data_for_register_1:inst|Phase_Trans[6][29]    ; Stuck at GND due to stuck port data_in                     ;
; Data_for_register_1:inst|Phase_Trans[6][30]    ; Stuck at GND due to stuck port data_in                     ;
; Data_for_register_1:inst|Phase_Trans[6][31]    ; Stuck at GND due to stuck port data_in                     ;
; Data_for_register_1:inst|Phase_Trans[5][0]     ; Stuck at GND due to stuck port data_in                     ;
; Data_for_register_1:inst|Phase_Trans[5][1]     ; Stuck at GND due to stuck port data_in                     ;
; Data_for_register_1:inst|Phase_Trans[5][2]     ; Stuck at GND due to stuck port data_in                     ;
; Data_for_register_1:inst|Phase_Trans[5][3]     ; Stuck at VCC due to stuck port data_in                     ;
; Data_for_register_1:inst|Phase_Trans[5][4]     ; Stuck at VCC due to stuck port data_in                     ;
; Data_for_register_1:inst|Phase_Trans[5][5]     ; Stuck at VCC due to stuck port data_in                     ;
; Data_for_register_1:inst|Phase_Trans[5][6]     ; Stuck at VCC due to stuck port data_in                     ;
; Data_for_register_1:inst|Phase_Trans[5][7]     ; Stuck at VCC due to stuck port data_in                     ;
; Data_for_register_1:inst|Phase_Trans[5][8]     ; Stuck at VCC due to stuck port data_in                     ;
; Data_for_register_1:inst|Phase_Trans[5][9]     ; Stuck at VCC due to stuck port data_in                     ;
; Data_for_register_1:inst|Phase_Trans[5][10]    ; Stuck at VCC due to stuck port data_in                     ;
; Data_for_register_1:inst|Phase_Trans[5][11]    ; Stuck at VCC due to stuck port data_in                     ;
; Data_for_register_1:inst|Phase_Trans[5][12]    ; Stuck at VCC due to stuck port data_in                     ;
; Data_for_register_1:inst|Phase_Trans[5][13]    ; Stuck at VCC due to stuck port data_in                     ;
; Data_for_register_1:inst|Phase_Trans[5][14]    ; Stuck at VCC due to stuck port data_in                     ;
; Data_for_register_1:inst|Phase_Trans[5][15]    ; Stuck at VCC due to stuck port data_in                     ;
; Data_for_register_1:inst|Phase_Trans[5][16]    ; Stuck at VCC due to stuck port data_in                     ;
; Data_for_register_1:inst|Phase_Trans[5][17]    ; Stuck at VCC due to stuck port data_in                     ;
; Data_for_register_1:inst|Phase_Trans[5][18]    ; Stuck at VCC due to stuck port data_in                     ;
; Data_for_register_1:inst|Phase_Trans[5][19]    ; Stuck at GND due to stuck port data_in                     ;
; Data_for_register_1:inst|Phase_Trans[5][20]    ; Stuck at GND due to stuck port data_in                     ;
; Data_for_register_1:inst|Phase_Trans[5][21]    ; Stuck at GND due to stuck port data_in                     ;
; Data_for_register_1:inst|Phase_Trans[5][22]    ; Stuck at GND due to stuck port data_in                     ;
; Data_for_register_1:inst|Phase_Trans[5][23]    ; Stuck at GND due to stuck port data_in                     ;
; Data_for_register_1:inst|Phase_Trans[5][24]    ; Stuck at GND due to stuck port data_in                     ;
; Data_for_register_1:inst|Phase_Trans[5][25]    ; Stuck at GND due to stuck port data_in                     ;
; Data_for_register_1:inst|Phase_Trans[5][26]    ; Stuck at GND due to stuck port data_in                     ;
; Data_for_register_1:inst|Phase_Trans[5][27]    ; Stuck at GND due to stuck port data_in                     ;
; Data_for_register_1:inst|Phase_Trans[5][28]    ; Stuck at GND due to stuck port data_in                     ;
; Data_for_register_1:inst|Phase_Trans[5][29]    ; Stuck at GND due to stuck port data_in                     ;
; Data_for_register_1:inst|Phase_Trans[5][30]    ; Stuck at GND due to stuck port data_in                     ;
; Data_for_register_1:inst|Phase_Trans[5][31]    ; Stuck at GND due to stuck port data_in                     ;
; Data_for_register_1:inst|Phase_Trans[4][0]     ; Stuck at GND due to stuck port data_in                     ;
; Data_for_register_1:inst|Phase_Trans[4][1]     ; Stuck at GND due to stuck port data_in                     ;
; Data_for_register_1:inst|Phase_Trans[4][2]     ; Stuck at GND due to stuck port data_in                     ;
; Data_for_register_1:inst|Phase_Trans[4][3]     ; Stuck at GND due to stuck port data_in                     ;
; Data_for_register_1:inst|Phase_Trans[4][4]     ; Stuck at GND due to stuck port data_in                     ;
; Data_for_register_1:inst|Phase_Trans[4][5]     ; Stuck at GND due to stuck port data_in                     ;
; Data_for_register_1:inst|Phase_Trans[4][6]     ; Stuck at VCC due to stuck port data_in                     ;
; Data_for_register_1:inst|Phase_Trans[4][7]     ; Stuck at VCC due to stuck port data_in                     ;
; Data_for_register_1:inst|Phase_Trans[4][8]     ; Stuck at VCC due to stuck port data_in                     ;
; Data_for_register_1:inst|Phase_Trans[4][9]     ; Stuck at VCC due to stuck port data_in                     ;
; Data_for_register_1:inst|Phase_Trans[4][10]    ; Stuck at VCC due to stuck port data_in                     ;
; Data_for_register_1:inst|Phase_Trans[4][11]    ; Stuck at VCC due to stuck port data_in                     ;
; Data_for_register_1:inst|Phase_Trans[4][12]    ; Stuck at VCC due to stuck port data_in                     ;
; Data_for_register_1:inst|Phase_Trans[4][13]    ; Stuck at VCC due to stuck port data_in                     ;
; Data_for_register_1:inst|Phase_Trans[4][14]    ; Stuck at VCC due to stuck port data_in                     ;
; Data_for_register_1:inst|Phase_Trans[4][15]    ; Stuck at VCC due to stuck port data_in                     ;
; Data_for_register_1:inst|Phase_Trans[4][16]    ; Stuck at VCC due to stuck port data_in                     ;
; Data_for_register_1:inst|Phase_Trans[4][17]    ; Stuck at VCC due to stuck port data_in                     ;
; Data_for_register_1:inst|Phase_Trans[4][18]    ; Stuck at VCC due to stuck port data_in                     ;
; Data_for_register_1:inst|Phase_Trans[4][19]    ; Stuck at VCC due to stuck port data_in                     ;
; Data_for_register_1:inst|Phase_Trans[4][20]    ; Stuck at VCC due to stuck port data_in                     ;
; Data_for_register_1:inst|Phase_Trans[4][21]    ; Stuck at VCC due to stuck port data_in                     ;
; Data_for_register_1:inst|Phase_Trans[4][22]    ; Stuck at GND due to stuck port data_in                     ;
; Data_for_register_1:inst|Phase_Trans[4][23]    ; Stuck at GND due to stuck port data_in                     ;
; Data_for_register_1:inst|Phase_Trans[4][24]    ; Stuck at GND due to stuck port data_in                     ;
; Data_for_register_1:inst|Phase_Trans[4][25]    ; Stuck at GND due to stuck port data_in                     ;
; Data_for_register_1:inst|Phase_Trans[4][26]    ; Stuck at GND due to stuck port data_in                     ;
; Data_for_register_1:inst|Phase_Trans[4][27]    ; Stuck at GND due to stuck port data_in                     ;
; Data_for_register_1:inst|Phase_Trans[4][28]    ; Stuck at GND due to stuck port data_in                     ;
; Data_for_register_1:inst|Phase_Trans[4][29]    ; Stuck at GND due to stuck port data_in                     ;
; Data_for_register_1:inst|Phase_Trans[4][30]    ; Stuck at GND due to stuck port data_in                     ;
; Data_for_register_1:inst|Phase_Trans[4][31]    ; Stuck at GND due to stuck port data_in                     ;
; Data_for_register_1:inst|Phase_Trans[3][0]     ; Stuck at GND due to stuck port data_in                     ;
; Data_for_register_1:inst|Phase_Trans[3][1]     ; Stuck at GND due to stuck port data_in                     ;
; Data_for_register_1:inst|Phase_Trans[3][2]     ; Stuck at GND due to stuck port data_in                     ;
; Data_for_register_1:inst|Phase_Trans[3][3]     ; Stuck at GND due to stuck port data_in                     ;
; Data_for_register_1:inst|Phase_Trans[3][4]     ; Stuck at GND due to stuck port data_in                     ;
; Data_for_register_1:inst|Phase_Trans[3][5]     ; Stuck at GND due to stuck port data_in                     ;
; Data_for_register_1:inst|Phase_Trans[3][6]     ; Stuck at GND due to stuck port data_in                     ;
; Data_for_register_1:inst|Phase_Trans[3][7]     ; Stuck at GND due to stuck port data_in                     ;
; Data_for_register_1:inst|Phase_Trans[3][8]     ; Stuck at GND due to stuck port data_in                     ;
; Data_for_register_1:inst|Phase_Trans[3][9]     ; Stuck at VCC due to stuck port data_in                     ;
; Data_for_register_1:inst|Phase_Trans[3][10]    ; Stuck at VCC due to stuck port data_in                     ;
; Data_for_register_1:inst|Phase_Trans[3][11]    ; Stuck at VCC due to stuck port data_in                     ;
; Data_for_register_1:inst|Phase_Trans[3][12]    ; Stuck at VCC due to stuck port data_in                     ;
; Data_for_register_1:inst|Phase_Trans[3][13]    ; Stuck at VCC due to stuck port data_in                     ;
; Data_for_register_1:inst|Phase_Trans[3][14]    ; Stuck at VCC due to stuck port data_in                     ;
; Data_for_register_1:inst|Phase_Trans[3][15]    ; Stuck at VCC due to stuck port data_in                     ;
; Data_for_register_1:inst|Phase_Trans[3][16]    ; Stuck at VCC due to stuck port data_in                     ;
; Data_for_register_1:inst|Phase_Trans[3][17]    ; Stuck at VCC due to stuck port data_in                     ;
; Data_for_register_1:inst|Phase_Trans[3][18]    ; Stuck at VCC due to stuck port data_in                     ;
; Data_for_register_1:inst|Phase_Trans[3][19]    ; Stuck at VCC due to stuck port data_in                     ;
; Data_for_register_1:inst|Phase_Trans[3][20]    ; Stuck at VCC due to stuck port data_in                     ;
; Data_for_register_1:inst|Phase_Trans[3][21]    ; Stuck at VCC due to stuck port data_in                     ;
; Data_for_register_1:inst|Phase_Trans[3][22]    ; Stuck at VCC due to stuck port data_in                     ;
; Data_for_register_1:inst|Phase_Trans[3][23]    ; Stuck at VCC due to stuck port data_in                     ;
; Data_for_register_1:inst|Phase_Trans[3][24]    ; Stuck at VCC due to stuck port data_in                     ;
; Data_for_register_1:inst|Phase_Trans[3][25]    ; Stuck at GND due to stuck port data_in                     ;
; Data_for_register_1:inst|Phase_Trans[3][26]    ; Stuck at GND due to stuck port data_in                     ;
; Data_for_register_1:inst|Phase_Trans[3][27]    ; Stuck at GND due to stuck port data_in                     ;
; Data_for_register_1:inst|Phase_Trans[3][28]    ; Stuck at GND due to stuck port data_in                     ;
; Data_for_register_1:inst|Phase_Trans[3][29]    ; Stuck at GND due to stuck port data_in                     ;
; Data_for_register_1:inst|Phase_Trans[3][30]    ; Stuck at GND due to stuck port data_in                     ;
; Data_for_register_1:inst|Phase_Trans[3][31]    ; Stuck at GND due to stuck port data_in                     ;
; Data_for_register_1:inst|Phase_Trans[2][0]     ; Stuck at GND due to stuck port data_in                     ;
; Data_for_register_1:inst|Phase_Trans[2][1]     ; Stuck at GND due to stuck port data_in                     ;
; Data_for_register_1:inst|Phase_Trans[2][2]     ; Stuck at GND due to stuck port data_in                     ;
; Data_for_register_1:inst|Phase_Trans[2][3]     ; Stuck at GND due to stuck port data_in                     ;
; Data_for_register_1:inst|Phase_Trans[2][4]     ; Stuck at GND due to stuck port data_in                     ;
; Data_for_register_1:inst|Phase_Trans[2][5]     ; Stuck at GND due to stuck port data_in                     ;
; Data_for_register_1:inst|Phase_Trans[2][6]     ; Stuck at GND due to stuck port data_in                     ;
; Data_for_register_1:inst|Phase_Trans[2][7]     ; Stuck at GND due to stuck port data_in                     ;
; Data_for_register_1:inst|Phase_Trans[2][8]     ; Stuck at GND due to stuck port data_in                     ;
; Data_for_register_1:inst|Phase_Trans[2][9]     ; Stuck at GND due to stuck port data_in                     ;
; Data_for_register_1:inst|Phase_Trans[2][10]    ; Stuck at GND due to stuck port data_in                     ;
; Data_for_register_1:inst|Phase_Trans[2][11]    ; Stuck at GND due to stuck port data_in                     ;
; Data_for_register_1:inst|Phase_Trans[2][12]    ; Stuck at GND due to stuck port data_in                     ;
; Data_for_register_1:inst|Phase_Trans[2][13]    ; Stuck at VCC due to stuck port data_in                     ;
; Data_for_register_1:inst|Phase_Trans[2][14]    ; Stuck at VCC due to stuck port data_in                     ;
; Data_for_register_1:inst|Phase_Trans[2][15]    ; Stuck at VCC due to stuck port data_in                     ;
; Data_for_register_1:inst|Phase_Trans[2][16]    ; Stuck at VCC due to stuck port data_in                     ;
; Data_for_register_1:inst|Phase_Trans[2][17]    ; Stuck at VCC due to stuck port data_in                     ;
; Data_for_register_1:inst|Phase_Trans[2][18]    ; Stuck at VCC due to stuck port data_in                     ;
; Data_for_register_1:inst|Phase_Trans[2][19]    ; Stuck at VCC due to stuck port data_in                     ;
; Data_for_register_1:inst|Phase_Trans[2][20]    ; Stuck at VCC due to stuck port data_in                     ;
; Data_for_register_1:inst|Phase_Trans[2][21]    ; Stuck at VCC due to stuck port data_in                     ;
; Data_for_register_1:inst|Phase_Trans[2][22]    ; Stuck at VCC due to stuck port data_in                     ;
; Data_for_register_1:inst|Phase_Trans[2][23]    ; Stuck at VCC due to stuck port data_in                     ;
; Data_for_register_1:inst|Phase_Trans[2][24]    ; Stuck at VCC due to stuck port data_in                     ;
; Data_for_register_1:inst|Phase_Trans[2][25]    ; Stuck at VCC due to stuck port data_in                     ;
; Data_for_register_1:inst|Phase_Trans[2][26]    ; Stuck at VCC due to stuck port data_in                     ;
; Data_for_register_1:inst|Phase_Trans[2][27]    ; Stuck at VCC due to stuck port data_in                     ;
; Data_for_register_1:inst|Phase_Trans[2][28]    ; Stuck at VCC due to stuck port data_in                     ;
; Data_for_register_1:inst|Phase_Trans[2][29]    ; Stuck at GND due to stuck port data_in                     ;
; Data_for_register_1:inst|Phase_Trans[2][30]    ; Stuck at GND due to stuck port data_in                     ;
; Data_for_register_1:inst|Phase_Trans[2][31]    ; Stuck at GND due to stuck port data_in                     ;
; Data_for_register_1:inst|Phase_Trans[1][0]     ; Stuck at GND due to stuck port data_in                     ;
; Data_for_register_1:inst|Phase_Trans[1][1]     ; Stuck at GND due to stuck port data_in                     ;
; Data_for_register_1:inst|Phase_Trans[1][2]     ; Stuck at GND due to stuck port data_in                     ;
; Data_for_register_1:inst|Phase_Trans[1][3]     ; Stuck at GND due to stuck port data_in                     ;
; Data_for_register_1:inst|Phase_Trans[1][4]     ; Stuck at GND due to stuck port data_in                     ;
; Data_for_register_1:inst|Phase_Trans[1][5]     ; Stuck at GND due to stuck port data_in                     ;
; Data_for_register_1:inst|Phase_Trans[1][6]     ; Stuck at GND due to stuck port data_in                     ;
; Data_for_register_1:inst|Phase_Trans[1][7]     ; Stuck at GND due to stuck port data_in                     ;
; Data_for_register_1:inst|Phase_Trans[1][8]     ; Stuck at GND due to stuck port data_in                     ;
; Data_for_register_1:inst|Phase_Trans[1][9]     ; Stuck at GND due to stuck port data_in                     ;
; Data_for_register_1:inst|Phase_Trans[1][10]    ; Stuck at GND due to stuck port data_in                     ;
; Data_for_register_1:inst|Phase_Trans[1][11]    ; Stuck at GND due to stuck port data_in                     ;
; Data_for_register_1:inst|Phase_Trans[1][12]    ; Stuck at GND due to stuck port data_in                     ;
; Data_for_register_1:inst|Phase_Trans[1][13]    ; Stuck at GND due to stuck port data_in                     ;
; Data_for_register_1:inst|Phase_Trans[1][14]    ; Stuck at GND due to stuck port data_in                     ;
; Data_for_register_1:inst|Phase_Trans[1][15]    ; Stuck at VCC due to stuck port data_in                     ;
; Data_for_register_1:inst|Phase_Trans[1][16]    ; Stuck at VCC due to stuck port data_in                     ;
; Data_for_register_1:inst|Phase_Trans[1][17]    ; Stuck at VCC due to stuck port data_in                     ;
; Data_for_register_1:inst|Phase_Trans[1][18]    ; Stuck at VCC due to stuck port data_in                     ;
; Data_for_register_1:inst|Phase_Trans[1][19]    ; Stuck at VCC due to stuck port data_in                     ;
; Data_for_register_1:inst|Phase_Trans[1][20]    ; Stuck at VCC due to stuck port data_in                     ;
; Data_for_register_1:inst|Phase_Trans[1][21]    ; Stuck at VCC due to stuck port data_in                     ;
; Data_for_register_1:inst|Phase_Trans[1][22]    ; Stuck at VCC due to stuck port data_in                     ;
; Data_for_register_1:inst|Phase_Trans[1][23]    ; Stuck at VCC due to stuck port data_in                     ;
; Data_for_register_1:inst|Phase_Trans[1][24]    ; Stuck at VCC due to stuck port data_in                     ;
; Data_for_register_1:inst|Phase_Trans[1][25]    ; Stuck at VCC due to stuck port data_in                     ;
; Data_for_register_1:inst|Phase_Trans[1][26]    ; Stuck at VCC due to stuck port data_in                     ;
; Data_for_register_1:inst|Phase_Trans[1][27]    ; Stuck at VCC due to stuck port data_in                     ;
; Data_for_register_1:inst|Phase_Trans[1][28]    ; Stuck at VCC due to stuck port data_in                     ;
; Data_for_register_1:inst|Phase_Trans[1][29]    ; Stuck at VCC due to stuck port data_in                     ;
; Data_for_register_1:inst|Phase_Trans[1][30]    ; Stuck at VCC due to stuck port data_in                     ;
; Data_for_register_1:inst|Phase_Trans[1][31]    ; Stuck at GND due to stuck port data_in                     ;
; Data_for_register_1:inst|Phase_Trans[0][0]     ; Stuck at GND due to stuck port data_in                     ;
; Data_for_register_1:inst|Phase_Trans[0][1]     ; Stuck at GND due to stuck port data_in                     ;
; Data_for_register_1:inst|Phase_Trans[0][2]     ; Stuck at GND due to stuck port data_in                     ;
; Data_for_register_1:inst|Phase_Trans[0][3]     ; Stuck at GND due to stuck port data_in                     ;
; Data_for_register_1:inst|Phase_Trans[0][4]     ; Stuck at GND due to stuck port data_in                     ;
; Data_for_register_1:inst|Phase_Trans[0][5]     ; Stuck at GND due to stuck port data_in                     ;
; Data_for_register_1:inst|Phase_Trans[0][6]     ; Stuck at GND due to stuck port data_in                     ;
; Data_for_register_1:inst|Phase_Trans[0][7]     ; Stuck at GND due to stuck port data_in                     ;
; Data_for_register_1:inst|Phase_Trans[0][8]     ; Stuck at GND due to stuck port data_in                     ;
; Data_for_register_1:inst|Phase_Trans[0][9]     ; Stuck at GND due to stuck port data_in                     ;
; Data_for_register_1:inst|Phase_Trans[0][10]    ; Stuck at GND due to stuck port data_in                     ;
; Data_for_register_1:inst|Phase_Trans[0][11]    ; Stuck at GND due to stuck port data_in                     ;
; Data_for_register_1:inst|Phase_Trans[0][12]    ; Stuck at GND due to stuck port data_in                     ;
; Data_for_register_1:inst|Phase_Trans[0][13]    ; Stuck at GND due to stuck port data_in                     ;
; Data_for_register_1:inst|Phase_Trans[0][14]    ; Stuck at GND due to stuck port data_in                     ;
; Data_for_register_1:inst|Phase_Trans[0][15]    ; Stuck at GND due to stuck port data_in                     ;
; Data_for_register_1:inst|Phase_Trans[0][16]    ; Stuck at VCC due to stuck port data_in                     ;
; Data_for_register_1:inst|Phase_Trans[0][17]    ; Stuck at VCC due to stuck port data_in                     ;
; Data_for_register_1:inst|Phase_Trans[0][18]    ; Stuck at VCC due to stuck port data_in                     ;
; Data_for_register_1:inst|Phase_Trans[0][19]    ; Stuck at VCC due to stuck port data_in                     ;
; Data_for_register_1:inst|Phase_Trans[0][20]    ; Stuck at VCC due to stuck port data_in                     ;
; Data_for_register_1:inst|Phase_Trans[0][21]    ; Stuck at VCC due to stuck port data_in                     ;
; Data_for_register_1:inst|Phase_Trans[0][22]    ; Stuck at VCC due to stuck port data_in                     ;
; Data_for_register_1:inst|Phase_Trans[0][23]    ; Stuck at VCC due to stuck port data_in                     ;
; Data_for_register_1:inst|Phase_Trans[0][24]    ; Stuck at VCC due to stuck port data_in                     ;
; Data_for_register_1:inst|Phase_Trans[0][25]    ; Stuck at VCC due to stuck port data_in                     ;
; Data_for_register_1:inst|Phase_Trans[0][26]    ; Stuck at VCC due to stuck port data_in                     ;
; Data_for_register_1:inst|Phase_Trans[0][27]    ; Stuck at VCC due to stuck port data_in                     ;
; Data_for_register_1:inst|Phase_Trans[0][28]    ; Stuck at VCC due to stuck port data_in                     ;
; Data_for_register_1:inst|Phase_Trans[0][29]    ; Stuck at VCC due to stuck port data_in                     ;
; Data_for_register_1:inst|Phase_Trans[0][30]    ; Stuck at VCC due to stuck port data_in                     ;
; Data_for_register_1:inst|Phase_Trans[0][31]    ; Stuck at VCC due to stuck port data_in                     ;
; Data_for_register_1:inst|Phase_register[31][1] ; Stuck at GND due to stuck port data_in                     ;
; Data_for_register_1:inst|Phase_register[31][2] ; Stuck at GND due to stuck port data_in                     ;
; Data_for_register_1:inst|Phase_register[31][3] ; Stuck at GND due to stuck port data_in                     ;
; Data_for_register_1:inst|Phase_register[31][4] ; Stuck at GND due to stuck port data_in                     ;
; Data_for_register_1:inst|Phase_register[31][5] ; Stuck at GND due to stuck port data_in                     ;
; Data_for_register_1:inst|Phase_register[31][6] ; Stuck at GND due to stuck port data_in                     ;
; Data_for_register_1:inst|Phase_register[30][2] ; Stuck at GND due to stuck port data_in                     ;
; Data_for_register_1:inst|Phase_register[30][3] ; Stuck at GND due to stuck port data_in                     ;
; Data_for_register_1:inst|Phase_register[30][4] ; Stuck at GND due to stuck port data_in                     ;
; Data_for_register_1:inst|Phase_register[30][5] ; Stuck at GND due to stuck port data_in                     ;
; Data_for_register_1:inst|Phase_register[30][6] ; Stuck at GND due to stuck port data_in                     ;
; Data_for_register_1:inst|Phase_register[29][2] ; Stuck at GND due to stuck port data_in                     ;
; Data_for_register_1:inst|Phase_register[29][3] ; Stuck at GND due to stuck port data_in                     ;
; Data_for_register_1:inst|Phase_register[29][4] ; Stuck at GND due to stuck port data_in                     ;
; Data_for_register_1:inst|Phase_register[29][5] ; Stuck at GND due to stuck port data_in                     ;
; Data_for_register_1:inst|Phase_register[29][6] ; Stuck at GND due to stuck port data_in                     ;
; Data_for_register_1:inst|Phase_register[28][3] ; Stuck at GND due to stuck port data_in                     ;
; Data_for_register_1:inst|Phase_register[28][4] ; Stuck at GND due to stuck port data_in                     ;
; Data_for_register_1:inst|Phase_register[28][5] ; Stuck at GND due to stuck port data_in                     ;
; Data_for_register_1:inst|Phase_register[28][6] ; Stuck at GND due to stuck port data_in                     ;
; Data_for_register_1:inst|Phase_register[27][3] ; Stuck at GND due to stuck port data_in                     ;
; Data_for_register_1:inst|Phase_register[27][4] ; Stuck at GND due to stuck port data_in                     ;
; Data_for_register_1:inst|Phase_register[27][5] ; Stuck at GND due to stuck port data_in                     ;
; Data_for_register_1:inst|Phase_register[27][6] ; Stuck at GND due to stuck port data_in                     ;
; Data_for_register_1:inst|Phase_register[26][3] ; Stuck at GND due to stuck port data_in                     ;
; Data_for_register_1:inst|Phase_register[26][4] ; Stuck at GND due to stuck port data_in                     ;
; Data_for_register_1:inst|Phase_register[26][5] ; Stuck at GND due to stuck port data_in                     ;
; Data_for_register_1:inst|Phase_register[26][6] ; Stuck at GND due to stuck port data_in                     ;
; Data_for_register_1:inst|Phase_register[25][3] ; Stuck at GND due to stuck port data_in                     ;
; Data_for_register_1:inst|Phase_register[25][4] ; Stuck at GND due to stuck port data_in                     ;
; Data_for_register_1:inst|Phase_register[25][5] ; Stuck at GND due to stuck port data_in                     ;
; Data_for_register_1:inst|Phase_register[25][6] ; Stuck at GND due to stuck port data_in                     ;
; Data_for_register_1:inst|Phase_register[24][4] ; Stuck at GND due to stuck port data_in                     ;
; Data_for_register_1:inst|Phase_register[24][5] ; Stuck at GND due to stuck port data_in                     ;
; Data_for_register_1:inst|Phase_register[24][6] ; Stuck at GND due to stuck port data_in                     ;
; Data_for_register_1:inst|Phase_register[23][4] ; Stuck at GND due to stuck port data_in                     ;
; Data_for_register_1:inst|Phase_register[23][5] ; Stuck at GND due to stuck port data_in                     ;
; Data_for_register_1:inst|Phase_register[23][6] ; Stuck at GND due to stuck port data_in                     ;
; Data_for_register_1:inst|Phase_register[22][4] ; Stuck at GND due to stuck port data_in                     ;
; Data_for_register_1:inst|Phase_register[22][5] ; Stuck at GND due to stuck port data_in                     ;
; Data_for_register_1:inst|Phase_register[22][6] ; Stuck at GND due to stuck port data_in                     ;
; Data_for_register_1:inst|Phase_register[21][5] ; Stuck at GND due to stuck port data_in                     ;
; Data_for_register_1:inst|Phase_register[21][6] ; Stuck at GND due to stuck port data_in                     ;
; Data_for_register_1:inst|Phase_register[20][5] ; Stuck at GND due to stuck port data_in                     ;
; Data_for_register_1:inst|Phase_register[20][6] ; Stuck at GND due to stuck port data_in                     ;
; Data_for_register_1:inst|Phase_register[19][5] ; Stuck at GND due to stuck port data_in                     ;
; Data_for_register_1:inst|Phase_register[19][6] ; Stuck at GND due to stuck port data_in                     ;
; Data_for_register_1:inst|Phase_register[18][6] ; Stuck at GND due to stuck port data_in                     ;
; Data_for_register_1:inst|Phase_register[17][6] ; Stuck at GND due to stuck port data_in                     ;
; Data_for_register_1:inst|Phase_register[15][0] ; Stuck at GND due to stuck port data_in                     ;
; Data_for_register_1:inst|Phase_register[15][7] ; Stuck at GND due to stuck port data_in                     ;
; Data_for_register_1:inst|Phase_register[14][0] ; Stuck at GND due to stuck port data_in                     ;
; Data_for_register_1:inst|Phase_register[14][1] ; Stuck at GND due to stuck port data_in                     ;
; Data_for_register_1:inst|Phase_register[14][7] ; Stuck at GND due to stuck port data_in                     ;
; Data_for_register_1:inst|Phase_register[13][0] ; Stuck at GND due to stuck port data_in                     ;
; Data_for_register_1:inst|Phase_register[13][1] ; Stuck at GND due to stuck port data_in                     ;
; Data_for_register_1:inst|Phase_register[13][7] ; Stuck at GND due to stuck port data_in                     ;
; Data_for_register_1:inst|Phase_register[12][0] ; Stuck at GND due to stuck port data_in                     ;
; Data_for_register_1:inst|Phase_register[12][1] ; Stuck at GND due to stuck port data_in                     ;
; Data_for_register_1:inst|Phase_register[12][2] ; Stuck at GND due to stuck port data_in                     ;
; Data_for_register_1:inst|Phase_register[12][7] ; Stuck at GND due to stuck port data_in                     ;
; Data_for_register_1:inst|Phase_register[11][0] ; Stuck at GND due to stuck port data_in                     ;
; Data_for_register_1:inst|Phase_register[11][1] ; Stuck at GND due to stuck port data_in                     ;
; Data_for_register_1:inst|Phase_register[11][2] ; Stuck at GND due to stuck port data_in                     ;
; Data_for_register_1:inst|Phase_register[11][7] ; Stuck at GND due to stuck port data_in                     ;
; Data_for_register_1:inst|Phase_register[10][0] ; Stuck at GND due to stuck port data_in                     ;
; Data_for_register_1:inst|Phase_register[10][1] ; Stuck at GND due to stuck port data_in                     ;
; Data_for_register_1:inst|Phase_register[10][2] ; Stuck at GND due to stuck port data_in                     ;
; Data_for_register_1:inst|Phase_register[10][7] ; Stuck at GND due to stuck port data_in                     ;
; Data_for_register_1:inst|Phase_register[9][0]  ; Stuck at GND due to stuck port data_in                     ;
; Data_for_register_1:inst|Phase_register[9][1]  ; Stuck at GND due to stuck port data_in                     ;
; Data_for_register_1:inst|Phase_register[9][2]  ; Stuck at GND due to stuck port data_in                     ;
; Data_for_register_1:inst|Phase_register[9][7]  ; Stuck at GND due to stuck port data_in                     ;
; Data_for_register_1:inst|Phase_register[8][0]  ; Stuck at GND due to stuck port data_in                     ;
; Data_for_register_1:inst|Phase_register[8][1]  ; Stuck at GND due to stuck port data_in                     ;
; Data_for_register_1:inst|Phase_register[8][2]  ; Stuck at GND due to stuck port data_in                     ;
; Data_for_register_1:inst|Phase_register[8][3]  ; Stuck at GND due to stuck port data_in                     ;
; Data_for_register_1:inst|Phase_register[8][7]  ; Stuck at GND due to stuck port data_in                     ;
; Data_for_register_1:inst|Phase_register[7][0]  ; Stuck at GND due to stuck port data_in                     ;
; Data_for_register_1:inst|Phase_register[7][1]  ; Stuck at GND due to stuck port data_in                     ;
; Data_for_register_1:inst|Phase_register[7][2]  ; Stuck at GND due to stuck port data_in                     ;
; Data_for_register_1:inst|Phase_register[7][3]  ; Stuck at GND due to stuck port data_in                     ;
; Data_for_register_1:inst|Phase_register[7][7]  ; Stuck at GND due to stuck port data_in                     ;
; Data_for_register_1:inst|Phase_register[6][0]  ; Stuck at GND due to stuck port data_in                     ;
; Data_for_register_1:inst|Phase_register[6][1]  ; Stuck at GND due to stuck port data_in                     ;
; Data_for_register_1:inst|Phase_register[6][2]  ; Stuck at GND due to stuck port data_in                     ;
; Data_for_register_1:inst|Phase_register[6][3]  ; Stuck at GND due to stuck port data_in                     ;
; Data_for_register_1:inst|Phase_register[6][7]  ; Stuck at GND due to stuck port data_in                     ;
; Data_for_register_1:inst|Phase_register[5][0]  ; Stuck at GND due to stuck port data_in                     ;
; Data_for_register_1:inst|Phase_register[5][1]  ; Stuck at GND due to stuck port data_in                     ;
; Data_for_register_1:inst|Phase_register[5][2]  ; Stuck at GND due to stuck port data_in                     ;
; Data_for_register_1:inst|Phase_register[5][3]  ; Stuck at GND due to stuck port data_in                     ;
; Data_for_register_1:inst|Phase_register[5][4]  ; Stuck at GND due to stuck port data_in                     ;
; Data_for_register_1:inst|Phase_register[5][7]  ; Stuck at GND due to stuck port data_in                     ;
; Data_for_register_1:inst|Phase_register[4][0]  ; Stuck at GND due to stuck port data_in                     ;
; Data_for_register_1:inst|Phase_register[4][1]  ; Stuck at GND due to stuck port data_in                     ;
; Data_for_register_1:inst|Phase_register[4][2]  ; Stuck at GND due to stuck port data_in                     ;
; Data_for_register_1:inst|Phase_register[4][3]  ; Stuck at GND due to stuck port data_in                     ;
; Data_for_register_1:inst|Phase_register[4][4]  ; Stuck at GND due to stuck port data_in                     ;
; Data_for_register_1:inst|Phase_register[4][7]  ; Stuck at GND due to stuck port data_in                     ;
; Data_for_register_1:inst|Phase_register[3][0]  ; Stuck at GND due to stuck port data_in                     ;
; Data_for_register_1:inst|Phase_register[3][1]  ; Stuck at GND due to stuck port data_in                     ;
; Data_for_register_1:inst|Phase_register[3][2]  ; Stuck at GND due to stuck port data_in                     ;
; Data_for_register_1:inst|Phase_register[3][3]  ; Stuck at GND due to stuck port data_in                     ;
; Data_for_register_1:inst|Phase_register[3][4]  ; Stuck at GND due to stuck port data_in                     ;
; Data_for_register_1:inst|Phase_register[3][7]  ; Stuck at GND due to stuck port data_in                     ;
; Data_for_register_1:inst|Phase_register[2][0]  ; Stuck at GND due to stuck port data_in                     ;
; Data_for_register_1:inst|Phase_register[2][1]  ; Stuck at GND due to stuck port data_in                     ;
; Data_for_register_1:inst|Phase_register[2][2]  ; Stuck at GND due to stuck port data_in                     ;
; Data_for_register_1:inst|Phase_register[2][3]  ; Stuck at GND due to stuck port data_in                     ;
; Data_for_register_1:inst|Phase_register[2][4]  ; Stuck at GND due to stuck port data_in                     ;
; Data_for_register_1:inst|Phase_register[2][5]  ; Stuck at GND due to stuck port data_in                     ;
; Data_for_register_1:inst|Phase_register[2][7]  ; Stuck at GND due to stuck port data_in                     ;
; Data_for_register_1:inst|Phase_register[1][0]  ; Stuck at GND due to stuck port data_in                     ;
; Data_for_register_1:inst|Phase_register[1][1]  ; Stuck at GND due to stuck port data_in                     ;
; Data_for_register_1:inst|Phase_register[1][2]  ; Stuck at GND due to stuck port data_in                     ;
; Data_for_register_1:inst|Phase_register[1][3]  ; Stuck at GND due to stuck port data_in                     ;
; Data_for_register_1:inst|Phase_register[1][4]  ; Stuck at GND due to stuck port data_in                     ;
; Data_for_register_1:inst|Phase_register[1][5]  ; Stuck at GND due to stuck port data_in                     ;
; Data_for_register_1:inst|Phase_register[1][7]  ; Stuck at GND due to stuck port data_in                     ;
; Data_for_register_1:inst|Phase_register[0][0]  ; Stuck at GND due to stuck port data_in                     ;
; Data_for_register_1:inst|Phase_register[0][1]  ; Stuck at GND due to stuck port data_in                     ;
; Data_for_register_1:inst|Phase_register[0][2]  ; Stuck at GND due to stuck port data_in                     ;
; Data_for_register_1:inst|Phase_register[0][3]  ; Stuck at GND due to stuck port data_in                     ;
; Data_for_register_1:inst|Phase_register[0][4]  ; Stuck at GND due to stuck port data_in                     ;
; Data_for_register_1:inst|Phase_register[0][5]  ; Stuck at GND due to stuck port data_in                     ;
; Data_for_register_1:inst|Phase_register[0][6]  ; Stuck at GND due to stuck port data_in                     ;
; Data_for_register_1:inst|current_byte[7]       ; Merged with Data_for_register_1:inst|current_byte[0]       ;
; Data_for_register_1:inst|Phase_register[10][4] ; Merged with Data_for_register_1:inst|Phase_register[10][3] ;
; Data_for_register_1:inst|Phase_register[10][5] ; Merged with Data_for_register_1:inst|Phase_register[10][3] ;
; Data_for_register_1:inst|Phase_register[10][6] ; Merged with Data_for_register_1:inst|Phase_register[10][3] ;
; Data_for_register_1:inst|Phase_register[11][3] ; Merged with Data_for_register_1:inst|Phase_register[10][3] ;
; Data_for_register_1:inst|Phase_register[11][4] ; Merged with Data_for_register_1:inst|Phase_register[10][3] ;
; Data_for_register_1:inst|Phase_register[11][5] ; Merged with Data_for_register_1:inst|Phase_register[10][3] ;
; Data_for_register_1:inst|Phase_register[11][6] ; Merged with Data_for_register_1:inst|Phase_register[10][3] ;
; Data_for_register_1:inst|Phase_register[12][3] ; Merged with Data_for_register_1:inst|Phase_register[10][3] ;
; Data_for_register_1:inst|Phase_register[12][4] ; Merged with Data_for_register_1:inst|Phase_register[10][3] ;
; Data_for_register_1:inst|Phase_register[12][5] ; Merged with Data_for_register_1:inst|Phase_register[10][3] ;
; Data_for_register_1:inst|Phase_register[12][6] ; Merged with Data_for_register_1:inst|Phase_register[10][3] ;
; Data_for_register_1:inst|Phase_register[13][2] ; Merged with Data_for_register_1:inst|Phase_register[10][3] ;
; Data_for_register_1:inst|Phase_register[13][3] ; Merged with Data_for_register_1:inst|Phase_register[10][3] ;
; Data_for_register_1:inst|Phase_register[13][4] ; Merged with Data_for_register_1:inst|Phase_register[10][3] ;
; Data_for_register_1:inst|Phase_register[13][5] ; Merged with Data_for_register_1:inst|Phase_register[10][3] ;
; Data_for_register_1:inst|Phase_register[13][6] ; Merged with Data_for_register_1:inst|Phase_register[10][3] ;
; Data_for_register_1:inst|Phase_register[14][2] ; Merged with Data_for_register_1:inst|Phase_register[10][3] ;
; Data_for_register_1:inst|Phase_register[14][3] ; Merged with Data_for_register_1:inst|Phase_register[10][3] ;
; Data_for_register_1:inst|Phase_register[14][4] ; Merged with Data_for_register_1:inst|Phase_register[10][3] ;
; Data_for_register_1:inst|Phase_register[14][5] ; Merged with Data_for_register_1:inst|Phase_register[10][3] ;
; Data_for_register_1:inst|Phase_register[14][6] ; Merged with Data_for_register_1:inst|Phase_register[10][3] ;
; Data_for_register_1:inst|Phase_register[15][1] ; Merged with Data_for_register_1:inst|Phase_register[10][3] ;
; Data_for_register_1:inst|Phase_register[15][2] ; Merged with Data_for_register_1:inst|Phase_register[10][3] ;
; Data_for_register_1:inst|Phase_register[15][3] ; Merged with Data_for_register_1:inst|Phase_register[10][3] ;
; Data_for_register_1:inst|Phase_register[15][4] ; Merged with Data_for_register_1:inst|Phase_register[10][3] ;
; Data_for_register_1:inst|Phase_register[15][5] ; Merged with Data_for_register_1:inst|Phase_register[10][3] ;
; Data_for_register_1:inst|Phase_register[15][6] ; Merged with Data_for_register_1:inst|Phase_register[10][3] ;
; Data_for_register_1:inst|Phase_register[16][0] ; Merged with Data_for_register_1:inst|Phase_register[10][3] ;
; Data_for_register_1:inst|Phase_register[16][1] ; Merged with Data_for_register_1:inst|Phase_register[10][3] ;
; Data_for_register_1:inst|Phase_register[16][2] ; Merged with Data_for_register_1:inst|Phase_register[10][3] ;
; Data_for_register_1:inst|Phase_register[16][3] ; Merged with Data_for_register_1:inst|Phase_register[10][3] ;
; Data_for_register_1:inst|Phase_register[16][4] ; Merged with Data_for_register_1:inst|Phase_register[10][3] ;
; Data_for_register_1:inst|Phase_register[16][5] ; Merged with Data_for_register_1:inst|Phase_register[10][3] ;
; Data_for_register_1:inst|Phase_register[16][6] ; Merged with Data_for_register_1:inst|Phase_register[10][3] ;
; Data_for_register_1:inst|Phase_register[16][7] ; Merged with Data_for_register_1:inst|Phase_register[10][3] ;
; Data_for_register_1:inst|Phase_register[17][0] ; Merged with Data_for_register_1:inst|Phase_register[10][3] ;
; Data_for_register_1:inst|Phase_register[17][1] ; Merged with Data_for_register_1:inst|Phase_register[10][3] ;
; Data_for_register_1:inst|Phase_register[17][2] ; Merged with Data_for_register_1:inst|Phase_register[10][3] ;
; Data_for_register_1:inst|Phase_register[17][3] ; Merged with Data_for_register_1:inst|Phase_register[10][3] ;
; Data_for_register_1:inst|Phase_register[17][4] ; Merged with Data_for_register_1:inst|Phase_register[10][3] ;
; Data_for_register_1:inst|Phase_register[17][5] ; Merged with Data_for_register_1:inst|Phase_register[10][3] ;
; Data_for_register_1:inst|Phase_register[17][7] ; Merged with Data_for_register_1:inst|Phase_register[10][3] ;
; Data_for_register_1:inst|Phase_register[18][0] ; Merged with Data_for_register_1:inst|Phase_register[10][3] ;
; Data_for_register_1:inst|Phase_register[18][1] ; Merged with Data_for_register_1:inst|Phase_register[10][3] ;
; Data_for_register_1:inst|Phase_register[18][2] ; Merged with Data_for_register_1:inst|Phase_register[10][3] ;
; Data_for_register_1:inst|Phase_register[18][3] ; Merged with Data_for_register_1:inst|Phase_register[10][3] ;
; Data_for_register_1:inst|Phase_register[18][4] ; Merged with Data_for_register_1:inst|Phase_register[10][3] ;
; Data_for_register_1:inst|Phase_register[18][5] ; Merged with Data_for_register_1:inst|Phase_register[10][3] ;
; Data_for_register_1:inst|Phase_register[18][7] ; Merged with Data_for_register_1:inst|Phase_register[10][3] ;
; Data_for_register_1:inst|Phase_register[19][0] ; Merged with Data_for_register_1:inst|Phase_register[10][3] ;
; Data_for_register_1:inst|Phase_register[19][1] ; Merged with Data_for_register_1:inst|Phase_register[10][3] ;
; Data_for_register_1:inst|Phase_register[19][2] ; Merged with Data_for_register_1:inst|Phase_register[10][3] ;
; Data_for_register_1:inst|Phase_register[19][3] ; Merged with Data_for_register_1:inst|Phase_register[10][3] ;
; Data_for_register_1:inst|Phase_register[19][4] ; Merged with Data_for_register_1:inst|Phase_register[10][3] ;
; Data_for_register_1:inst|Phase_register[19][7] ; Merged with Data_for_register_1:inst|Phase_register[10][3] ;
; Data_for_register_1:inst|Phase_register[1][6]  ; Merged with Data_for_register_1:inst|Phase_register[10][3] ;
; Data_for_register_1:inst|Phase_register[20][0] ; Merged with Data_for_register_1:inst|Phase_register[10][3] ;
; Data_for_register_1:inst|Phase_register[20][1] ; Merged with Data_for_register_1:inst|Phase_register[10][3] ;
; Data_for_register_1:inst|Phase_register[20][2] ; Merged with Data_for_register_1:inst|Phase_register[10][3] ;
; Data_for_register_1:inst|Phase_register[20][3] ; Merged with Data_for_register_1:inst|Phase_register[10][3] ;
; Data_for_register_1:inst|Phase_register[20][4] ; Merged with Data_for_register_1:inst|Phase_register[10][3] ;
; Data_for_register_1:inst|Phase_register[20][7] ; Merged with Data_for_register_1:inst|Phase_register[10][3] ;
; Data_for_register_1:inst|Phase_register[21][0] ; Merged with Data_for_register_1:inst|Phase_register[10][3] ;
; Data_for_register_1:inst|Phase_register[21][1] ; Merged with Data_for_register_1:inst|Phase_register[10][3] ;
; Data_for_register_1:inst|Phase_register[21][2] ; Merged with Data_for_register_1:inst|Phase_register[10][3] ;
; Data_for_register_1:inst|Phase_register[21][3] ; Merged with Data_for_register_1:inst|Phase_register[10][3] ;
; Data_for_register_1:inst|Phase_register[21][4] ; Merged with Data_for_register_1:inst|Phase_register[10][3] ;
; Data_for_register_1:inst|Phase_register[21][7] ; Merged with Data_for_register_1:inst|Phase_register[10][3] ;
; Data_for_register_1:inst|Phase_register[22][0] ; Merged with Data_for_register_1:inst|Phase_register[10][3] ;
; Data_for_register_1:inst|Phase_register[22][1] ; Merged with Data_for_register_1:inst|Phase_register[10][3] ;
; Data_for_register_1:inst|Phase_register[22][2] ; Merged with Data_for_register_1:inst|Phase_register[10][3] ;
; Data_for_register_1:inst|Phase_register[22][3] ; Merged with Data_for_register_1:inst|Phase_register[10][3] ;
; Data_for_register_1:inst|Phase_register[22][7] ; Merged with Data_for_register_1:inst|Phase_register[10][3] ;
; Data_for_register_1:inst|Phase_register[23][0] ; Merged with Data_for_register_1:inst|Phase_register[10][3] ;
; Data_for_register_1:inst|Phase_register[23][1] ; Merged with Data_for_register_1:inst|Phase_register[10][3] ;
; Data_for_register_1:inst|Phase_register[23][2] ; Merged with Data_for_register_1:inst|Phase_register[10][3] ;
; Data_for_register_1:inst|Phase_register[23][3] ; Merged with Data_for_register_1:inst|Phase_register[10][3] ;
; Data_for_register_1:inst|Phase_register[23][7] ; Merged with Data_for_register_1:inst|Phase_register[10][3] ;
; Data_for_register_1:inst|Phase_register[24][0] ; Merged with Data_for_register_1:inst|Phase_register[10][3] ;
; Data_for_register_1:inst|Phase_register[24][1] ; Merged with Data_for_register_1:inst|Phase_register[10][3] ;
; Data_for_register_1:inst|Phase_register[24][2] ; Merged with Data_for_register_1:inst|Phase_register[10][3] ;
; Data_for_register_1:inst|Phase_register[24][3] ; Merged with Data_for_register_1:inst|Phase_register[10][3] ;
; Data_for_register_1:inst|Phase_register[24][7] ; Merged with Data_for_register_1:inst|Phase_register[10][3] ;
; Data_for_register_1:inst|Phase_register[25][0] ; Merged with Data_for_register_1:inst|Phase_register[10][3] ;
; Data_for_register_1:inst|Phase_register[25][1] ; Merged with Data_for_register_1:inst|Phase_register[10][3] ;
; Data_for_register_1:inst|Phase_register[25][2] ; Merged with Data_for_register_1:inst|Phase_register[10][3] ;
; Data_for_register_1:inst|Phase_register[25][7] ; Merged with Data_for_register_1:inst|Phase_register[10][3] ;
; Data_for_register_1:inst|Phase_register[26][0] ; Merged with Data_for_register_1:inst|Phase_register[10][3] ;
; Data_for_register_1:inst|Phase_register[26][1] ; Merged with Data_for_register_1:inst|Phase_register[10][3] ;
; Data_for_register_1:inst|Phase_register[26][2] ; Merged with Data_for_register_1:inst|Phase_register[10][3] ;
; Data_for_register_1:inst|Phase_register[26][7] ; Merged with Data_for_register_1:inst|Phase_register[10][3] ;
; Data_for_register_1:inst|Phase_register[27][0] ; Merged with Data_for_register_1:inst|Phase_register[10][3] ;
; Data_for_register_1:inst|Phase_register[27][1] ; Merged with Data_for_register_1:inst|Phase_register[10][3] ;
; Data_for_register_1:inst|Phase_register[27][2] ; Merged with Data_for_register_1:inst|Phase_register[10][3] ;
; Data_for_register_1:inst|Phase_register[27][7] ; Merged with Data_for_register_1:inst|Phase_register[10][3] ;
; Data_for_register_1:inst|Phase_register[28][0] ; Merged with Data_for_register_1:inst|Phase_register[10][3] ;
; Data_for_register_1:inst|Phase_register[28][1] ; Merged with Data_for_register_1:inst|Phase_register[10][3] ;
; Data_for_register_1:inst|Phase_register[28][2] ; Merged with Data_for_register_1:inst|Phase_register[10][3] ;
; Data_for_register_1:inst|Phase_register[28][7] ; Merged with Data_for_register_1:inst|Phase_register[10][3] ;
; Data_for_register_1:inst|Phase_register[29][0] ; Merged with Data_for_register_1:inst|Phase_register[10][3] ;
; Data_for_register_1:inst|Phase_register[29][1] ; Merged with Data_for_register_1:inst|Phase_register[10][3] ;
; Data_for_register_1:inst|Phase_register[29][7] ; Merged with Data_for_register_1:inst|Phase_register[10][3] ;
; Data_for_register_1:inst|Phase_register[2][6]  ; Merged with Data_for_register_1:inst|Phase_register[10][3] ;
; Data_for_register_1:inst|Phase_register[30][0] ; Merged with Data_for_register_1:inst|Phase_register[10][3] ;
; Data_for_register_1:inst|Phase_register[30][1] ; Merged with Data_for_register_1:inst|Phase_register[10][3] ;
; Data_for_register_1:inst|Phase_register[30][7] ; Merged with Data_for_register_1:inst|Phase_register[10][3] ;
; Data_for_register_1:inst|Phase_register[31][0] ; Merged with Data_for_register_1:inst|Phase_register[10][3] ;
; Data_for_register_1:inst|Phase_register[31][7] ; Merged with Data_for_register_1:inst|Phase_register[10][3] ;
; Data_for_register_1:inst|Phase_register[3][5]  ; Merged with Data_for_register_1:inst|Phase_register[10][3] ;
; Data_for_register_1:inst|Phase_register[3][6]  ; Merged with Data_for_register_1:inst|Phase_register[10][3] ;
; Data_for_register_1:inst|Phase_register[4][5]  ; Merged with Data_for_register_1:inst|Phase_register[10][3] ;
; Data_for_register_1:inst|Phase_register[4][6]  ; Merged with Data_for_register_1:inst|Phase_register[10][3] ;
; Data_for_register_1:inst|Phase_register[5][5]  ; Merged with Data_for_register_1:inst|Phase_register[10][3] ;
; Data_for_register_1:inst|Phase_register[5][6]  ; Merged with Data_for_register_1:inst|Phase_register[10][3] ;
; Data_for_register_1:inst|Phase_register[6][4]  ; Merged with Data_for_register_1:inst|Phase_register[10][3] ;
; Data_for_register_1:inst|Phase_register[6][5]  ; Merged with Data_for_register_1:inst|Phase_register[10][3] ;
; Data_for_register_1:inst|Phase_register[6][6]  ; Merged with Data_for_register_1:inst|Phase_register[10][3] ;
; Data_for_register_1:inst|Phase_register[7][4]  ; Merged with Data_for_register_1:inst|Phase_register[10][3] ;
; Data_for_register_1:inst|Phase_register[7][5]  ; Merged with Data_for_register_1:inst|Phase_register[10][3] ;
; Data_for_register_1:inst|Phase_register[7][6]  ; Merged with Data_for_register_1:inst|Phase_register[10][3] ;
; Data_for_register_1:inst|Phase_register[8][4]  ; Merged with Data_for_register_1:inst|Phase_register[10][3] ;
; Data_for_register_1:inst|Phase_register[8][5]  ; Merged with Data_for_register_1:inst|Phase_register[10][3] ;
; Data_for_register_1:inst|Phase_register[8][6]  ; Merged with Data_for_register_1:inst|Phase_register[10][3] ;
; Data_for_register_1:inst|Phase_register[9][3]  ; Merged with Data_for_register_1:inst|Phase_register[10][3] ;
; Data_for_register_1:inst|Phase_register[9][4]  ; Merged with Data_for_register_1:inst|Phase_register[10][3] ;
; Data_for_register_1:inst|Phase_register[9][5]  ; Merged with Data_for_register_1:inst|Phase_register[10][3] ;
; Data_for_register_1:inst|Phase_register[9][6]  ; Merged with Data_for_register_1:inst|Phase_register[10][3] ;
; Total Number of Removed Registers = 512        ;                                                            ;
+------------------------------------------------+------------------------------------------------------------+


+--------------------------------------------------------------------------------------------------------------------------+
; Removed Registers Triggering Further Register Optimizations                                                              ;
+---------------------------------------------+---------------------------+------------------------------------------------+
; Register name                               ; Reason for Removal        ; Registers Removed due to This Register         ;
+---------------------------------------------+---------------------------+------------------------------------------------+
; Data_for_register_1:inst|Phase_Trans[7][0]  ; Stuck at GND              ; Data_for_register_1:inst|Phase_register[0][7]  ;
;                                             ; due to stuck port data_in ;                                                ;
; Data_for_register_1:inst|Phase_Trans[7][1]  ; Stuck at GND              ; Data_for_register_1:inst|Phase_register[1][7]  ;
;                                             ; due to stuck port data_in ;                                                ;
; Data_for_register_1:inst|Phase_Trans[7][2]  ; Stuck at GND              ; Data_for_register_1:inst|Phase_register[2][7]  ;
;                                             ; due to stuck port data_in ;                                                ;
; Data_for_register_1:inst|Phase_Trans[7][3]  ; Stuck at GND              ; Data_for_register_1:inst|Phase_register[3][7]  ;
;                                             ; due to stuck port data_in ;                                                ;
; Data_for_register_1:inst|Phase_Trans[7][4]  ; Stuck at GND              ; Data_for_register_1:inst|Phase_register[4][7]  ;
;                                             ; due to stuck port data_in ;                                                ;
; Data_for_register_1:inst|Phase_Trans[7][5]  ; Stuck at GND              ; Data_for_register_1:inst|Phase_register[5][7]  ;
;                                             ; due to stuck port data_in ;                                                ;
; Data_for_register_1:inst|Phase_Trans[7][6]  ; Stuck at GND              ; Data_for_register_1:inst|Phase_register[6][7]  ;
;                                             ; due to stuck port data_in ;                                                ;
; Data_for_register_1:inst|Phase_Trans[7][7]  ; Stuck at GND              ; Data_for_register_1:inst|Phase_register[7][7]  ;
;                                             ; due to stuck port data_in ;                                                ;
; Data_for_register_1:inst|Phase_Trans[7][8]  ; Stuck at GND              ; Data_for_register_1:inst|Phase_register[8][7]  ;
;                                             ; due to stuck port data_in ;                                                ;
; Data_for_register_1:inst|Phase_Trans[7][9]  ; Stuck at GND              ; Data_for_register_1:inst|Phase_register[9][7]  ;
;                                             ; due to stuck port data_in ;                                                ;
; Data_for_register_1:inst|Phase_Trans[7][10] ; Stuck at GND              ; Data_for_register_1:inst|Phase_register[10][7] ;
;                                             ; due to stuck port data_in ;                                                ;
; Data_for_register_1:inst|Phase_Trans[7][11] ; Stuck at GND              ; Data_for_register_1:inst|Phase_register[11][7] ;
;                                             ; due to stuck port data_in ;                                                ;
; Data_for_register_1:inst|Phase_Trans[7][12] ; Stuck at GND              ; Data_for_register_1:inst|Phase_register[12][7] ;
;                                             ; due to stuck port data_in ;                                                ;
; Data_for_register_1:inst|Phase_Trans[7][13] ; Stuck at GND              ; Data_for_register_1:inst|Phase_register[13][7] ;
;                                             ; due to stuck port data_in ;                                                ;
; Data_for_register_1:inst|Phase_Trans[7][14] ; Stuck at GND              ; Data_for_register_1:inst|Phase_register[14][7] ;
;                                             ; due to stuck port data_in ;                                                ;
; Data_for_register_1:inst|Phase_Trans[7][15] ; Stuck at GND              ; Data_for_register_1:inst|Phase_register[15][7] ;
;                                             ; due to stuck port data_in ;                                                ;
; Data_for_register_1:inst|Phase_Trans[6][0]  ; Stuck at GND              ; Data_for_register_1:inst|Phase_register[0][6]  ;
;                                             ; due to stuck port data_in ;                                                ;
; Data_for_register_1:inst|Phase_Trans[6][17] ; Stuck at GND              ; Data_for_register_1:inst|Phase_register[17][6] ;
;                                             ; due to stuck port data_in ;                                                ;
; Data_for_register_1:inst|Phase_Trans[6][18] ; Stuck at GND              ; Data_for_register_1:inst|Phase_register[18][6] ;
;                                             ; due to stuck port data_in ;                                                ;
; Data_for_register_1:inst|Phase_Trans[6][19] ; Stuck at GND              ; Data_for_register_1:inst|Phase_register[19][6] ;
;                                             ; due to stuck port data_in ;                                                ;
; Data_for_register_1:inst|Phase_Trans[6][20] ; Stuck at GND              ; Data_for_register_1:inst|Phase_register[20][6] ;
;                                             ; due to stuck port data_in ;                                                ;
; Data_for_register_1:inst|Phase_Trans[6][21] ; Stuck at GND              ; Data_for_register_1:inst|Phase_register[21][6] ;
;                                             ; due to stuck port data_in ;                                                ;
; Data_for_register_1:inst|Phase_Trans[6][22] ; Stuck at GND              ; Data_for_register_1:inst|Phase_register[22][6] ;
;                                             ; due to stuck port data_in ;                                                ;
; Data_for_register_1:inst|Phase_Trans[6][23] ; Stuck at GND              ; Data_for_register_1:inst|Phase_register[23][6] ;
;                                             ; due to stuck port data_in ;                                                ;
; Data_for_register_1:inst|Phase_Trans[6][24] ; Stuck at GND              ; Data_for_register_1:inst|Phase_register[24][6] ;
;                                             ; due to stuck port data_in ;                                                ;
; Data_for_register_1:inst|Phase_Trans[6][25] ; Stuck at GND              ; Data_for_register_1:inst|Phase_register[25][6] ;
;                                             ; due to stuck port data_in ;                                                ;
; Data_for_register_1:inst|Phase_Trans[6][26] ; Stuck at GND              ; Data_for_register_1:inst|Phase_register[26][6] ;
;                                             ; due to stuck port data_in ;                                                ;
; Data_for_register_1:inst|Phase_Trans[6][27] ; Stuck at GND              ; Data_for_register_1:inst|Phase_register[27][6] ;
;                                             ; due to stuck port data_in ;                                                ;
; Data_for_register_1:inst|Phase_Trans[6][28] ; Stuck at GND              ; Data_for_register_1:inst|Phase_register[28][6] ;
;                                             ; due to stuck port data_in ;                                                ;
; Data_for_register_1:inst|Phase_Trans[6][29] ; Stuck at GND              ; Data_for_register_1:inst|Phase_register[29][6] ;
;                                             ; due to stuck port data_in ;                                                ;
; Data_for_register_1:inst|Phase_Trans[6][30] ; Stuck at GND              ; Data_for_register_1:inst|Phase_register[30][6] ;
;                                             ; due to stuck port data_in ;                                                ;
; Data_for_register_1:inst|Phase_Trans[6][31] ; Stuck at GND              ; Data_for_register_1:inst|Phase_register[31][6] ;
;                                             ; due to stuck port data_in ;                                                ;
; Data_for_register_1:inst|Phase_Trans[5][0]  ; Stuck at GND              ; Data_for_register_1:inst|Phase_register[0][5]  ;
;                                             ; due to stuck port data_in ;                                                ;
; Data_for_register_1:inst|Phase_Trans[5][1]  ; Stuck at GND              ; Data_for_register_1:inst|Phase_register[1][5]  ;
;                                             ; due to stuck port data_in ;                                                ;
; Data_for_register_1:inst|Phase_Trans[5][2]  ; Stuck at GND              ; Data_for_register_1:inst|Phase_register[2][5]  ;
;                                             ; due to stuck port data_in ;                                                ;
; Data_for_register_1:inst|Phase_Trans[5][19] ; Stuck at GND              ; Data_for_register_1:inst|Phase_register[19][5] ;
;                                             ; due to stuck port data_in ;                                                ;
; Data_for_register_1:inst|Phase_Trans[5][20] ; Stuck at GND              ; Data_for_register_1:inst|Phase_register[20][5] ;
;                                             ; due to stuck port data_in ;                                                ;
; Data_for_register_1:inst|Phase_Trans[5][21] ; Stuck at GND              ; Data_for_register_1:inst|Phase_register[21][5] ;
;                                             ; due to stuck port data_in ;                                                ;
; Data_for_register_1:inst|Phase_Trans[5][22] ; Stuck at GND              ; Data_for_register_1:inst|Phase_register[22][5] ;
;                                             ; due to stuck port data_in ;                                                ;
; Data_for_register_1:inst|Phase_Trans[5][23] ; Stuck at GND              ; Data_for_register_1:inst|Phase_register[23][5] ;
;                                             ; due to stuck port data_in ;                                                ;
; Data_for_register_1:inst|Phase_Trans[5][24] ; Stuck at GND              ; Data_for_register_1:inst|Phase_register[24][5] ;
;                                             ; due to stuck port data_in ;                                                ;
; Data_for_register_1:inst|Phase_Trans[5][25] ; Stuck at GND              ; Data_for_register_1:inst|Phase_register[25][5] ;
;                                             ; due to stuck port data_in ;                                                ;
; Data_for_register_1:inst|Phase_Trans[5][26] ; Stuck at GND              ; Data_for_register_1:inst|Phase_register[26][5] ;
;                                             ; due to stuck port data_in ;                                                ;
; Data_for_register_1:inst|Phase_Trans[5][27] ; Stuck at GND              ; Data_for_register_1:inst|Phase_register[27][5] ;
;                                             ; due to stuck port data_in ;                                                ;
; Data_for_register_1:inst|Phase_Trans[5][28] ; Stuck at GND              ; Data_for_register_1:inst|Phase_register[28][5] ;
;                                             ; due to stuck port data_in ;                                                ;
; Data_for_register_1:inst|Phase_Trans[5][29] ; Stuck at GND              ; Data_for_register_1:inst|Phase_register[29][5] ;
;                                             ; due to stuck port data_in ;                                                ;
; Data_for_register_1:inst|Phase_Trans[5][30] ; Stuck at GND              ; Data_for_register_1:inst|Phase_register[30][5] ;
;                                             ; due to stuck port data_in ;                                                ;
; Data_for_register_1:inst|Phase_Trans[5][31] ; Stuck at GND              ; Data_for_register_1:inst|Phase_register[31][5] ;
;                                             ; due to stuck port data_in ;                                                ;
; Data_for_register_1:inst|Phase_Trans[4][0]  ; Stuck at GND              ; Data_for_register_1:inst|Phase_register[0][4]  ;
;                                             ; due to stuck port data_in ;                                                ;
; Data_for_register_1:inst|Phase_Trans[4][1]  ; Stuck at GND              ; Data_for_register_1:inst|Phase_register[1][4]  ;
;                                             ; due to stuck port data_in ;                                                ;
; Data_for_register_1:inst|Phase_Trans[4][2]  ; Stuck at GND              ; Data_for_register_1:inst|Phase_register[2][4]  ;
;                                             ; due to stuck port data_in ;                                                ;
; Data_for_register_1:inst|Phase_Trans[4][3]  ; Stuck at GND              ; Data_for_register_1:inst|Phase_register[3][4]  ;
;                                             ; due to stuck port data_in ;                                                ;
; Data_for_register_1:inst|Phase_Trans[4][4]  ; Stuck at GND              ; Data_for_register_1:inst|Phase_register[4][4]  ;
;                                             ; due to stuck port data_in ;                                                ;
; Data_for_register_1:inst|Phase_Trans[4][5]  ; Stuck at GND              ; Data_for_register_1:inst|Phase_register[5][4]  ;
;                                             ; due to stuck port data_in ;                                                ;
; Data_for_register_1:inst|Phase_Trans[4][22] ; Stuck at GND              ; Data_for_register_1:inst|Phase_register[22][4] ;
;                                             ; due to stuck port data_in ;                                                ;
; Data_for_register_1:inst|Phase_Trans[4][23] ; Stuck at GND              ; Data_for_register_1:inst|Phase_register[23][4] ;
;                                             ; due to stuck port data_in ;                                                ;
; Data_for_register_1:inst|Phase_Trans[4][24] ; Stuck at GND              ; Data_for_register_1:inst|Phase_register[24][4] ;
;                                             ; due to stuck port data_in ;                                                ;
; Data_for_register_1:inst|Phase_Trans[4][25] ; Stuck at GND              ; Data_for_register_1:inst|Phase_register[25][4] ;
;                                             ; due to stuck port data_in ;                                                ;
; Data_for_register_1:inst|Phase_Trans[4][26] ; Stuck at GND              ; Data_for_register_1:inst|Phase_register[26][4] ;
;                                             ; due to stuck port data_in ;                                                ;
; Data_for_register_1:inst|Phase_Trans[4][27] ; Stuck at GND              ; Data_for_register_1:inst|Phase_register[27][4] ;
;                                             ; due to stuck port data_in ;                                                ;
; Data_for_register_1:inst|Phase_Trans[4][28] ; Stuck at GND              ; Data_for_register_1:inst|Phase_register[28][4] ;
;                                             ; due to stuck port data_in ;                                                ;
; Data_for_register_1:inst|Phase_Trans[4][29] ; Stuck at GND              ; Data_for_register_1:inst|Phase_register[29][4] ;
;                                             ; due to stuck port data_in ;                                                ;
; Data_for_register_1:inst|Phase_Trans[4][30] ; Stuck at GND              ; Data_for_register_1:inst|Phase_register[30][4] ;
;                                             ; due to stuck port data_in ;                                                ;
; Data_for_register_1:inst|Phase_Trans[4][31] ; Stuck at GND              ; Data_for_register_1:inst|Phase_register[31][4] ;
;                                             ; due to stuck port data_in ;                                                ;
; Data_for_register_1:inst|Phase_Trans[3][0]  ; Stuck at GND              ; Data_for_register_1:inst|Phase_register[0][3]  ;
;                                             ; due to stuck port data_in ;                                                ;
; Data_for_register_1:inst|Phase_Trans[3][1]  ; Stuck at GND              ; Data_for_register_1:inst|Phase_register[1][3]  ;
;                                             ; due to stuck port data_in ;                                                ;
; Data_for_register_1:inst|Phase_Trans[3][2]  ; Stuck at GND              ; Data_for_register_1:inst|Phase_register[2][3]  ;
;                                             ; due to stuck port data_in ;                                                ;
; Data_for_register_1:inst|Phase_Trans[3][3]  ; Stuck at GND              ; Data_for_register_1:inst|Phase_register[3][3]  ;
;                                             ; due to stuck port data_in ;                                                ;
; Data_for_register_1:inst|Phase_Trans[3][4]  ; Stuck at GND              ; Data_for_register_1:inst|Phase_register[4][3]  ;
;                                             ; due to stuck port data_in ;                                                ;
; Data_for_register_1:inst|Phase_Trans[3][5]  ; Stuck at GND              ; Data_for_register_1:inst|Phase_register[5][3]  ;
;                                             ; due to stuck port data_in ;                                                ;
; Data_for_register_1:inst|Phase_Trans[3][6]  ; Stuck at GND              ; Data_for_register_1:inst|Phase_register[6][3]  ;
;                                             ; due to stuck port data_in ;                                                ;
; Data_for_register_1:inst|Phase_Trans[3][7]  ; Stuck at GND              ; Data_for_register_1:inst|Phase_register[7][3]  ;
;                                             ; due to stuck port data_in ;                                                ;
; Data_for_register_1:inst|Phase_Trans[3][8]  ; Stuck at GND              ; Data_for_register_1:inst|Phase_register[8][3]  ;
;                                             ; due to stuck port data_in ;                                                ;
; Data_for_register_1:inst|Phase_Trans[3][25] ; Stuck at GND              ; Data_for_register_1:inst|Phase_register[25][3] ;
;                                             ; due to stuck port data_in ;                                                ;
; Data_for_register_1:inst|Phase_Trans[3][26] ; Stuck at GND              ; Data_for_register_1:inst|Phase_register[26][3] ;
;                                             ; due to stuck port data_in ;                                                ;
; Data_for_register_1:inst|Phase_Trans[3][27] ; Stuck at GND              ; Data_for_register_1:inst|Phase_register[27][3] ;
;                                             ; due to stuck port data_in ;                                                ;
; Data_for_register_1:inst|Phase_Trans[3][28] ; Stuck at GND              ; Data_for_register_1:inst|Phase_register[28][3] ;
;                                             ; due to stuck port data_in ;                                                ;
; Data_for_register_1:inst|Phase_Trans[3][29] ; Stuck at GND              ; Data_for_register_1:inst|Phase_register[29][3] ;
;                                             ; due to stuck port data_in ;                                                ;
; Data_for_register_1:inst|Phase_Trans[3][30] ; Stuck at GND              ; Data_for_register_1:inst|Phase_register[30][3] ;
;                                             ; due to stuck port data_in ;                                                ;
; Data_for_register_1:inst|Phase_Trans[3][31] ; Stuck at GND              ; Data_for_register_1:inst|Phase_register[31][3] ;
;                                             ; due to stuck port data_in ;                                                ;
; Data_for_register_1:inst|Phase_Trans[2][0]  ; Stuck at GND              ; Data_for_register_1:inst|Phase_register[0][2]  ;
;                                             ; due to stuck port data_in ;                                                ;
; Data_for_register_1:inst|Phase_Trans[2][1]  ; Stuck at GND              ; Data_for_register_1:inst|Phase_register[1][2]  ;
;                                             ; due to stuck port data_in ;                                                ;
; Data_for_register_1:inst|Phase_Trans[2][2]  ; Stuck at GND              ; Data_for_register_1:inst|Phase_register[2][2]  ;
;                                             ; due to stuck port data_in ;                                                ;
; Data_for_register_1:inst|Phase_Trans[2][3]  ; Stuck at GND              ; Data_for_register_1:inst|Phase_register[3][2]  ;
;                                             ; due to stuck port data_in ;                                                ;
; Data_for_register_1:inst|Phase_Trans[2][4]  ; Stuck at GND              ; Data_for_register_1:inst|Phase_register[4][2]  ;
;                                             ; due to stuck port data_in ;                                                ;
; Data_for_register_1:inst|Phase_Trans[2][5]  ; Stuck at GND              ; Data_for_register_1:inst|Phase_register[5][2]  ;
;                                             ; due to stuck port data_in ;                                                ;
; Data_for_register_1:inst|Phase_Trans[2][6]  ; Stuck at GND              ; Data_for_register_1:inst|Phase_register[6][2]  ;
;                                             ; due to stuck port data_in ;                                                ;
; Data_for_register_1:inst|Phase_Trans[2][7]  ; Stuck at GND              ; Data_for_register_1:inst|Phase_register[7][2]  ;
;                                             ; due to stuck port data_in ;                                                ;
; Data_for_register_1:inst|Phase_Trans[2][8]  ; Stuck at GND              ; Data_for_register_1:inst|Phase_register[8][2]  ;
;                                             ; due to stuck port data_in ;                                                ;
; Data_for_register_1:inst|Phase_Trans[2][9]  ; Stuck at GND              ; Data_for_register_1:inst|Phase_register[9][2]  ;
;                                             ; due to stuck port data_in ;                                                ;
; Data_for_register_1:inst|Phase_Trans[2][10] ; Stuck at GND              ; Data_for_register_1:inst|Phase_register[10][2] ;
;                                             ; due to stuck port data_in ;                                                ;
; Data_for_register_1:inst|Phase_Trans[2][11] ; Stuck at GND              ; Data_for_register_1:inst|Phase_register[11][2] ;
;                                             ; due to stuck port data_in ;                                                ;
; Data_for_register_1:inst|Phase_Trans[2][12] ; Stuck at GND              ; Data_for_register_1:inst|Phase_register[12][2] ;
;                                             ; due to stuck port data_in ;                                                ;
; Data_for_register_1:inst|Phase_Trans[2][29] ; Stuck at GND              ; Data_for_register_1:inst|Phase_register[29][2] ;
;                                             ; due to stuck port data_in ;                                                ;
; Data_for_register_1:inst|Phase_Trans[2][30] ; Stuck at GND              ; Data_for_register_1:inst|Phase_register[30][2] ;
;                                             ; due to stuck port data_in ;                                                ;
; Data_for_register_1:inst|Phase_Trans[2][31] ; Stuck at GND              ; Data_for_register_1:inst|Phase_register[31][2] ;
;                                             ; due to stuck port data_in ;                                                ;
; Data_for_register_1:inst|Phase_Trans[1][0]  ; Stuck at GND              ; Data_for_register_1:inst|Phase_register[0][1]  ;
;                                             ; due to stuck port data_in ;                                                ;
; Data_for_register_1:inst|Phase_Trans[1][1]  ; Stuck at GND              ; Data_for_register_1:inst|Phase_register[1][1]  ;
;                                             ; due to stuck port data_in ;                                                ;
; Data_for_register_1:inst|Phase_Trans[1][2]  ; Stuck at GND              ; Data_for_register_1:inst|Phase_register[2][1]  ;
;                                             ; due to stuck port data_in ;                                                ;
; Data_for_register_1:inst|Phase_Trans[1][3]  ; Stuck at GND              ; Data_for_register_1:inst|Phase_register[3][1]  ;
;                                             ; due to stuck port data_in ;                                                ;
; Data_for_register_1:inst|Phase_Trans[1][4]  ; Stuck at GND              ; Data_for_register_1:inst|Phase_register[4][1]  ;
;                                             ; due to stuck port data_in ;                                                ;
; Data_for_register_1:inst|Phase_Trans[1][5]  ; Stuck at GND              ; Data_for_register_1:inst|Phase_register[5][1]  ;
;                                             ; due to stuck port data_in ;                                                ;
; Data_for_register_1:inst|Phase_Trans[1][6]  ; Stuck at GND              ; Data_for_register_1:inst|Phase_register[6][1]  ;
;                                             ; due to stuck port data_in ;                                                ;
; Data_for_register_1:inst|Phase_Trans[1][7]  ; Stuck at GND              ; Data_for_register_1:inst|Phase_register[7][1]  ;
;                                             ; due to stuck port data_in ;                                                ;
; Data_for_register_1:inst|Phase_Trans[1][8]  ; Stuck at GND              ; Data_for_register_1:inst|Phase_register[8][1]  ;
;                                             ; due to stuck port data_in ;                                                ;
; Data_for_register_1:inst|Phase_Trans[1][9]  ; Stuck at GND              ; Data_for_register_1:inst|Phase_register[9][1]  ;
;                                             ; due to stuck port data_in ;                                                ;
; Data_for_register_1:inst|Phase_Trans[1][10] ; Stuck at GND              ; Data_for_register_1:inst|Phase_register[10][1] ;
;                                             ; due to stuck port data_in ;                                                ;
; Data_for_register_1:inst|Phase_Trans[1][11] ; Stuck at GND              ; Data_for_register_1:inst|Phase_register[11][1] ;
;                                             ; due to stuck port data_in ;                                                ;
; Data_for_register_1:inst|Phase_Trans[1][12] ; Stuck at GND              ; Data_for_register_1:inst|Phase_register[12][1] ;
;                                             ; due to stuck port data_in ;                                                ;
; Data_for_register_1:inst|Phase_Trans[1][13] ; Stuck at GND              ; Data_for_register_1:inst|Phase_register[13][1] ;
;                                             ; due to stuck port data_in ;                                                ;
; Data_for_register_1:inst|Phase_Trans[1][14] ; Stuck at GND              ; Data_for_register_1:inst|Phase_register[14][1] ;
;                                             ; due to stuck port data_in ;                                                ;
; Data_for_register_1:inst|Phase_Trans[1][31] ; Stuck at GND              ; Data_for_register_1:inst|Phase_register[31][1] ;
;                                             ; due to stuck port data_in ;                                                ;
; Data_for_register_1:inst|Phase_Trans[0][0]  ; Stuck at GND              ; Data_for_register_1:inst|Phase_register[0][0]  ;
;                                             ; due to stuck port data_in ;                                                ;
; Data_for_register_1:inst|Phase_Trans[0][1]  ; Stuck at GND              ; Data_for_register_1:inst|Phase_register[1][0]  ;
;                                             ; due to stuck port data_in ;                                                ;
; Data_for_register_1:inst|Phase_Trans[0][2]  ; Stuck at GND              ; Data_for_register_1:inst|Phase_register[2][0]  ;
;                                             ; due to stuck port data_in ;                                                ;
; Data_for_register_1:inst|Phase_Trans[0][3]  ; Stuck at GND              ; Data_for_register_1:inst|Phase_register[3][0]  ;
;                                             ; due to stuck port data_in ;                                                ;
; Data_for_register_1:inst|Phase_Trans[0][4]  ; Stuck at GND              ; Data_for_register_1:inst|Phase_register[4][0]  ;
;                                             ; due to stuck port data_in ;                                                ;
; Data_for_register_1:inst|Phase_Trans[0][5]  ; Stuck at GND              ; Data_for_register_1:inst|Phase_register[5][0]  ;
;                                             ; due to stuck port data_in ;                                                ;
; Data_for_register_1:inst|Phase_Trans[0][6]  ; Stuck at GND              ; Data_for_register_1:inst|Phase_register[6][0]  ;
;                                             ; due to stuck port data_in ;                                                ;
; Data_for_register_1:inst|Phase_Trans[0][7]  ; Stuck at GND              ; Data_for_register_1:inst|Phase_register[7][0]  ;
;                                             ; due to stuck port data_in ;                                                ;
; Data_for_register_1:inst|Phase_Trans[0][8]  ; Stuck at GND              ; Data_for_register_1:inst|Phase_register[8][0]  ;
;                                             ; due to stuck port data_in ;                                                ;
; Data_for_register_1:inst|Phase_Trans[0][9]  ; Stuck at GND              ; Data_for_register_1:inst|Phase_register[9][0]  ;
;                                             ; due to stuck port data_in ;                                                ;
; Data_for_register_1:inst|Phase_Trans[0][10] ; Stuck at GND              ; Data_for_register_1:inst|Phase_register[10][0] ;
;                                             ; due to stuck port data_in ;                                                ;
; Data_for_register_1:inst|Phase_Trans[0][11] ; Stuck at GND              ; Data_for_register_1:inst|Phase_register[11][0] ;
;                                             ; due to stuck port data_in ;                                                ;
; Data_for_register_1:inst|Phase_Trans[0][12] ; Stuck at GND              ; Data_for_register_1:inst|Phase_register[12][0] ;
;                                             ; due to stuck port data_in ;                                                ;
; Data_for_register_1:inst|Phase_Trans[0][13] ; Stuck at GND              ; Data_for_register_1:inst|Phase_register[13][0] ;
;                                             ; due to stuck port data_in ;                                                ;
; Data_for_register_1:inst|Phase_Trans[0][14] ; Stuck at GND              ; Data_for_register_1:inst|Phase_register[14][0] ;
;                                             ; due to stuck port data_in ;                                                ;
; Data_for_register_1:inst|Phase_Trans[0][15] ; Stuck at GND              ; Data_for_register_1:inst|Phase_register[15][0] ;
;                                             ; due to stuck port data_in ;                                                ;
+---------------------------------------------+---------------------------+------------------------------------------------+


+------------------------------------------------------+
; General Register Statistics                          ;
+----------------------------------------------+-------+
; Statistic                                    ; Value ;
+----------------------------------------------+-------+
; Total registers                              ; 17    ;
; Number of registers using Synchronous Clear  ; 0     ;
; Number of registers using Synchronous Load   ; 0     ;
; Number of registers using Asynchronous Clear ; 0     ;
; Number of registers using Asynchronous Load  ; 0     ;
; Number of registers using Clock Enable       ; 5     ;
; Number of registers using Preset             ; 0     ;
+----------------------------------------------+-------+


+----------------------------------------------------------------------------------------+
; Parameter Settings for User Entity Instance: Masterclock:inst1|altpll:altpll_component ;
+-------------------------------+-------------------------------+------------------------+
; Parameter Name                ; Value                         ; Type                   ;
+-------------------------------+-------------------------------+------------------------+
; OPERATION_MODE                ; NORMAL                        ; Untyped                ;
; PLL_TYPE                      ; AUTO                          ; Untyped                ;
; LPM_HINT                      ; CBX_MODULE_PREFIX=Masterclock ; Untyped                ;
; QUALIFY_CONF_DONE             ; OFF                           ; Untyped                ;
; COMPENSATE_CLOCK              ; CLK0                          ; Untyped                ;
; SCAN_CHAIN                    ; LONG                          ; Untyped                ;
; PRIMARY_CLOCK                 ; INCLK0                        ; Untyped                ;
; INCLK0_INPUT_FREQUENCY        ; 20000                         ; Signed Integer         ;
; INCLK1_INPUT_FREQUENCY        ; 0                             ; Untyped                ;
; GATE_LOCK_SIGNAL              ; NO                            ; Untyped                ;
; GATE_LOCK_COUNTER             ; 0                             ; Untyped                ;
; LOCK_HIGH                     ; 1                             ; Untyped                ;
; LOCK_LOW                      ; 1                             ; Untyped                ;
; VALID_LOCK_MULTIPLIER         ; 1                             ; Untyped                ;
; INVALID_LOCK_MULTIPLIER       ; 5                             ; Untyped                ;
; SWITCH_OVER_ON_LOSSCLK        ; OFF                           ; Untyped                ;
; SWITCH_OVER_ON_GATED_LOCK     ; OFF                           ; Untyped                ;
; ENABLE_SWITCH_OVER_COUNTER    ; OFF                           ; Untyped                ;
; SKIP_VCO                      ; OFF                           ; Untyped                ;
; SWITCH_OVER_COUNTER           ; 0                             ; Untyped                ;
; SWITCH_OVER_TYPE              ; AUTO                          ; Untyped                ;
; FEEDBACK_SOURCE               ; EXTCLK0                       ; Untyped                ;
; BANDWIDTH                     ; 0                             ; Untyped                ;
; BANDWIDTH_TYPE                ; AUTO                          ; Untyped                ;
; SPREAD_FREQUENCY              ; 0                             ; Untyped                ;
; DOWN_SPREAD                   ; 0                             ; Untyped                ;
; SELF_RESET_ON_GATED_LOSS_LOCK ; OFF                           ; Untyped                ;
; SELF_RESET_ON_LOSS_LOCK       ; OFF                           ; Untyped                ;
; CLK9_MULTIPLY_BY              ; 0                             ; Untyped                ;
; CLK8_MULTIPLY_BY              ; 0                             ; Untyped                ;
; CLK7_MULTIPLY_BY              ; 0                             ; Untyped                ;
; CLK6_MULTIPLY_BY              ; 0                             ; Untyped                ;
; CLK5_MULTIPLY_BY              ; 1                             ; Untyped                ;
; CLK4_MULTIPLY_BY              ; 1                             ; Untyped                ;
; CLK3_MULTIPLY_BY              ; 1                             ; Untyped                ;
; CLK2_MULTIPLY_BY              ; 1                             ; Untyped                ;
; CLK1_MULTIPLY_BY              ; 16                            ; Signed Integer         ;
; CLK0_MULTIPLY_BY              ; 128                           ; Signed Integer         ;
; CLK9_DIVIDE_BY                ; 0                             ; Untyped                ;
; CLK8_DIVIDE_BY                ; 0                             ; Untyped                ;
; CLK7_DIVIDE_BY                ; 0                             ; Untyped                ;
; CLK6_DIVIDE_BY                ; 0                             ; Untyped                ;
; CLK5_DIVIDE_BY                ; 1                             ; Untyped                ;
; CLK4_DIVIDE_BY                ; 1                             ; Untyped                ;
; CLK3_DIVIDE_BY                ; 1                             ; Untyped                ;
; CLK2_DIVIDE_BY                ; 1                             ; Untyped                ;
; CLK1_DIVIDE_BY                ; 625                           ; Signed Integer         ;
; CLK0_DIVIDE_BY                ; 625                           ; Signed Integer         ;
; CLK9_PHASE_SHIFT              ; 0                             ; Untyped                ;
; CLK8_PHASE_SHIFT              ; 0                             ; Untyped                ;
; CLK7_PHASE_SHIFT              ; 0                             ; Untyped                ;
; CLK6_PHASE_SHIFT              ; 0                             ; Untyped                ;
; CLK5_PHASE_SHIFT              ; 0                             ; Untyped                ;
; CLK4_PHASE_SHIFT              ; 0                             ; Untyped                ;
; CLK3_PHASE_SHIFT              ; 0                             ; Untyped                ;
; CLK2_PHASE_SHIFT              ; 0                             ; Untyped                ;
; CLK1_PHASE_SHIFT              ; 0                             ; Untyped                ;
; CLK0_PHASE_SHIFT              ; 0                             ; Untyped                ;
; CLK5_TIME_DELAY               ; 0                             ; Untyped                ;
; CLK4_TIME_DELAY               ; 0                             ; Untyped                ;
; CLK3_TIME_DELAY               ; 0                             ; Untyped                ;
; CLK2_TIME_DELAY               ; 0                             ; Untyped                ;
; CLK1_TIME_DELAY               ; 0                             ; Untyped                ;
; CLK0_TIME_DELAY               ; 0                             ; Untyped                ;
; CLK9_DUTY_CYCLE               ; 50                            ; Untyped                ;
; CLK8_DUTY_CYCLE               ; 50                            ; Untyped                ;
; CLK7_DUTY_CYCLE               ; 50                            ; Untyped                ;
; CLK6_DUTY_CYCLE               ; 50                            ; Untyped                ;
; CLK5_DUTY_CYCLE               ; 50                            ; Untyped                ;
; CLK4_DUTY_CYCLE               ; 50                            ; Untyped                ;
; CLK3_DUTY_CYCLE               ; 50                            ; Untyped                ;
; CLK2_DUTY_CYCLE               ; 50                            ; Untyped                ;
; CLK1_DUTY_CYCLE               ; 50                            ; Signed Integer         ;
; CLK0_DUTY_CYCLE               ; 50                            ; Signed Integer         ;
; CLK9_USE_EVEN_COUNTER_MODE    ; OFF                           ; Untyped                ;
; CLK8_USE_EVEN_COUNTER_MODE    ; OFF                           ; Untyped                ;
; CLK7_USE_EVEN_COUNTER_MODE    ; OFF                           ; Untyped                ;
; CLK6_USE_EVEN_COUNTER_MODE    ; OFF                           ; Untyped                ;
; CLK5_USE_EVEN_COUNTER_MODE    ; OFF                           ; Untyped                ;
; CLK4_USE_EVEN_COUNTER_MODE    ; OFF                           ; Untyped                ;
; CLK3_USE_EVEN_COUNTER_MODE    ; OFF                           ; Untyped                ;
; CLK2_USE_EVEN_COUNTER_MODE    ; OFF                           ; Untyped                ;
; CLK1_USE_EVEN_COUNTER_MODE    ; OFF                           ; Untyped                ;
; CLK0_USE_EVEN_COUNTER_MODE    ; OFF                           ; Untyped                ;
; CLK9_USE_EVEN_COUNTER_VALUE   ; OFF                           ; Untyped                ;
; CLK8_USE_EVEN_COUNTER_VALUE   ; OFF                           ; Untyped                ;
; CLK7_USE_EVEN_COUNTER_VALUE   ; OFF                           ; Untyped                ;
; CLK6_USE_EVEN_COUNTER_VALUE   ; OFF                           ; Untyped                ;
; CLK5_USE_EVEN_COUNTER_VALUE   ; OFF                           ; Untyped                ;
; CLK4_USE_EVEN_COUNTER_VALUE   ; OFF                           ; Untyped                ;
; CLK3_USE_EVEN_COUNTER_VALUE   ; OFF                           ; Untyped                ;
; CLK2_USE_EVEN_COUNTER_VALUE   ; OFF                           ; Untyped                ;
; CLK1_USE_EVEN_COUNTER_VALUE   ; OFF                           ; Untyped                ;
; CLK0_USE_EVEN_COUNTER_VALUE   ; OFF                           ; Untyped                ;
; LOCK_WINDOW_UI                ;  0.05                         ; Untyped                ;
; LOCK_WINDOW_UI_BITS           ; UNUSED                        ; Untyped                ;
; VCO_RANGE_DETECTOR_LOW_BITS   ; UNUSED                        ; Untyped                ;
; VCO_RANGE_DETECTOR_HIGH_BITS  ; UNUSED                        ; Untyped                ;
; DPA_MULTIPLY_BY               ; 0                             ; Untyped                ;
; DPA_DIVIDE_BY                 ; 1                             ; Untyped                ;
; DPA_DIVIDER                   ; 0                             ; Untyped                ;
; EXTCLK3_MULTIPLY_BY           ; 1                             ; Untyped                ;
; EXTCLK2_MULTIPLY_BY           ; 1                             ; Untyped                ;
; EXTCLK1_MULTIPLY_BY           ; 1                             ; Untyped                ;
; EXTCLK0_MULTIPLY_BY           ; 1                             ; Untyped                ;
; EXTCLK3_DIVIDE_BY             ; 1                             ; Untyped                ;
; EXTCLK2_DIVIDE_BY             ; 1                             ; Untyped                ;
; EXTCLK1_DIVIDE_BY             ; 1                             ; Untyped                ;
; EXTCLK0_DIVIDE_BY             ; 1                             ; Untyped                ;
; EXTCLK3_PHASE_SHIFT           ; 0                             ; Untyped                ;
; EXTCLK2_PHASE_SHIFT           ; 0                             ; Untyped                ;
; EXTCLK1_PHASE_SHIFT           ; 0                             ; Untyped                ;
; EXTCLK0_PHASE_SHIFT           ; 0                             ; Untyped                ;
; EXTCLK3_TIME_DELAY            ; 0                             ; Untyped                ;
; EXTCLK2_TIME_DELAY            ; 0                             ; Untyped                ;
; EXTCLK1_TIME_DELAY            ; 0                             ; Untyped                ;
; EXTCLK0_TIME_DELAY            ; 0                             ; Untyped                ;
; EXTCLK3_DUTY_CYCLE            ; 50                            ; Untyped                ;
; EXTCLK2_DUTY_CYCLE            ; 50                            ; Untyped                ;
; EXTCLK1_DUTY_CYCLE            ; 50                            ; Untyped                ;
; EXTCLK0_DUTY_CYCLE            ; 50                            ; Untyped                ;
; VCO_MULTIPLY_BY               ; 0                             ; Untyped                ;
; VCO_DIVIDE_BY                 ; 0                             ; Untyped                ;
; SCLKOUT0_PHASE_SHIFT          ; 0                             ; Untyped                ;
; SCLKOUT1_PHASE_SHIFT          ; 0                             ; Untyped                ;
; VCO_MIN                       ; 0                             ; Untyped                ;
; VCO_MAX                       ; 0                             ; Untyped                ;
; VCO_CENTER                    ; 0                             ; Untyped                ;
; PFD_MIN                       ; 0                             ; Untyped                ;
; PFD_MAX                       ; 0                             ; Untyped                ;
; M_INITIAL                     ; 0                             ; Untyped                ;
; M                             ; 0                             ; Untyped                ;
; N                             ; 1                             ; Untyped                ;
; M2                            ; 1                             ; Untyped                ;
; N2                            ; 1                             ; Untyped                ;
; SS                            ; 1                             ; Untyped                ;
; C0_HIGH                       ; 0                             ; Untyped                ;
; C1_HIGH                       ; 0                             ; Untyped                ;
; C2_HIGH                       ; 0                             ; Untyped                ;
; C3_HIGH                       ; 0                             ; Untyped                ;
; C4_HIGH                       ; 0                             ; Untyped                ;
; C5_HIGH                       ; 0                             ; Untyped                ;
; C6_HIGH                       ; 0                             ; Untyped                ;
; C7_HIGH                       ; 0                             ; Untyped                ;
; C8_HIGH                       ; 0                             ; Untyped                ;
; C9_HIGH                       ; 0                             ; Untyped                ;
; C0_LOW                        ; 0                             ; Untyped                ;
; C1_LOW                        ; 0                             ; Untyped                ;
; C2_LOW                        ; 0                             ; Untyped                ;
; C3_LOW                        ; 0                             ; Untyped                ;
; C4_LOW                        ; 0                             ; Untyped                ;
; C5_LOW                        ; 0                             ; Untyped                ;
; C6_LOW                        ; 0                             ; Untyped                ;
; C7_LOW                        ; 0                             ; Untyped                ;
; C8_LOW                        ; 0                             ; Untyped                ;
; C9_LOW                        ; 0                             ; Untyped                ;
; C0_INITIAL                    ; 0                             ; Untyped                ;
; C1_INITIAL                    ; 0                             ; Untyped                ;
; C2_INITIAL                    ; 0                             ; Untyped                ;
; C3_INITIAL                    ; 0                             ; Untyped                ;
; C4_INITIAL                    ; 0                             ; Untyped                ;
; C5_INITIAL                    ; 0                             ; Untyped                ;
; C6_INITIAL                    ; 0                             ; Untyped                ;
; C7_INITIAL                    ; 0                             ; Untyped                ;
; C8_INITIAL                    ; 0                             ; Untyped                ;
; C9_INITIAL                    ; 0                             ; Untyped                ;
; C0_MODE                       ; BYPASS                        ; Untyped                ;
; C1_MODE                       ; BYPASS                        ; Untyped                ;
; C2_MODE                       ; BYPASS                        ; Untyped                ;
; C3_MODE                       ; BYPASS                        ; Untyped                ;
; C4_MODE                       ; BYPASS                        ; Untyped                ;
; C5_MODE                       ; BYPASS                        ; Untyped                ;
; C6_MODE                       ; BYPASS                        ; Untyped                ;
; C7_MODE                       ; BYPASS                        ; Untyped                ;
; C8_MODE                       ; BYPASS                        ; Untyped                ;
; C9_MODE                       ; BYPASS                        ; Untyped                ;
; C0_PH                         ; 0                             ; Untyped                ;
; C1_PH                         ; 0                             ; Untyped                ;
; C2_PH                         ; 0                             ; Untyped                ;
; C3_PH                         ; 0                             ; Untyped                ;
; C4_PH                         ; 0                             ; Untyped                ;
; C5_PH                         ; 0                             ; Untyped                ;
; C6_PH                         ; 0                             ; Untyped                ;
; C7_PH                         ; 0                             ; Untyped                ;
; C8_PH                         ; 0                             ; Untyped                ;
; C9_PH                         ; 0                             ; Untyped                ;
; L0_HIGH                       ; 1                             ; Untyped                ;
; L1_HIGH                       ; 1                             ; Untyped                ;
; G0_HIGH                       ; 1                             ; Untyped                ;
; G1_HIGH                       ; 1                             ; Untyped                ;
; G2_HIGH                       ; 1                             ; Untyped                ;
; G3_HIGH                       ; 1                             ; Untyped                ;
; E0_HIGH                       ; 1                             ; Untyped                ;
; E1_HIGH                       ; 1                             ; Untyped                ;
; E2_HIGH                       ; 1                             ; Untyped                ;
; E3_HIGH                       ; 1                             ; Untyped                ;
; L0_LOW                        ; 1                             ; Untyped                ;
; L1_LOW                        ; 1                             ; Untyped                ;
; G0_LOW                        ; 1                             ; Untyped                ;
; G1_LOW                        ; 1                             ; Untyped                ;
; G2_LOW                        ; 1                             ; Untyped                ;
; G3_LOW                        ; 1                             ; Untyped                ;
; E0_LOW                        ; 1                             ; Untyped                ;
; E1_LOW                        ; 1                             ; Untyped                ;
; E2_LOW                        ; 1                             ; Untyped                ;
; E3_LOW                        ; 1                             ; Untyped                ;
; L0_INITIAL                    ; 1                             ; Untyped                ;
; L1_INITIAL                    ; 1                             ; Untyped                ;
; G0_INITIAL                    ; 1                             ; Untyped                ;
; G1_INITIAL                    ; 1                             ; Untyped                ;
; G2_INITIAL                    ; 1                             ; Untyped                ;
; G3_INITIAL                    ; 1                             ; Untyped                ;
; E0_INITIAL                    ; 1                             ; Untyped                ;
; E1_INITIAL                    ; 1                             ; Untyped                ;
; E2_INITIAL                    ; 1                             ; Untyped                ;
; E3_INITIAL                    ; 1                             ; Untyped                ;
; L0_MODE                       ; BYPASS                        ; Untyped                ;
; L1_MODE                       ; BYPASS                        ; Untyped                ;
; G0_MODE                       ; BYPASS                        ; Untyped                ;
; G1_MODE                       ; BYPASS                        ; Untyped                ;
; G2_MODE                       ; BYPASS                        ; Untyped                ;
; G3_MODE                       ; BYPASS                        ; Untyped                ;
; E0_MODE                       ; BYPASS                        ; Untyped                ;
; E1_MODE                       ; BYPASS                        ; Untyped                ;
; E2_MODE                       ; BYPASS                        ; Untyped                ;
; E3_MODE                       ; BYPASS                        ; Untyped                ;
; L0_PH                         ; 0                             ; Untyped                ;
; L1_PH                         ; 0                             ; Untyped                ;
; G0_PH                         ; 0                             ; Untyped                ;
; G1_PH                         ; 0                             ; Untyped                ;
; G2_PH                         ; 0                             ; Untyped                ;
; G3_PH                         ; 0                             ; Untyped                ;
; E0_PH                         ; 0                             ; Untyped                ;
; E1_PH                         ; 0                             ; Untyped                ;
; E2_PH                         ; 0                             ; Untyped                ;
; E3_PH                         ; 0                             ; Untyped                ;
; M_PH                          ; 0                             ; Untyped                ;
; C1_USE_CASC_IN                ; OFF                           ; Untyped                ;
; C2_USE_CASC_IN                ; OFF                           ; Untyped                ;
; C3_USE_CASC_IN                ; OFF                           ; Untyped                ;
; C4_USE_CASC_IN                ; OFF                           ; Untyped                ;
; C5_USE_CASC_IN                ; OFF                           ; Untyped                ;
; C6_USE_CASC_IN                ; OFF                           ; Untyped                ;
; C7_USE_CASC_IN                ; OFF                           ; Untyped                ;
; C8_USE_CASC_IN                ; OFF                           ; Untyped                ;
; C9_USE_CASC_IN                ; OFF                           ; Untyped                ;
; CLK0_COUNTER                  ; G0                            ; Untyped                ;
; CLK1_COUNTER                  ; G0                            ; Untyped                ;
; CLK2_COUNTER                  ; G0                            ; Untyped                ;
; CLK3_COUNTER                  ; G0                            ; Untyped                ;
; CLK4_COUNTER                  ; G0                            ; Untyped                ;
; CLK5_COUNTER                  ; G0                            ; Untyped                ;
; CLK6_COUNTER                  ; E0                            ; Untyped                ;
; CLK7_COUNTER                  ; E1                            ; Untyped                ;
; CLK8_COUNTER                  ; E2                            ; Untyped                ;
; CLK9_COUNTER                  ; E3                            ; Untyped                ;
; L0_TIME_DELAY                 ; 0                             ; Untyped                ;
; L1_TIME_DELAY                 ; 0                             ; Untyped                ;
; G0_TIME_DELAY                 ; 0                             ; Untyped                ;
; G1_TIME_DELAY                 ; 0                             ; Untyped                ;
; G2_TIME_DELAY                 ; 0                             ; Untyped                ;
; G3_TIME_DELAY                 ; 0                             ; Untyped                ;
; E0_TIME_DELAY                 ; 0                             ; Untyped                ;
; E1_TIME_DELAY                 ; 0                             ; Untyped                ;
; E2_TIME_DELAY                 ; 0                             ; Untyped                ;
; E3_TIME_DELAY                 ; 0                             ; Untyped                ;
; M_TIME_DELAY                  ; 0                             ; Untyped                ;
; N_TIME_DELAY                  ; 0                             ; Untyped                ;
; EXTCLK3_COUNTER               ; E3                            ; Untyped                ;
; EXTCLK2_COUNTER               ; E2                            ; Untyped                ;
; EXTCLK1_COUNTER               ; E1                            ; Untyped                ;
; EXTCLK0_COUNTER               ; E0                            ; Untyped                ;
; ENABLE0_COUNTER               ; L0                            ; Untyped                ;
; ENABLE1_COUNTER               ; L0                            ; Untyped                ;
; CHARGE_PUMP_CURRENT           ; 2                             ; Untyped                ;
; LOOP_FILTER_R                 ;  1.000000                     ; Untyped                ;
; LOOP_FILTER_C                 ; 5                             ; Untyped                ;
; CHARGE_PUMP_CURRENT_BITS      ; 9999                          ; Untyped                ;
; LOOP_FILTER_R_BITS            ; 9999                          ; Untyped                ;
; LOOP_FILTER_C_BITS            ; 9999                          ; Untyped                ;
; VCO_POST_SCALE                ; 0                             ; Untyped                ;
; CLK2_OUTPUT_FREQUENCY         ; 0                             ; Untyped                ;
; CLK1_OUTPUT_FREQUENCY         ; 0                             ; Untyped                ;
; CLK0_OUTPUT_FREQUENCY         ; 0                             ; Untyped                ;
; INTENDED_DEVICE_FAMILY        ; Cyclone IV E                  ; Untyped                ;
; PORT_CLKENA0                  ; PORT_UNUSED                   ; Untyped                ;
; PORT_CLKENA1                  ; PORT_UNUSED                   ; Untyped                ;
; PORT_CLKENA2                  ; PORT_UNUSED                   ; Untyped                ;
; PORT_CLKENA3                  ; PORT_UNUSED                   ; Untyped                ;
; PORT_CLKENA4                  ; PORT_UNUSED                   ; Untyped                ;
; PORT_CLKENA5                  ; PORT_UNUSED                   ; Untyped                ;
; PORT_EXTCLKENA0               ; PORT_CONNECTIVITY             ; Untyped                ;
; PORT_EXTCLKENA1               ; PORT_CONNECTIVITY             ; Untyped                ;
; PORT_EXTCLKENA2               ; PORT_CONNECTIVITY             ; Untyped                ;
; PORT_EXTCLKENA3               ; PORT_CONNECTIVITY             ; Untyped                ;
; PORT_EXTCLK0                  ; PORT_UNUSED                   ; Untyped                ;
; PORT_EXTCLK1                  ; PORT_UNUSED                   ; Untyped                ;
; PORT_EXTCLK2                  ; PORT_UNUSED                   ; Untyped                ;
; PORT_EXTCLK3                  ; PORT_UNUSED                   ; Untyped                ;
; PORT_CLKBAD0                  ; PORT_UNUSED                   ; Untyped                ;
; PORT_CLKBAD1                  ; PORT_UNUSED                   ; Untyped                ;
; PORT_CLK0                     ; PORT_USED                     ; Untyped                ;
; PORT_CLK1                     ; PORT_USED                     ; Untyped                ;
; PORT_CLK2                     ; PORT_UNUSED                   ; Untyped                ;
; PORT_CLK3                     ; PORT_UNUSED                   ; Untyped                ;
; PORT_CLK4                     ; PORT_UNUSED                   ; Untyped                ;
; PORT_CLK5                     ; PORT_UNUSED                   ; Untyped                ;
; PORT_CLK6                     ; PORT_UNUSED                   ; Untyped                ;
; PORT_CLK7                     ; PORT_UNUSED                   ; Untyped                ;
; PORT_CLK8                     ; PORT_UNUSED                   ; Untyped                ;
; PORT_CLK9                     ; PORT_UNUSED                   ; Untyped                ;
; PORT_SCANDATA                 ; PORT_UNUSED                   ; Untyped                ;
; PORT_SCANDATAOUT              ; PORT_UNUSED                   ; Untyped                ;
; PORT_SCANDONE                 ; PORT_UNUSED                   ; Untyped                ;
; PORT_SCLKOUT1                 ; PORT_CONNECTIVITY             ; Untyped                ;
; PORT_SCLKOUT0                 ; PORT_CONNECTIVITY             ; Untyped                ;
; PORT_ACTIVECLOCK              ; PORT_UNUSED                   ; Untyped                ;
; PORT_CLKLOSS                  ; PORT_UNUSED                   ; Untyped                ;
; PORT_INCLK1                   ; PORT_UNUSED                   ; Untyped                ;
; PORT_INCLK0                   ; PORT_USED                     ; Untyped                ;
; PORT_FBIN                     ; PORT_UNUSED                   ; Untyped                ;
; PORT_PLLENA                   ; PORT_UNUSED                   ; Untyped                ;
; PORT_CLKSWITCH                ; PORT_UNUSED                   ; Untyped                ;
; PORT_ARESET                   ; PORT_UNUSED                   ; Untyped                ;
; PORT_PFDENA                   ; PORT_UNUSED                   ; Untyped                ;
; PORT_SCANCLK                  ; PORT_UNUSED                   ; Untyped                ;
; PORT_SCANACLR                 ; PORT_UNUSED                   ; Untyped                ;
; PORT_SCANREAD                 ; PORT_UNUSED                   ; Untyped                ;
; PORT_SCANWRITE                ; PORT_UNUSED                   ; Untyped                ;
; PORT_ENABLE0                  ; PORT_CONNECTIVITY             ; Untyped                ;
; PORT_ENABLE1                  ; PORT_CONNECTIVITY             ; Untyped                ;
; PORT_LOCKED                   ; PORT_UNUSED                   ; Untyped                ;
; PORT_CONFIGUPDATE             ; PORT_UNUSED                   ; Untyped                ;
; PORT_FBOUT                    ; PORT_CONNECTIVITY             ; Untyped                ;
; PORT_PHASEDONE                ; PORT_UNUSED                   ; Untyped                ;
; PORT_PHASESTEP                ; PORT_UNUSED                   ; Untyped                ;
; PORT_PHASEUPDOWN              ; PORT_UNUSED                   ; Untyped                ;
; PORT_SCANCLKENA               ; PORT_UNUSED                   ; Untyped                ;
; PORT_PHASECOUNTERSELECT       ; PORT_UNUSED                   ; Untyped                ;
; PORT_VCOOVERRANGE             ; PORT_CONNECTIVITY             ; Untyped                ;
; PORT_VCOUNDERRANGE            ; PORT_CONNECTIVITY             ; Untyped                ;
; M_TEST_SOURCE                 ; 5                             ; Untyped                ;
; C0_TEST_SOURCE                ; 5                             ; Untyped                ;
; C1_TEST_SOURCE                ; 5                             ; Untyped                ;
; C2_TEST_SOURCE                ; 5                             ; Untyped                ;
; C3_TEST_SOURCE                ; 5                             ; Untyped                ;
; C4_TEST_SOURCE                ; 5                             ; Untyped                ;
; C5_TEST_SOURCE                ; 5                             ; Untyped                ;
; C6_TEST_SOURCE                ; 5                             ; Untyped                ;
; C7_TEST_SOURCE                ; 5                             ; Untyped                ;
; C8_TEST_SOURCE                ; 5                             ; Untyped                ;
; C9_TEST_SOURCE                ; 5                             ; Untyped                ;
; CBXI_PARAMETER                ; Masterclock_altpll            ; Untyped                ;
; VCO_FREQUENCY_CONTROL         ; AUTO                          ; Untyped                ;
; VCO_PHASE_SHIFT_STEP          ; 0                             ; Untyped                ;
; WIDTH_CLOCK                   ; 5                             ; Signed Integer         ;
; WIDTH_PHASECOUNTERSELECT      ; 4                             ; Untyped                ;
; USING_FBMIMICBIDIR_PORT       ; OFF                           ; Untyped                ;
; DEVICE_FAMILY                 ; Cyclone IV E                  ; Untyped                ;
; SCAN_CHAIN_MIF_FILE           ; UNUSED                        ; Untyped                ;
; SIM_GATE_LOCK_DEVICE_BEHAVIOR ; OFF                           ; Untyped                ;
; AUTO_CARRY_CHAINS             ; ON                            ; AUTO_CARRY             ;
; IGNORE_CARRY_BUFFERS          ; OFF                           ; IGNORE_CARRY           ;
; AUTO_CASCADE_CHAINS           ; ON                            ; AUTO_CASCADE           ;
; IGNORE_CASCADE_BUFFERS        ; OFF                           ; IGNORE_CASCADE         ;
+-------------------------------+-------------------------------+------------------------+
Note: In order to hide this table in the UI and the text report file, please set the "Show Parameter Settings in Synthesis Report" option in "Analysis and Synthesis Settings -> More Settings" to "Off".


+---------------------------------------------------------------------------+
; altpll Parameter Settings by Entity Instance                              ;
+-------------------------------+-------------------------------------------+
; Name                          ; Value                                     ;
+-------------------------------+-------------------------------------------+
; Number of entity instances    ; 1                                         ;
; Entity Instance               ; Masterclock:inst1|altpll:altpll_component ;
;     -- OPERATION_MODE         ; NORMAL                                    ;
;     -- PLL_TYPE               ; AUTO                                      ;
;     -- PRIMARY_CLOCK          ; INCLK0                                    ;
;     -- INCLK0_INPUT_FREQUENCY ; 20000                                     ;
;     -- INCLK1_INPUT_FREQUENCY ; 0                                         ;
;     -- VCO_MULTIPLY_BY        ; 0                                         ;
;     -- VCO_DIVIDE_BY          ; 0                                         ;
+-------------------------------+-------------------------------------------+


+-------------------------------+
; Elapsed Time Per Partition    ;
+----------------+--------------+
; Partition Name ; Elapsed Time ;
+----------------+--------------+
; Top            ; 00:00:00     ;
+----------------+--------------+


+-------------------------------+
; Analysis & Synthesis Messages ;
+-------------------------------+
Info: *******************************************************************
Info: Running Quartus II 64-Bit Analysis & Synthesis
    Info: Version 13.1.0 Build 162 10/23/2013 SJ Web Edition
    Info: Processing started: Fri Aug 02 22:17:40 2024
Info: Command: quartus_map --read_settings_files=on --write_settings_files=off Sonicboard -c Sonicboard
Info (11104): Parallel Compilation has detected 12 hyper-threaded processors. However, the extra hyper-threaded processors will not be used by default. Parallel Compilation will use 10 of the 10 physical processors detected instead.
Info (12021): Found 1 design units, including 1 entities, in source file schematic.bdf
    Info (12023): Found entity 1: Schematic
Info (12021): Found 2 design units, including 1 entities, in source file data_for_register_1.vhd
    Info (12022): Found design unit 1: Data_for_register_1-Behavioral
    Info (12023): Found entity 1: Data_for_register_1
Info (12021): Found 2 design units, including 1 entities, in source file masterclock.vhd
    Info (12022): Found design unit 1: masterclock-SYN
    Info (12023): Found entity 1: Masterclock
Warning (12162): EDA synthesis tool is specified as "Custom", but Library Mapping File is not specified
Warning (12163): EDA synthesis tool is specified as "Custom", but VCC is not specified
Warning (12164): EDA synthesis tool is specified as "Custom", but GND is not specified
Info (12127): Elaborating entity "Schematic" for the top level hierarchy
Info (12128): Elaborating entity "Masterclock" for hierarchy "Masterclock:inst1"
Info (12128): Elaborating entity "altpll" for hierarchy "Masterclock:inst1|altpll:altpll_component"
Info (12130): Elaborated megafunction instantiation "Masterclock:inst1|altpll:altpll_component"
Info (12133): Instantiated megafunction "Masterclock:inst1|altpll:altpll_component" with the following parameter:
    Info (12134): Parameter "bandwidth_type" = "AUTO"
    Info (12134): Parameter "clk0_divide_by" = "625"
    Info (12134): Parameter "clk0_duty_cycle" = "50"
    Info (12134): Parameter "clk0_multiply_by" = "128"
    Info (12134): Parameter "clk0_phase_shift" = "0"
    Info (12134): Parameter "clk1_divide_by" = "625"
    Info (12134): Parameter "clk1_duty_cycle" = "50"
    Info (12134): Parameter "clk1_multiply_by" = "16"
    Info (12134): Parameter "clk1_phase_shift" = "0"
    Info (12134): Parameter "compensate_clock" = "CLK0"
    Info (12134): Parameter "inclk0_input_frequency" = "20000"
    Info (12134): Parameter "intended_device_family" = "Cyclone IV E"
    Info (12134): Parameter "lpm_hint" = "CBX_MODULE_PREFIX=Masterclock"
    Info (12134): Parameter "lpm_type" = "altpll"
    Info (12134): Parameter "operation_mode" = "NORMAL"
    Info (12134): Parameter "pll_type" = "AUTO"
    Info (12134): Parameter "port_activeclock" = "PORT_UNUSED"
    Info (12134): Parameter "port_areset" = "PORT_UNUSED"
    Info (12134): Parameter "port_clkbad0" = "PORT_UNUSED"
    Info (12134): Parameter "port_clkbad1" = "PORT_UNUSED"
    Info (12134): Parameter "port_clkloss" = "PORT_UNUSED"
    Info (12134): Parameter "port_clkswitch" = "PORT_UNUSED"
    Info (12134): Parameter "port_configupdate" = "PORT_UNUSED"
    Info (12134): Parameter "port_fbin" = "PORT_UNUSED"
    Info (12134): Parameter "port_inclk0" = "PORT_USED"
    Info (12134): Parameter "port_inclk1" = "PORT_UNUSED"
    Info (12134): Parameter "port_locked" = "PORT_UNUSED"
    Info (12134): Parameter "port_pfdena" = "PORT_UNUSED"
    Info (12134): Parameter "port_phasecounterselect" = "PORT_UNUSED"
    Info (12134): Parameter "port_phasedone" = "PORT_UNUSED"
    Info (12134): Parameter "port_phasestep" = "PORT_UNUSED"
    Info (12134): Parameter "port_phaseupdown" = "PORT_UNUSED"
    Info (12134): Parameter "port_pllena" = "PORT_UNUSED"
    Info (12134): Parameter "port_scanaclr" = "PORT_UNUSED"
    Info (12134): Parameter "port_scanclk" = "PORT_UNUSED"
    Info (12134): Parameter "port_scanclkena" = "PORT_UNUSED"
    Info (12134): Parameter "port_scandata" = "PORT_UNUSED"
    Info (12134): Parameter "port_scandataout" = "PORT_UNUSED"
    Info (12134): Parameter "port_scandone" = "PORT_UNUSED"
    Info (12134): Parameter "port_scanread" = "PORT_UNUSED"
    Info (12134): Parameter "port_scanwrite" = "PORT_UNUSED"
    Info (12134): Parameter "port_clk0" = "PORT_USED"
    Info (12134): Parameter "port_clk1" = "PORT_USED"
    Info (12134): Parameter "port_clk2" = "PORT_UNUSED"
    Info (12134): Parameter "port_clk3" = "PORT_UNUSED"
    Info (12134): Parameter "port_clk4" = "PORT_UNUSED"
    Info (12134): Parameter "port_clk5" = "PORT_UNUSED"
    Info (12134): Parameter "port_clkena0" = "PORT_UNUSED"
    Info (12134): Parameter "port_clkena1" = "PORT_UNUSED"
    Info (12134): Parameter "port_clkena2" = "PORT_UNUSED"
    Info (12134): Parameter "port_clkena3" = "PORT_UNUSED"
    Info (12134): Parameter "port_clkena4" = "PORT_UNUSED"
    Info (12134): Parameter "port_clkena5" = "PORT_UNUSED"
    Info (12134): Parameter "port_extclk0" = "PORT_UNUSED"
    Info (12134): Parameter "port_extclk1" = "PORT_UNUSED"
    Info (12134): Parameter "port_extclk2" = "PORT_UNUSED"
    Info (12134): Parameter "port_extclk3" = "PORT_UNUSED"
    Info (12134): Parameter "width_clock" = "5"
Info (12021): Found 1 design units, including 1 entities, in source file db/masterclock_altpll.v
    Info (12023): Found entity 1: Masterclock_altpll
Info (12128): Elaborating entity "Masterclock_altpll" for hierarchy "Masterclock:inst1|altpll:altpll_component|Masterclock_altpll:auto_generated"
Info (12128): Elaborating entity "Data_for_register_1" for hierarchy "Data_for_register_1:inst"
Warning (10540): VHDL Signal Declaration warning at Data_for_register_1.vhd(21): used explicit default value for signal "phase_index" because signal was never assigned a value
Warning (12162): EDA synthesis tool is specified as "Custom", but Library Mapping File is not specified
Warning (12163): EDA synthesis tool is specified as "Custom", but VCC is not specified
Warning (12164): EDA synthesis tool is specified as "Custom", but GND is not specified
Info (286030): Timing-Driven Synthesis is running
Info (16010): Generating hard_block partition "hard_block:auto_generated_inst"
    Info (16011): Adding 1 node(s), including 0 DDIO, 1 PLL, 0 transceiver and 0 LCELL
Info (21057): Implemented 32 device resources after synthesis - the final resource count might be different
    Info (21058): Implemented 1 input pins
    Info (21059): Implemented 3 output pins
    Info (21061): Implemented 27 logic cells
    Info (21065): Implemented 1 PLLs
Info: Quartus II 64-Bit Analysis & Synthesis was successful. 0 errors, 7 warnings
    Info: Peak virtual memory: 4694 megabytes
    Info: Processing ended: Fri Aug 02 22:17:43 2024
    Info: Elapsed time: 00:00:03
    Info: Total CPU time (on all processors): 00:00:01


